,region,epi_week,date,new_confirmed,new_deceased,cumulative_confirmed,cumulative_deceased,population
0,East Midlands,202015,2020-04-08 00:00:00,766.0,249.0,4313.0,836.0,4811065
1,East Midlands,202016,2020-04-12 00:00:00,1528.0,374.0,5841.0,1210.0,4811065
2,East Midlands,202017,2020-04-19 00:00:00,1807.0,327.0,7648.0,1537.0,4811065
3,East Midlands,202018,2020-04-26 00:00:00,2000.0,300.0,9648.0,1837.0,4811065
4,East Midlands,202019,2020-05-03 00:00:00,1779.0,254.0,11427.0,2091.0,4811065
5,East Midlands,202020,2020-05-10 00:00:00,1869.0,174.0,13296.0,2265.0,4811065
6,East Midlands,202021,2020-05-17 00:00:00,1723.0,163.0,15019.0,2428.0,4811065
7,East Midlands,202022,2020-05-24 00:00:00,1200.0,123.0,16219.0,2551.0,4811065
8,East Midlands,202023,2020-05-31 00:00:00,1161.0,101.0,17380.0,2652.0,4811065
9,East Midlands,202024,2020-06-07 00:00:00,1137.0,87.0,18517.0,2739.0,4811065
10,East Midlands,202025,2020-06-14 00:00:00,1100.0,65.0,19617.0,2804.0,4811065
11,East Midlands,202026,2020-06-21 00:00:00,985.0,56.0,20602.0,2860.0,4811065
12,East Midlands,202027,2020-06-28 00:00:00,759.0,25.0,21361.0,2885.0,4811065
13,East Midlands,202028,2020-07-05 00:00:00,779.0,20.0,22140.0,2905.0,4811065
14,East Midlands,202029,2020-07-12 00:00:00,593.0,16.0,22733.0,2921.0,4811065
15,East Midlands,202030,2020-07-19 00:00:00,510.0,13.0,23243.0,2934.0,4811065
16,East Midlands,202031,2020-07-26 00:00:00,578.0,8.0,23821.0,2942.0,4811065
17,East Midlands,202032,2020-08-02 00:00:00,659.0,6.0,24480.0,2948.0,4811065
18,East Midlands,202033,2020-08-09 00:00:00,841.0,6.0,25321.0,2954.0,4811065
19,East Midlands,202034,2020-08-16 00:00:00,635.0,3.0,25956.0,2957.0,4811065
20,East Midlands,202035,2020-08-23 00:00:00,544.0,3.0,26500.0,2960.0,4811065
21,East Midlands,202036,2020-08-30 00:00:00,1157.0,8.0,27657.0,2968.0,4811065
22,East Midlands,202037,2020-09-06 00:00:00,1642.0,8.0,29299.0,2976.0,4811065
23,East Midlands,202038,2020-09-13 00:00:00,1554.0,7.0,30853.0,2983.0,4811065
24,East Midlands,202039,2020-09-20 00:00:00,2112.0,14.0,32965.0,2997.0,4811065
25,East Midlands,202040,2020-09-27 00:00:00,5769.0,20.0,38734.0,3017.0,4811065
26,East Midlands,202041,2020-10-04 00:00:00,10569.0,24.0,49303.0,3041.0,4811065
27,East Midlands,202042,2020-10-11 00:00:00,10301.0,73.0,59604.0,3114.0,4811065
28,East Midlands,202043,2020-10-18 00:00:00,13271.0,110.0,72875.0,3224.0,4811065
29,East Midlands,202044,2020-10-25 00:00:00,13862.0,175.0,86737.0,3399.0,4811065
30,East Midlands,202045,2020-11-01 00:00:00,15467.0,226.0,102204.0,3625.0,4811065
31,East Midlands,202046,2020-11-08 00:00:00,16571.0,293.0,118775.0,3918.0,4811065
32,East Midlands,202047,2020-11-15 00:00:00,12154.0,333.0,130929.0,4251.0,4811065
33,East Midlands,202048,2020-11-22 00:00:00,8716.0,363.0,139645.0,4614.0,4811065
34,East Midlands,202049,2020-11-29 00:00:00,8040.0,344.0,147685.0,4958.0,4811065
35,East Midlands,202050,2020-12-06 00:00:00,9316.0,316.0,157001.0,5274.0,4811065
36,East Midlands,202051,2020-12-13 00:00:00,11382.0,334.0,168383.0,5608.0,4811065
37,East Midlands,202052,2020-12-20 00:00:00,12339.0,321.0,180722.0,5929.0,4811065
38,East Midlands,202053,2020-12-27 00:00:00,20909.0,334.0,201631.0,6263.0,4811065
39,East Midlands,202101,2021-01-03 00:00:00,22631.0,416.0,224262.0,6679.0,4811065
40,East Midlands,202102,2021-01-10 00:00:00,19861.0,593.0,244123.0,7272.0,4811065
41,East Midlands,202103,2021-01-17 00:00:00,18348.0,603.0,262471.0,7875.0,4811065
42,East Midlands,202104,2021-01-24 00:00:00,13724.0,583.0,276195.0,8458.0,4811065
43,East Midlands,202105,2021-01-31 00:00:00,11626.0,480.0,287821.0,8938.0,4811065
44,East Midlands,202106,2021-02-07 00:00:00,9270.0,370.0,297091.0,9308.0,4811065
45,East Midlands,202107,2021-02-14 00:00:00,8594.0,297.0,305685.0,9605.0,4811065
46,East Midlands,202108,2021-02-21 00:00:00,6612.0,169.0,312297.0,9774.0,4811065
47,East Midlands,202109,2021-02-28 00:00:00,4339.0,132.0,316636.0,9906.0,4811065
48,East Midlands,202110,2021-03-07 00:00:00,3905.0,114.0,320541.0,10020.0,4811065
49,East Midlands,202111,2021-03-14 00:00:00,3728.0,56.0,324269.0,10076.0,4811065
50,East Midlands,202112,2021-03-21 00:00:00,3576.0,59.0,327845.0,10135.0,4811065
51,East Midlands,202113,2021-03-28 00:00:00,2498.0,20.0,330343.0,10155.0,4811065
52,East Midlands,202114,2021-04-04 00:00:00,1880.0,24.0,332223.0,10179.0,4811065
53,East Midlands,202115,2021-04-11 00:00:00,1406.0,11.0,333629.0,10190.0,4811065
54,East Midlands,202116,2021-04-18 00:00:00,1276.0,14.0,334905.0,10204.0,4811065
55,East Midlands,202117,2021-04-25 00:00:00,1092.0,5.0,335997.0,10209.0,4811065
56,East Midlands,202118,2021-05-02 00:00:00,1412.0,3.0,337409.0,10212.0,4811065
57,East Midlands,202119,2021-05-09 00:00:00,1166.0,5.0,338575.0,10217.0,4811065
58,East Midlands,202120,2021-05-16 00:00:00,1074.0,8.0,339649.0,10225.0,4811065
59,East Midlands,202121,2021-05-23 00:00:00,1266.0,6.0,340915.0,10231.0,4811065
60,East Midlands,202122,2021-05-30 00:00:00,1635.0,8.0,342550.0,10239.0,4811065
61,East Midlands,202123,2021-06-06 00:00:00,2539.0,3.0,345089.0,10242.0,4811065
62,East Midlands,202124,2021-06-13 00:00:00,3473.0,7.0,348562.0,10249.0,4811065
63,East Midlands,202125,2021-06-20 00:00:00,5744.0,4.0,354306.0,10253.0,4811065
64,East Midlands,202126,2021-06-27 00:00:00,10621.0,10.0,364927.0,10263.0,4811065
65,East Midlands,202127,2021-07-04 00:00:00,15520.0,13.0,380447.0,10276.0,4811065
66,East Midlands,202128,2021-07-11 00:00:00,24737.0,15.0,405184.0,10291.0,4811065
67,East Midlands,202129,2021-07-18 00:00:00,17907.0,30.0,423091.0,10321.0,4811065
68,East Midlands,202130,2021-07-25 00:00:00,15525.0,34.0,438616.0,10355.0,4811065
69,East Midlands,202131,2021-08-01 00:00:00,16950.0,46.0,455566.0,10401.0,4811065
70,East Midlands,202132,2021-08-08 00:00:00,17301.0,45.0,472867.0,10446.0,4811065
71,East Midlands,202133,2021-08-15 00:00:00,18199.0,58.0,491066.0,10504.0,4811065
72,East Midlands,202134,2021-08-22 00:00:00,17948.0,68.0,509014.0,10572.0,4811065
73,East Midlands,202135,2021-08-29 00:00:00,18616.0,77.0,527630.0,10649.0,4811065
74,East Midlands,202136,2021-09-05 00:00:00,18003.0,83.0,545633.0,10732.0,4811065
75,East Midlands,202137,2021-09-12 00:00:00,16838.0,65.0,562471.0,10797.0,4811065
76,East Midlands,202138,2021-09-19 00:00:00,22538.0,80.0,585009.0,10877.0,4811065
77,East Midlands,202139,2021-09-26 00:00:00,21808.0,65.0,606817.0,10942.0,4811065
78,East Midlands,202140,2021-10-03 00:00:00,24530.0,59.0,631347.0,11001.0,4811065
79,East Midlands,202141,2021-10-10 00:00:00,25233.0,70.0,656580.0,11071.0,4811065
80,East Midlands,202142,2021-10-17 00:00:00,23202.0,78.0,679782.0,11149.0,4811065
81,East Midlands,202143,2021-10-24 00:00:00,20809.0,79.0,700591.0,11228.0,4811065
82,East Midlands,202144,2021-10-31 00:00:00,17654.0,83.0,718245.0,11311.0,4811065
83,East Midlands,202145,2021-11-07 00:00:00,20970.0,80.0,739215.0,11391.0,4811065
84,East Midlands,202146,2021-11-14 00:00:00,22350.0,95.0,761565.0,11486.0,4811065
85,East Midlands,202147,2021-11-21 00:00:00,22294.0,73.0,783859.0,11559.0,4811065
86,East Midlands,202148,2021-11-28 00:00:00,25473.0,87.0,809332.0,11646.0,4811065
87,East Midlands,202149,2021-12-05 00:00:00,26179.0,72.0,835511.0,11718.0,4811065
88,East Midlands,202150,2021-12-12 00:00:00,40217.0,81.0,875728.0,11799.0,4811065
89,East Midlands,202151,2021-12-19 00:00:00,58991.0,66.0,934719.0,11865.0,4811065
90,East Midlands,202152,2021-12-26 00:00:00,94973.0,98.0,1029692.0,11963.0,4811065
91,East Midlands,202201,2022-01-02 00:00:00,92491.0,120.0,1122183.0,12083.0,4811065
92,East Midlands,202202,2022-01-09 00:00:00,51502.0,149.0,1173685.0,12232.0,4811065
93,East Midlands,202203,2022-01-16 00:00:00,53422.0,151.0,1227107.0,12383.0,4811065
94,East Midlands,202204,2022-01-23 00:00:00,51251.0,147.0,1278358.0,12530.0,4811065
95,East Midlands,202205,2022-01-30 00:00:00,39416.0,160.0,1317774.0,12690.0,4811065
96,East Midlands,202206,2022-02-06 00:00:00,26233.0,104.0,1344007.0,12794.0,4811065
97,East Midlands,202207,2022-02-13 00:00:00,18838.0,96.0,1362845.0,12890.0,4811065
98,East Midlands,202208,2022-02-20 00:00:00,13878.0,86.0,1376723.0,12976.0,4811065
99,East Midlands,202209,2022-02-27 00:00:00,16608.0,65.0,1393331.0,13041.0,4811065
100,East Midlands,202210,2022-03-06 00:00:00,28020.0,82.0,1421351.0,13123.0,4811065
101,East Midlands,202211,2022-03-13 00:00:00,36966.0,83.0,1458317.0,13206.0,4811065
102,East Midlands,202212,2022-03-20 00:00:00,40318.0,101.0,1498635.0,13307.0,4811065
103,East Midlands,202213,2022-03-27 00:00:00,32137.0,130.0,1530772.0,13437.0,4811065
104,East Midlands,202214,2022-04-03 00:00:00,20621.0,147.0,1551393.0,13584.0,4811065
105,East Midlands,202215,2022-04-10 00:00:00,14519.0,164.0,1565912.0,13748.0,4811065
106,East Midlands,202216,2022-04-17 00:00:00,9478.0,118.0,1575390.0,13866.0,4811065
107,East Midlands,202217,2022-04-24 00:00:00,5961.0,93.0,1581351.0,13959.0,4811065
108,East Midlands,202218,2022-05-01 00:00:00,5201.0,89.0,1586552.0,14048.0,4811065
109,East Midlands,202219,2022-05-08 00:00:00,4038.0,75.0,1590590.0,14123.0,4811065
110,East Midlands,202220,2022-05-15 00:00:00,3330.0,42.0,1593920.0,14165.0,4811065
111,East Midlands,202221,2022-05-22 00:00:00,2607.0,41.0,1596527.0,14206.0,4811065
112,East Midlands,202222,2022-05-29 00:00:00,2798.0,24.0,1599325.0,14230.0,4811065
113,East Midlands,202223,2022-06-05 00:00:00,4953.0,17.0,1604278.0,14247.0,4811065
114,East Midlands,202224,2022-06-12 00:00:00,6546.0,30.0,1610824.0,14277.0,4811065
115,East Midlands,202225,2022-06-19 00:00:00,8768.0,38.0,1619592.0,14315.0,4811065
116,East Midlands,202226,2022-06-26 00:00:00,11492.0,56.0,1631084.0,14371.0,4811065
117,East Midlands,202227,2022-07-03 00:00:00,13749.0,92.0,1644833.0,14463.0,4811065
118,East Midlands,202228,2022-07-10 00:00:00,11878.0,91.0,1656711.0,14554.0,4811065
119,East Midlands,202229,2022-07-17 00:00:00,7932.0,150.0,1664643.0,14704.0,4811065
120,East Midlands,202230,2022-07-24 00:00:00,5706.0,96.0,1670349.0,14800.0,4811065
121,East Midlands,202231,2022-07-31 00:00:00,4359.0,93.0,1674708.0,14893.0,4811065
122,East Midlands,202232,2022-08-07 00:00:00,3705.0,75.0,1678413.0,14968.0,4811065
123,East Midlands,202233,2022-08-14 00:00:00,2632.0,68.0,1681045.0,15036.0,4811065
124,East Midlands,202234,2022-08-21 00:00:00,2253.0,69.0,1683298.0,15105.0,4811065
125,East Midlands,202235,2022-08-28 00:00:00,2497.0,44.0,1685795.0,15149.0,4811065
126,East Midlands,202236,2022-09-04 00:00:00,2374.0,31.0,1688169.0,15180.0,4811065
127,East Midlands,202237,2022-09-11 00:00:00,852.0,4.0,1689021.0,15184.0,4811065
128,East of England,202015,2020-04-08 00:00:00,1322.0,385.0,6301.0,1344.0,6235410
129,East of England,202016,2020-04-12 00:00:00,2166.0,591.0,8467.0,1935.0,6235410
130,East of England,202017,2020-04-19 00:00:00,2883.0,501.0,11350.0,2436.0,6235410
131,East of England,202018,2020-04-26 00:00:00,3029.0,415.0,14379.0,2851.0,6235410
132,East of England,202019,2020-05-03 00:00:00,2260.0,314.0,16639.0,3165.0,6235410
133,East of England,202020,2020-05-10 00:00:00,1851.0,226.0,18490.0,3391.0,6235410
134,East of England,202021,2020-05-17 00:00:00,1522.0,205.0,20012.0,3596.0,6235410
135,East of England,202022,2020-05-24 00:00:00,958.0,162.0,20970.0,3758.0,6235410
136,East of England,202023,2020-05-31 00:00:00,753.0,100.0,21723.0,3858.0,6235410
137,East of England,202024,2020-06-07 00:00:00,620.0,63.0,22343.0,3921.0,6235410
138,East of England,202025,2020-06-14 00:00:00,558.0,50.0,22901.0,3971.0,6235410
139,East of England,202026,2020-06-21 00:00:00,352.0,42.0,23253.0,4013.0,6235410
140,East of England,202027,2020-06-28 00:00:00,311.0,37.0,23564.0,4050.0,6235410
141,East of England,202028,2020-07-05 00:00:00,359.0,29.0,23923.0,4079.0,6235410
142,East of England,202029,2020-07-12 00:00:00,377.0,16.0,24300.0,4095.0,6235410
143,East of England,202030,2020-07-19 00:00:00,384.0,11.0,24684.0,4106.0,6235410
144,East of England,202031,2020-07-26 00:00:00,331.0,7.0,25015.0,4113.0,6235410
145,East of England,202032,2020-08-02 00:00:00,384.0,2.0,25399.0,4115.0,6235410
146,East of England,202033,2020-08-09 00:00:00,370.0,5.0,25769.0,4120.0,6235410
147,East of England,202034,2020-08-16 00:00:00,416.0,5.0,26185.0,4125.0,6235410
148,East of England,202035,2020-08-23 00:00:00,655.0,5.0,26840.0,4130.0,6235410
149,East of England,202036,2020-08-30 00:00:00,876.0,4.0,27716.0,4134.0,6235410
150,East of England,202037,2020-09-06 00:00:00,918.0,1.0,28634.0,4135.0,6235410
151,East of England,202038,2020-09-13 00:00:00,1004.0,4.0,29638.0,4139.0,6235410
152,East of England,202039,2020-09-20 00:00:00,1358.0,11.0,30996.0,4150.0,6235410
153,East of England,202040,2020-09-27 00:00:00,2374.0,16.0,33370.0,4166.0,6235410
154,East of England,202041,2020-10-04 00:00:00,3508.0,25.0,36878.0,4191.0,6235410
155,East of England,202042,2020-10-11 00:00:00,4535.0,29.0,41413.0,4220.0,6235410
156,East of England,202043,2020-10-18 00:00:00,6410.0,66.0,47823.0,4286.0,6235410
157,East of England,202044,2020-10-25 00:00:00,6419.0,106.0,54242.0,4392.0,6235410
158,East of England,202045,2020-11-01 00:00:00,7522.0,121.0,61764.0,4513.0,6235410
159,East of England,202046,2020-11-08 00:00:00,9801.0,153.0,71565.0,4666.0,6235410
160,East of England,202047,2020-11-15 00:00:00,8230.0,141.0,79795.0,4807.0,6235410
161,East of England,202048,2020-11-22 00:00:00,7339.0,176.0,87134.0,4983.0,6235410
162,East of England,202049,2020-11-29 00:00:00,9036.0,183.0,96170.0,5166.0,6235410
163,East of England,202050,2020-12-06 00:00:00,15268.0,244.0,111438.0,5410.0,6235410
164,East of England,202051,2020-12-13 00:00:00,29817.0,324.0,141255.0,5734.0,6235410
165,East of England,202052,2020-12-20 00:00:00,35953.0,499.0,177208.0,6233.0,6235410
166,East of England,202053,2020-12-27 00:00:00,51051.0,643.0,228259.0,6876.0,6235410
167,East of England,202101,2021-01-03 00:00:00,45336.0,948.0,273595.0,7824.0,6235410
168,East of England,202102,2021-01-10 00:00:00,32777.0,1247.0,306372.0,9071.0,6235410
169,East of England,202103,2021-01-17 00:00:00,24617.0,1285.0,330989.0,10356.0,6235410
170,East of England,202104,2021-01-24 00:00:00,16948.0,1022.0,347937.0,11378.0,6235410
171,East of England,202105,2021-01-31 00:00:00,11895.0,726.0,359832.0,12104.0,6235410
172,East of England,202106,2021-02-07 00:00:00,7614.0,491.0,367446.0,12595.0,6235410
173,East of England,202107,2021-02-14 00:00:00,6185.0,351.0,373631.0,12946.0,6235410
174,East of England,202108,2021-02-21 00:00:00,4494.0,191.0,378125.0,13137.0,6235410
175,East of England,202109,2021-02-28 00:00:00,3070.0,116.0,381195.0,13253.0,6235410
176,East of England,202110,2021-03-07 00:00:00,2770.0,76.0,383965.0,13329.0,6235410
177,East of England,202111,2021-03-14 00:00:00,2659.0,46.0,386624.0,13375.0,6235410
178,East of England,202112,2021-03-21 00:00:00,2705.0,30.0,389329.0,13405.0,6235410
179,East of England,202113,2021-03-28 00:00:00,1789.0,22.0,391118.0,13427.0,6235410
180,East of England,202114,2021-04-04 00:00:00,1442.0,11.0,392560.0,13438.0,6235410
181,East of England,202115,2021-04-11 00:00:00,1271.0,12.0,393831.0,13450.0,6235410
182,East of England,202116,2021-04-18 00:00:00,1324.0,7.0,395155.0,13457.0,6235410
183,East of England,202117,2021-04-25 00:00:00,1165.0,14.0,396320.0,13471.0,6235410
184,East of England,202118,2021-05-02 00:00:00,1105.0,8.0,397425.0,13479.0,6235410
185,East of England,202119,2021-05-09 00:00:00,1166.0,5.0,398591.0,13484.0,6235410
186,East of England,202120,2021-05-16 00:00:00,1218.0,4.0,399809.0,13488.0,6235410
187,East of England,202121,2021-05-23 00:00:00,1350.0,4.0,401159.0,13492.0,6235410
188,East of England,202122,2021-05-30 00:00:00,1663.0,6.0,402822.0,13498.0,6235410
189,East of England,202123,2021-06-06 00:00:00,2299.0,5.0,405121.0,13503.0,6235410
190,East of England,202124,2021-06-13 00:00:00,2921.0,4.0,408042.0,13507.0,6235410
191,East of England,202125,2021-06-20 00:00:00,5069.0,5.0,413111.0,13512.0,6235410
192,East of England,202126,2021-06-27 00:00:00,10143.0,2.0,423254.0,13514.0,6235410
193,East of England,202127,2021-07-04 00:00:00,15543.0,13.0,438797.0,13527.0,6235410
194,East of England,202128,2021-07-11 00:00:00,27804.0,11.0,466601.0,13538.0,6235410
195,East of England,202129,2021-07-18 00:00:00,20822.0,31.0,487423.0,13569.0,6235410
196,East of England,202130,2021-07-25 00:00:00,15944.0,33.0,503367.0,13602.0,6235410
197,East of England,202131,2021-08-01 00:00:00,16828.0,35.0,520195.0,13637.0,6235410
198,East of England,202132,2021-08-08 00:00:00,17186.0,52.0,537381.0,13689.0,6235410
199,East of England,202133,2021-08-15 00:00:00,17915.0,63.0,555296.0,13752.0,6235410
200,East of England,202134,2021-08-22 00:00:00,17253.0,61.0,572549.0,13813.0,6235410
201,East of England,202135,2021-08-29 00:00:00,19147.0,78.0,591696.0,13891.0,6235410
202,East of England,202136,2021-09-05 00:00:00,17446.0,77.0,609142.0,13968.0,6235410
203,East of England,202137,2021-09-12 00:00:00,15814.0,81.0,624956.0,14049.0,6235410
204,East of England,202138,2021-09-19 00:00:00,20300.0,64.0,645256.0,14113.0,6235410
205,East of England,202139,2021-09-26 00:00:00,21441.0,37.0,666697.0,14150.0,6235410
206,East of England,202140,2021-10-03 00:00:00,25533.0,49.0,692230.0,14199.0,6235410
207,East of England,202141,2021-10-10 00:00:00,30768.0,52.0,722998.0,14251.0,6235410
208,East of England,202142,2021-10-17 00:00:00,33583.0,80.0,756581.0,14331.0,6235410
209,East of England,202143,2021-10-24 00:00:00,28661.0,115.0,785242.0,14446.0,6235410
210,East of England,202144,2021-10-31 00:00:00,23503.0,91.0,808745.0,14537.0,6235410
211,East of England,202145,2021-11-07 00:00:00,25905.0,85.0,834650.0,14622.0,6235410
212,East of England,202146,2021-11-14 00:00:00,29094.0,88.0,863744.0,14710.0,6235410
213,East of England,202147,2021-11-21 00:00:00,30508.0,84.0,894252.0,14794.0,6235410
214,East of England,202148,2021-11-28 00:00:00,35788.0,79.0,930040.0,14873.0,6235410
215,East of England,202149,2021-12-05 00:00:00,39002.0,64.0,969042.0,14937.0,6235410
216,East of England,202150,2021-12-12 00:00:00,68925.0,68.0,1037967.0,15005.0,6235410
217,East of England,202151,2021-12-19 00:00:00,93023.0,84.0,1130990.0,15089.0,6235410
218,East of England,202152,2021-12-26 00:00:00,116433.0,95.0,1247423.0,15184.0,6235410
219,East of England,202201,2022-01-02 00:00:00,102264.0,153.0,1349687.0,15337.0,6235410
220,East of England,202202,2022-01-09 00:00:00,61263.0,184.0,1410950.0,15521.0,6235410
221,East of England,202203,2022-01-16 00:00:00,73686.0,176.0,1484636.0,15697.0,6235410
222,East of England,202204,2022-01-23 00:00:00,73484.0,170.0,1558120.0,15867.0,6235410
223,East of England,202205,2022-01-30 00:00:00,59222.0,150.0,1617342.0,16017.0,6235410
224,East of England,202206,2022-02-06 00:00:00,40072.0,130.0,1657414.0,16147.0,6235410
225,East of England,202207,2022-02-13 00:00:00,30108.0,108.0,1687522.0,16255.0,6235410
226,East of England,202208,2022-02-20 00:00:00,22966.0,95.0,1710488.0,16350.0,6235410
227,East of England,202209,2022-02-27 00:00:00,27968.0,117.0,1738456.0,16467.0,6235410
228,East of England,202210,2022-03-06 00:00:00,48689.0,100.0,1787145.0,16567.0,6235410
229,East of England,202211,2022-03-13 00:00:00,62701.0,127.0,1849846.0,16694.0,6235410
230,East of England,202212,2022-03-20 00:00:00,60783.0,155.0,1910629.0,16849.0,6235410
231,East of England,202213,2022-03-27 00:00:00,45718.0,199.0,1956347.0,17048.0,6235410
232,East of England,202214,2022-04-03 00:00:00,27984.0,194.0,1984331.0,17242.0,6235410
233,East of England,202215,2022-04-10 00:00:00,19303.0,167.0,2003634.0,17409.0,6235410
234,East of England,202216,2022-04-17 00:00:00,13257.0,159.0,2016891.0,17568.0,6235410
235,East of England,202217,2022-04-24 00:00:00,8303.0,136.0,2025194.0,17704.0,6235410
236,East of England,202218,2022-05-01 00:00:00,7197.0,113.0,2032391.0,17817.0,6235410
237,East of England,202219,2022-05-08 00:00:00,5529.0,77.0,2037920.0,17894.0,6235410
238,East of England,202220,2022-05-15 00:00:00,4670.0,63.0,2042590.0,17957.0,6235410
239,East of England,202221,2022-05-22 00:00:00,3873.0,45.0,2046463.0,18002.0,6235410
240,East of England,202222,2022-05-29 00:00:00,4220.0,52.0,2050683.0,18054.0,6235410
241,East of England,202223,2022-06-05 00:00:00,7108.0,43.0,2057791.0,18097.0,6235410
242,East of England,202224,2022-06-12 00:00:00,9540.0,42.0,2067331.0,18139.0,6235410
243,East of England,202225,2022-06-19 00:00:00,13515.0,53.0,2080846.0,18192.0,6235410
244,East of England,202226,2022-06-26 00:00:00,16795.0,70.0,2097641.0,18262.0,6235410
245,East of England,202227,2022-07-03 00:00:00,21314.0,105.0,2118955.0,18367.0,6235410
246,East of England,202228,2022-07-10 00:00:00,17707.0,103.0,2136662.0,18470.0,6235410
247,East of England,202229,2022-07-17 00:00:00,11035.0,146.0,2147697.0,18616.0,6235410
248,East of England,202230,2022-07-24 00:00:00,7248.0,127.0,2154945.0,18743.0,6235410
249,East of England,202231,2022-07-31 00:00:00,5479.0,84.0,2160424.0,18827.0,6235410
250,East of England,202232,2022-08-07 00:00:00,4407.0,89.0,2164831.0,18916.0,6235410
251,East of England,202233,2022-08-14 00:00:00,3450.0,72.0,2168281.0,18988.0,6235410
252,East of England,202234,2022-08-21 00:00:00,2763.0,56.0,2171044.0,19044.0,6235410
253,East of England,202235,2022-08-28 00:00:00,2935.0,54.0,2173979.0,19098.0,6235410
254,East of England,202236,2022-09-04 00:00:00,2666.0,26.0,2176645.0,19124.0,6235410
255,East of England,202237,2022-09-11 00:00:00,934.0,5.0,2177579.0,19129.0,6235410
256,London Region,202015,2020-04-08 00:00:00,2798.0,770.0,19137.0,3560.0,8982256
257,London Region,202016,2020-04-12 00:00:00,3912.0,995.0,23049.0,4555.0,8982256
258,London Region,202017,2020-04-19 00:00:00,2912.0,640.0,25961.0,5195.0,8982256
259,London Region,202018,2020-04-26 00:00:00,2500.0,366.0,28461.0,5561.0,8982256
260,London Region,202019,2020-05-03 00:00:00,1507.0,240.0,29968.0,5801.0,8982256
261,London Region,202020,2020-05-10 00:00:00,1042.0,122.0,31010.0,5923.0,8982256
262,London Region,202021,2020-05-17 00:00:00,768.0,89.0,31778.0,6012.0,8982256
263,London Region,202022,2020-05-24 00:00:00,425.0,55.0,32203.0,6067.0,8982256
264,London Region,202023,2020-05-31 00:00:00,364.0,34.0,32567.0,6101.0,8982256
265,London Region,202024,2020-06-07 00:00:00,361.0,32.0,32928.0,6133.0,8982256
266,London Region,202025,2020-06-14 00:00:00,273.0,11.0,33201.0,6144.0,8982256
267,London Region,202026,2020-06-21 00:00:00,313.0,10.0,33514.0,6154.0,8982256
268,London Region,202027,2020-06-28 00:00:00,289.0,8.0,33803.0,6162.0,8982256
269,London Region,202028,2020-07-05 00:00:00,339.0,15.0,34142.0,6177.0,8982256
270,London Region,202029,2020-07-12 00:00:00,428.0,5.0,34570.0,6182.0,8982256
271,London Region,202030,2020-07-19 00:00:00,521.0,2.0,35091.0,6184.0,8982256
272,London Region,202031,2020-07-26 00:00:00,608.0,6.0,35699.0,6190.0,8982256
273,London Region,202032,2020-08-02 00:00:00,680.0,2.0,36379.0,6192.0,8982256
274,London Region,202033,2020-08-09 00:00:00,894.0,4.0,37273.0,6196.0,8982256
275,London Region,202034,2020-08-16 00:00:00,1114.0,5.0,38387.0,6201.0,8982256
276,London Region,202035,2020-08-23 00:00:00,1268.0,1.0,39655.0,6202.0,8982256
277,London Region,202036,2020-08-30 00:00:00,1986.0,3.0,41641.0,6205.0,8982256
278,London Region,202037,2020-09-06 00:00:00,2335.0,7.0,43976.0,6212.0,8982256
279,London Region,202038,2020-09-13 00:00:00,2038.0,11.0,46014.0,6223.0,8982256
280,London Region,202039,2020-09-20 00:00:00,3793.0,26.0,49807.0,6249.0,8982256
281,London Region,202040,2020-09-27 00:00:00,5906.0,32.0,55713.0,6281.0,8982256
282,London Region,202041,2020-10-04 00:00:00,8449.0,41.0,64162.0,6322.0,8982256
283,London Region,202042,2020-10-11 00:00:00,9955.0,42.0,74117.0,6364.0,8982256
284,London Region,202043,2020-10-18 00:00:00,14080.0,74.0,88197.0,6438.0,8982256
285,London Region,202044,2020-10-25 00:00:00,13299.0,92.0,101496.0,6530.0,8982256
286,London Region,202045,2020-11-01 00:00:00,14364.0,119.0,115860.0,6649.0,8982256
287,London Region,202046,2020-11-08 00:00:00,18251.0,129.0,134111.0,6778.0,8982256
288,London Region,202047,2020-11-15 00:00:00,15910.0,175.0,150021.0,6953.0,8982256
289,London Region,202048,2020-11-22 00:00:00,14362.0,199.0,164383.0,7152.0,8982256
290,London Region,202049,2020-11-29 00:00:00,17446.0,220.0,181829.0,7372.0,8982256
291,London Region,202050,2020-12-06 00:00:00,29782.0,223.0,211611.0,7595.0,8982256
292,London Region,202051,2020-12-13 00:00:00,61756.0,293.0,273367.0,7888.0,8982256
293,London Region,202052,2020-12-20 00:00:00,74766.0,510.0,348133.0,8398.0,8982256
294,London Region,202053,2020-12-27 00:00:00,95664.0,856.0,443797.0,9254.0,8982256
295,London Region,202101,2021-01-03 00:00:00,91913.0,1179.0,535710.0,10433.0,8982256
296,London Region,202102,2021-01-10 00:00:00,62943.0,1353.0,598653.0,11786.0,8982256
297,London Region,202103,2021-01-17 00:00:00,43572.0,1308.0,642225.0,13094.0,8982256
298,London Region,202104,2021-01-24 00:00:00,27095.0,896.0,669320.0,13990.0,8982256
299,London Region,202105,2021-01-31 00:00:00,17778.0,636.0,687098.0,14626.0,8982256
300,London Region,202106,2021-02-07 00:00:00,10219.0,380.0,697317.0,15006.0,8982256
301,London Region,202107,2021-02-14 00:00:00,7729.0,264.0,705046.0,15270.0,8982256
302,London Region,202108,2021-02-21 00:00:00,5363.0,146.0,710409.0,15416.0,8982256
303,London Region,202109,2021-02-28 00:00:00,3814.0,91.0,714223.0,15507.0,8982256
304,London Region,202110,2021-03-07 00:00:00,3550.0,52.0,717773.0,15559.0,8982256
305,London Region,202111,2021-03-14 00:00:00,3312.0,33.0,721085.0,15592.0,8982256
306,London Region,202112,2021-03-21 00:00:00,3407.0,28.0,724492.0,15620.0,8982256
307,London Region,202113,2021-03-28 00:00:00,2557.0,16.0,727049.0,15636.0,8982256
308,London Region,202114,2021-04-04 00:00:00,2213.0,11.0,729262.0,15647.0,8982256
309,London Region,202115,2021-04-11 00:00:00,2147.0,10.0,731409.0,15657.0,8982256
310,London Region,202116,2021-04-18 00:00:00,2380.0,10.0,733789.0,15667.0,8982256
311,London Region,202117,2021-04-25 00:00:00,1842.0,14.0,735631.0,15681.0,8982256
312,London Region,202118,2021-05-02 00:00:00,1760.0,9.0,737391.0,15690.0,8982256
313,London Region,202119,2021-05-09 00:00:00,1888.0,5.0,739279.0,15695.0,8982256
314,London Region,202120,2021-05-16 00:00:00,2104.0,4.0,741383.0,15699.0,8982256
315,London Region,202121,2021-05-23 00:00:00,2906.0,9.0,744289.0,15708.0,8982256
316,London Region,202122,2021-05-30 00:00:00,4541.0,7.0,748830.0,15715.0,8982256
317,London Region,202123,2021-06-06 00:00:00,6562.0,11.0,755392.0,15726.0,8982256
318,London Region,202124,2021-06-13 00:00:00,7700.0,12.0,763092.0,15738.0,8982256
319,London Region,202125,2021-06-20 00:00:00,12122.0,10.0,775214.0,15748.0,8982256
320,London Region,202126,2021-06-27 00:00:00,19567.0,19.0,794781.0,15767.0,8982256
321,London Region,202127,2021-07-04 00:00:00,25625.0,15.0,820406.0,15782.0,8982256
322,London Region,202128,2021-07-11 00:00:00,40172.0,16.0,860578.0,15798.0,8982256
323,London Region,202129,2021-07-18 00:00:00,31972.0,51.0,892550.0,15849.0,8982256
324,London Region,202130,2021-07-25 00:00:00,24726.0,61.0,917276.0,15910.0,8982256
325,London Region,202131,2021-08-01 00:00:00,26048.0,69.0,943324.0,15979.0,8982256
326,London Region,202132,2021-08-08 00:00:00,25823.0,69.0,969147.0,16048.0,8982256
327,London Region,202133,2021-08-15 00:00:00,23845.0,87.0,992992.0,16135.0,8982256
328,London Region,202134,2021-08-22 00:00:00,22462.0,85.0,1015454.0,16220.0,8982256
329,London Region,202135,2021-08-29 00:00:00,22748.0,80.0,1038202.0,16300.0,8982256
330,London Region,202136,2021-09-05 00:00:00,20882.0,85.0,1059084.0,16385.0,8982256
331,London Region,202137,2021-09-12 00:00:00,17082.0,64.0,1076166.0,16449.0,8982256
332,London Region,202138,2021-09-19 00:00:00,18967.0,73.0,1095133.0,16522.0,8982256
333,London Region,202139,2021-09-26 00:00:00,18836.0,90.0,1113969.0,16612.0,8982256
334,London Region,202140,2021-10-03 00:00:00,20091.0,65.0,1134060.0,16677.0,8982256
335,London Region,202141,2021-10-10 00:00:00,23275.0,50.0,1157335.0,16727.0,8982256
336,London Region,202142,2021-10-17 00:00:00,27146.0,66.0,1184481.0,16793.0,8982256
337,London Region,202143,2021-10-24 00:00:00,24114.0,84.0,1208595.0,16877.0,8982256
338,London Region,202144,2021-10-31 00:00:00,22062.0,89.0,1230657.0,16966.0,8982256
339,London Region,202145,2021-11-07 00:00:00,25794.0,86.0,1256451.0,17052.0,8982256
340,London Region,202146,2021-11-14 00:00:00,29515.0,57.0,1285966.0,17109.0,8982256
341,London Region,202147,2021-11-21 00:00:00,34060.0,71.0,1320026.0,17180.0,8982256
342,London Region,202148,2021-11-28 00:00:00,43069.0,79.0,1363095.0,17259.0,8982256
343,London Region,202149,2021-12-05 00:00:00,63626.0,92.0,1426721.0,17351.0,8982256
344,London Region,202150,2021-12-12 00:00:00,177857.0,106.0,1604578.0,17457.0,8982256
345,London Region,202151,2021-12-19 00:00:00,187727.0,133.0,1792305.0,17590.0,8982256
346,London Region,202152,2021-12-26 00:00:00,177198.0,195.0,1969503.0,17785.0,8982256
347,London Region,202201,2022-01-02 00:00:00,155738.0,249.0,2125241.0,18034.0,8982256
348,London Region,202202,2022-01-09 00:00:00,87985.0,293.0,2213226.0,18327.0,8982256
349,London Region,202203,2022-01-16 00:00:00,85643.0,249.0,2298869.0,18576.0,8982256
350,London Region,202204,2022-01-23 00:00:00,82291.0,175.0,2381160.0,18751.0,8982256
351,London Region,202205,2022-01-30 00:00:00,66780.0,142.0,2447940.0,18893.0,8982256
352,London Region,202206,2022-02-06 00:00:00,48371.0,94.0,2496311.0,18987.0,8982256
353,London Region,202207,2022-02-13 00:00:00,35403.0,89.0,2531714.0,19076.0,8982256
354,London Region,202208,2022-02-20 00:00:00,28046.0,75.0,2559760.0,19151.0,8982256
355,London Region,202209,2022-02-27 00:00:00,31832.0,71.0,2591592.0,19222.0,8982256
356,London Region,202210,2022-03-06 00:00:00,47338.0,70.0,2638930.0,19292.0,8982256
357,London Region,202211,2022-03-13 00:00:00,58666.0,78.0,2697596.0,19370.0,8982256
358,London Region,202212,2022-03-20 00:00:00,60598.0,96.0,2758194.0,19466.0,8982256
359,London Region,202213,2022-03-27 00:00:00,47272.0,105.0,2805466.0,19571.0,8982256
360,London Region,202214,2022-04-03 00:00:00,27449.0,119.0,2832915.0,19690.0,8982256
361,London Region,202215,2022-04-10 00:00:00,18013.0,128.0,2850928.0,19818.0,8982256
362,London Region,202216,2022-04-17 00:00:00,13106.0,100.0,2864034.0,19918.0,8982256
363,London Region,202217,2022-04-24 00:00:00,8808.0,68.0,2872842.0,19986.0,8982256
364,London Region,202218,2022-05-01 00:00:00,8203.0,63.0,2881045.0,20049.0,8982256
365,London Region,202219,2022-05-08 00:00:00,7057.0,48.0,2888102.0,20097.0,8982256
366,London Region,202220,2022-05-15 00:00:00,6413.0,35.0,2894515.0,20132.0,8982256
367,London Region,202221,2022-05-22 00:00:00,5581.0,37.0,2900096.0,20169.0,8982256
368,London Region,202222,2022-05-29 00:00:00,6183.0,29.0,2906279.0,20198.0,8982256
369,London Region,202223,2022-06-05 00:00:00,10784.0,34.0,2917063.0,20232.0,8982256
370,London Region,202224,2022-06-12 00:00:00,13260.0,33.0,2930323.0,20265.0,8982256
371,London Region,202225,2022-06-19 00:00:00,16652.0,50.0,2946975.0,20315.0,8982256
372,London Region,202226,2022-06-26 00:00:00,21025.0,56.0,2968000.0,20371.0,8982256
373,London Region,202227,2022-07-03 00:00:00,25379.0,89.0,2993379.0,20460.0,8982256
374,London Region,202228,2022-07-10 00:00:00,20334.0,107.0,3013713.0,20567.0,8982256
375,London Region,202229,2022-07-17 00:00:00,12598.0,125.0,3026311.0,20692.0,8982256
376,London Region,202230,2022-07-24 00:00:00,8252.0,117.0,3034563.0,20809.0,8982256
377,London Region,202231,2022-07-31 00:00:00,6109.0,89.0,3040672.0,20898.0,8982256
378,London Region,202232,2022-08-07 00:00:00,4739.0,103.0,3045411.0,21001.0,8982256
379,London Region,202233,2022-08-14 00:00:00,3541.0,66.0,3048952.0,21067.0,8982256
380,London Region,202234,2022-08-21 00:00:00,2937.0,45.0,3051889.0,21112.0,8982256
381,London Region,202235,2022-08-28 00:00:00,2912.0,48.0,3054801.0,21160.0,8982256
382,London Region,202236,2022-09-05 00:00:00,2343.0,20.0,3057580.0,21184.0,8982256
383,London Region,202237,2022-09-11 00:00:00,933.0,5.0,3058513.0,21189.0,8982256
384,North East England,202015,2020-04-08 00:00:00,1115.0,200.0,4271.0,606.0,2656980
385,North East England,202016,2020-04-12 00:00:00,1935.0,277.0,6206.0,883.0,2656980
386,North East England,202017,2020-04-19 00:00:00,2110.0,274.0,8316.0,1157.0,2656980
387,North East England,202018,2020-04-26 00:00:00,2005.0,244.0,10321.0,1401.0,2656980
388,North East England,202019,2020-05-03 00:00:00,1398.0,194.0,11719.0,1595.0,2656980
389,North East England,202020,2020-05-10 00:00:00,1142.0,165.0,12861.0,1760.0,2656980
390,North East England,202021,2020-05-17 00:00:00,800.0,142.0,13661.0,1902.0,2656980
391,North East England,202022,2020-05-24 00:00:00,520.0,88.0,14181.0,1990.0,2656980
392,North East England,202023,2020-05-31 00:00:00,356.0,56.0,14537.0,2046.0,2656980
393,North East England,202024,2020-06-07 00:00:00,221.0,33.0,14758.0,2079.0,2656980
394,North East England,202025,2020-06-14 00:00:00,157.0,15.0,14915.0,2094.0,2656980
395,North East England,202026,2020-06-21 00:00:00,100.0,21.0,15015.0,2115.0,2656980
396,North East England,202027,2020-06-28 00:00:00,63.0,4.0,15078.0,2119.0,2656980
397,North East England,202028,2020-07-05 00:00:00,72.0,0.0,15150.0,2119.0,2656980
398,North East England,202029,2020-07-12 00:00:00,69.0,1.0,15219.0,2120.0,2656980
399,North East England,202030,2020-07-19 00:00:00,70.0,1.0,15289.0,2121.0,2656980
400,North East England,202031,2020-07-26 00:00:00,81.0,0.0,15370.0,2121.0,2656980
401,North East England,202032,2020-08-02 00:00:00,144.0,0.0,15514.0,2121.0,2656980
402,North East England,202033,2020-08-09 00:00:00,234.0,2.0,15748.0,2123.0,2656980
403,North East England,202034,2020-08-16 00:00:00,252.0,2.0,16000.0,2125.0,2656980
404,North East England,202035,2020-08-23 00:00:00,401.0,2.0,16401.0,2127.0,2656980
405,North East England,202036,2020-08-30 00:00:00,1025.0,1.0,17426.0,2128.0,2656980
406,North East England,202037,2020-09-06 00:00:00,1439.0,3.0,18865.0,2131.0,2656980
407,North East England,202038,2020-09-13 00:00:00,2218.0,13.0,21083.0,2144.0,2656980
408,North East England,202039,2020-09-20 00:00:00,4526.0,30.0,25609.0,2174.0,2656980
409,North East England,202040,2020-09-27 00:00:00,7284.0,55.0,32893.0,2229.0,2656980
410,North East England,202041,2020-10-04 00:00:00,8977.0,74.0,41870.0,2303.0,2656980
411,North East England,202042,2020-10-11 00:00:00,8148.0,103.0,50018.0,2406.0,2656980
412,North East England,202043,2020-10-18 00:00:00,8382.0,124.0,58400.0,2530.0,2656980
413,North East England,202044,2020-10-25 00:00:00,7817.0,143.0,66217.0,2673.0,2656980
414,North East England,202045,2020-11-01 00:00:00,9994.0,155.0,76211.0,2828.0,2656980
415,North East England,202046,2020-11-08 00:00:00,11256.0,176.0,87467.0,3004.0,2656980
416,North East England,202047,2020-11-15 00:00:00,8189.0,218.0,95656.0,3222.0,2656980
417,North East England,202048,2020-11-22 00:00:00,5184.0,206.0,100840.0,3428.0,2656980
418,North East England,202049,2020-11-29 00:00:00,4135.0,155.0,104975.0,3583.0,2656980
419,North East England,202050,2020-12-06 00:00:00,4490.0,151.0,109465.0,3734.0,2656980
420,North East England,202051,2020-12-13 00:00:00,5306.0,151.0,114771.0,3885.0,2656980
421,North East England,202052,2020-12-20 00:00:00,6179.0,173.0,120950.0,4058.0,2656980
422,North East England,202053,2020-12-27 00:00:00,11961.0,186.0,132911.0,4244.0,2656980
423,North East England,202101,2021-01-03 00:00:00,11112.0,201.0,144023.0,4445.0,2656980
424,North East England,202102,2021-01-10 00:00:00,9287.0,262.0,153310.0,4707.0,2656980
425,North East England,202103,2021-01-17 00:00:00,8107.0,269.0,161417.0,4976.0,2656980
426,North East England,202104,2021-01-24 00:00:00,6706.0,267.0,168123.0,5243.0,2656980
427,North East England,202105,2021-01-31 00:00:00,5722.0,232.0,173845.0,5475.0,2656980
428,North East England,202106,2021-02-07 00:00:00,4579.0,162.0,178424.0,5637.0,2656980
429,North East England,202107,2021-02-14 00:00:00,4001.0,136.0,182425.0,5773.0,2656980
430,North East England,202108,2021-02-21 00:00:00,2968.0,78.0,185393.0,5851.0,2656980
431,North East England,202109,2021-02-28 00:00:00,2192.0,54.0,187585.0,5905.0,2656980
432,North East England,202110,2021-03-07 00:00:00,2155.0,41.0,189740.0,5946.0,2656980
433,North East England,202111,2021-03-14 00:00:00,1910.0,15.0,191650.0,5961.0,2656980
434,North East England,202112,2021-03-21 00:00:00,1618.0,13.0,193268.0,5974.0,2656980
435,North East England,202113,2021-03-28 00:00:00,1296.0,10.0,194564.0,5984.0,2656980
436,North East England,202114,2021-04-04 00:00:00,794.0,8.0,195358.0,5992.0,2656980
437,North East England,202115,2021-04-11 00:00:00,609.0,4.0,195967.0,5996.0,2656980
438,North East England,202116,2021-04-18 00:00:00,591.0,1.0,196558.0,5997.0,2656980
439,North East England,202117,2021-04-25 00:00:00,600.0,3.0,197158.0,6000.0,2656980
440,North East England,202118,2021-05-02 00:00:00,579.0,1.0,197737.0,6001.0,2656980
441,North East England,202119,2021-05-09 00:00:00,542.0,5.0,198279.0,6006.0,2656980
442,North East England,202120,2021-05-16 00:00:00,537.0,2.0,198816.0,6008.0,2656980
443,North East England,202121,2021-05-23 00:00:00,655.0,0.0,199471.0,6008.0,2656980
444,North East England,202122,2021-05-30 00:00:00,1042.0,2.0,200513.0,6010.0,2656980
445,North East England,202123,2021-06-06 00:00:00,2395.0,1.0,202908.0,6011.0,2656980
446,North East England,202124,2021-06-13 00:00:00,4566.0,0.0,207474.0,6011.0,2656980
447,North East England,202125,2021-06-20 00:00:00,8675.0,4.0,216149.0,6015.0,2656980
448,North East England,202126,2021-06-27 00:00:00,16216.0,10.0,232365.0,6025.0,2656980
449,North East England,202127,2021-07-04 00:00:00,22614.0,18.0,254979.0,6043.0,2656980
450,North East England,202128,2021-07-11 00:00:00,26760.0,27.0,281739.0,6070.0,2656980
451,North East England,202129,2021-07-18 00:00:00,15606.0,50.0,297345.0,6120.0,2656980
452,North East England,202130,2021-07-25 00:00:00,9301.0,48.0,306646.0,6168.0,2656980
453,North East England,202131,2021-08-01 00:00:00,7948.0,65.0,314594.0,6233.0,2656980
454,North East England,202132,2021-08-08 00:00:00,7648.0,35.0,322242.0,6268.0,2656980
455,North East England,202133,2021-08-15 00:00:00,8192.0,48.0,330434.0,6316.0,2656980
456,North East England,202134,2021-08-22 00:00:00,8888.0,48.0,339322.0,6364.0,2656980
457,North East England,202135,2021-08-29 00:00:00,10196.0,39.0,349518.0,6403.0,2656980
458,North East England,202136,2021-09-05 00:00:00,10551.0,45.0,360069.0,6448.0,2656980
459,North East England,202137,2021-09-12 00:00:00,8686.0,64.0,368755.0,6512.0,2656980
460,North East England,202138,2021-09-19 00:00:00,10139.0,61.0,378894.0,6573.0,2656980
461,North East England,202139,2021-09-26 00:00:00,8747.0,53.0,387641.0,6626.0,2656980
462,North East England,202140,2021-10-03 00:00:00,10529.0,44.0,398170.0,6670.0,2656980
463,North East England,202141,2021-10-10 00:00:00,12632.0,46.0,410802.0,6716.0,2656980
464,North East England,202142,2021-10-17 00:00:00,13780.0,54.0,424582.0,6770.0,2656980
465,North East England,202143,2021-10-24 00:00:00,13390.0,53.0,437972.0,6823.0,2656980
466,North East England,202144,2021-10-31 00:00:00,11306.0,69.0,449278.0,6892.0,2656980
467,North East England,202145,2021-11-07 00:00:00,10663.0,67.0,459941.0,6959.0,2656980
468,North East England,202146,2021-11-14 00:00:00,10641.0,41.0,470582.0,7000.0,2656980
469,North East England,202147,2021-11-21 00:00:00,10082.0,36.0,480664.0,7036.0,2656980
470,North East England,202148,2021-11-28 00:00:00,10796.0,38.0,491460.0,7074.0,2656980
471,North East England,202149,2021-12-05 00:00:00,10561.0,37.0,502021.0,7111.0,2656980
472,North East England,202150,2021-12-12 00:00:00,13316.0,35.0,515337.0,7146.0,2656980
473,North East England,202151,2021-12-19 00:00:00,23046.0,42.0,538383.0,7188.0,2656980
474,North East England,202152,2021-12-26 00:00:00,56154.0,40.0,594537.0,7228.0,2656980
475,North East England,202201,2022-01-02 00:00:00,81088.0,55.0,675625.0,7283.0,2656980
476,North East England,202202,2022-01-09 00:00:00,44146.0,95.0,719771.0,7378.0,2656980
477,North East England,202203,2022-01-16 00:00:00,37846.0,130.0,757617.0,7508.0,2656980
478,North East England,202204,2022-01-23 00:00:00,27953.0,132.0,785570.0,7640.0,2656980
479,North East England,202205,2022-01-30 00:00:00,19503.0,133.0,805073.0,7773.0,2656980
480,North East England,202206,2022-02-06 00:00:00,12248.0,83.0,817321.0,7856.0,2656980
481,North East England,202207,2022-02-13 00:00:00,8889.0,70.0,826210.0,7926.0,2656980
482,North East England,202208,2022-02-20 00:00:00,5824.0,51.0,832034.0,7977.0,2656980
483,North East England,202209,2022-02-27 00:00:00,6833.0,49.0,838867.0,8026.0,2656980
484,North East England,202210,2022-03-06 00:00:00,10899.0,30.0,849766.0,8056.0,2656980
485,North East England,202211,2022-03-13 00:00:00,16751.0,24.0,866517.0,8080.0,2656980
486,North East England,202212,2022-03-20 00:00:00,21570.0,54.0,888087.0,8134.0,2656980
487,North East England,202213,2022-03-27 00:00:00,19061.0,73.0,907148.0,8207.0,2656980
488,North East England,202214,2022-04-03 00:00:00,12596.0,95.0,919744.0,8302.0,2656980
489,North East England,202215,2022-04-10 00:00:00,8770.0,86.0,928514.0,8388.0,2656980
490,North East England,202216,2022-04-17 00:00:00,6423.0,66.0,934937.0,8454.0,2656980
491,North East England,202217,2022-04-24 00:00:00,4230.0,61.0,939167.0,8515.0,2656980
492,North East England,202218,2022-05-01 00:00:00,3504.0,51.0,942671.0,8566.0,2656980
493,North East England,202219,2022-05-08 00:00:00,2720.0,42.0,945391.0,8608.0,2656980
494,North East England,202220,2022-05-15 00:00:00,2268.0,35.0,947659.0,8643.0,2656980
495,North East England,202221,2022-05-22 00:00:00,1817.0,20.0,949476.0,8663.0,2656980
496,North East England,202222,2022-05-29 00:00:00,1795.0,23.0,951271.0,8686.0,2656980
497,North East England,202223,2022-06-05 00:00:00,3299.0,24.0,954570.0,8710.0,2656980
498,North East England,202224,2022-06-12 00:00:00,4331.0,22.0,958901.0,8732.0,2656980
499,North East England,202225,2022-06-19 00:00:00,5705.0,29.0,964606.0,8761.0,2656980
500,North East England,202226,2022-06-26 00:00:00,6390.0,32.0,970996.0,8793.0,2656980
501,North East England,202227,2022-07-03 00:00:00,7240.0,41.0,978236.0,8834.0,2656980
502,North East England,202228,2022-07-10 00:00:00,6412.0,47.0,984648.0,8881.0,2656980
503,North East England,202229,2022-07-17 00:00:00,4422.0,73.0,989070.0,8954.0,2656980
504,North East England,202230,2022-07-24 00:00:00,2992.0,48.0,992062.0,9002.0,2656980
505,North East England,202231,2022-07-31 00:00:00,2508.0,56.0,994570.0,9058.0,2656980
506,North East England,202232,2022-08-07 00:00:00,1911.0,40.0,996481.0,9098.0,2656980
507,North East England,202233,2022-08-14 00:00:00,1416.0,29.0,997897.0,9127.0,2656980
508,North East England,202234,2022-08-21 00:00:00,1302.0,30.0,999199.0,9157.0,2656980
509,North East England,202235,2022-08-28 00:00:00,1239.0,29.0,1000438.0,9186.0,2656980
510,North East England,202236,2022-09-04 00:00:00,1354.0,15.0,1001792.0,9201.0,2656980
511,North East England,202237,2022-09-11 00:00:00,486.0,2.0,1002278.0,9203.0,2656980
512,North West England,202015,2020-04-08 00:00:00,2872.0,564.0,11683.0,1802.0,7300075
513,North West England,202016,2020-04-12 00:00:00,4659.0,995.0,16342.0,2797.0,7300075
514,North West England,202017,2020-04-19 00:00:00,5074.0,744.0,21416.0,3541.0,7300075
515,North West England,202018,2020-04-26 00:00:00,4472.0,592.0,25888.0,4133.0,7300075
516,North West England,202019,2020-05-03 00:00:00,3411.0,474.0,29299.0,4607.0,7300075
517,North West England,202020,2020-05-10 00:00:00,3184.0,370.0,32483.0,4977.0,7300075
518,North West England,202021,2020-05-17 00:00:00,2886.0,270.0,35369.0,5247.0,7300075
519,North West England,202022,2020-05-24 00:00:00,1990.0,230.0,37359.0,5477.0,7300075
520,North West England,202023,2020-05-31 00:00:00,1622.0,179.0,38981.0,5656.0,7300075
521,North West England,202024,2020-06-07 00:00:00,1213.0,137.0,40194.0,5793.0,7300075
522,North West England,202025,2020-06-14 00:00:00,1174.0,96.0,41368.0,5889.0,7300075
523,North West England,202026,2020-06-21 00:00:00,875.0,83.0,42243.0,5972.0,7300075
524,North West England,202027,2020-06-28 00:00:00,701.0,50.0,42944.0,6022.0,7300075
525,North West England,202028,2020-07-05 00:00:00,770.0,42.0,43714.0,6064.0,7300075
526,North West England,202029,2020-07-12 00:00:00,779.0,28.0,44493.0,6092.0,7300075
527,North West England,202030,2020-07-19 00:00:00,1109.0,21.0,45602.0,6113.0,7300075
528,North West England,202031,2020-07-26 00:00:00,1421.0,17.0,47023.0,6130.0,7300075
529,North West England,202032,2020-08-02 00:00:00,1780.0,27.0,48803.0,6157.0,7300075
530,North West England,202033,2020-08-09 00:00:00,1764.0,21.0,50567.0,6178.0,7300075
531,North West England,202034,2020-08-16 00:00:00,1489.0,15.0,52056.0,6193.0,7300075
532,North West England,202035,2020-08-23 00:00:00,1788.0,26.0,53844.0,6219.0,7300075
533,North West England,202036,2020-08-30 00:00:00,3509.0,16.0,57353.0,6235.0,7300075
534,North West England,202037,2020-09-06 00:00:00,5862.0,39.0,63215.0,6274.0,7300075
535,North West England,202038,2020-09-13 00:00:00,8594.0,43.0,71809.0,6317.0,7300075
536,North West England,202039,2020-09-20 00:00:00,13815.0,77.0,85624.0,6394.0,7300075
537,North West England,202040,2020-09-27 00:00:00,22339.0,132.0,107963.0,6526.0,7300075
538,North West England,202041,2020-10-04 00:00:00,27493.0,182.0,135456.0,6708.0,7300075
539,North West England,202042,2020-10-11 00:00:00,28468.0,297.0,163924.0,7005.0,7300075
540,North West England,202043,2020-10-18 00:00:00,33622.0,400.0,197546.0,7405.0,7300075
541,North West England,202044,2020-10-25 00:00:00,30913.0,561.0,228459.0,7966.0,7300075
542,North West England,202045,2020-11-01 00:00:00,28599.0,617.0,257058.0,8583.0,7300075
543,North West England,202046,2020-11-08 00:00:00,25178.0,614.0,282236.0,9197.0,7300075
544,North West England,202047,2020-11-15 00:00:00,16985.0,588.0,299221.0,9785.0,7300075
545,North West England,202048,2020-11-22 00:00:00,11642.0,477.0,310863.0,10262.0,7300075
546,North West England,202049,2020-11-29 00:00:00,10090.0,413.0,320953.0,10675.0,7300075
547,North West England,202050,2020-12-06 00:00:00,10837.0,393.0,331790.0,11068.0,7300075
548,North West England,202051,2020-12-13 00:00:00,13742.0,344.0,345532.0,11412.0,7300075
549,North West England,202052,2020-12-20 00:00:00,16928.0,402.0,362460.0,11814.0,7300075
550,North West England,202053,2020-12-27 00:00:00,35999.0,438.0,398459.0,12252.0,7300075
551,North West England,202101,2021-01-03 00:00:00,47224.0,590.0,445683.0,12842.0,7300075
552,North West England,202102,2021-01-10 00:00:00,39323.0,768.0,485006.0,13610.0,7300075
553,North West England,202103,2021-01-17 00:00:00,29866.0,934.0,514872.0,14544.0,7300075
554,North West England,202104,2021-01-24 00:00:00,22356.0,908.0,537228.0,15452.0,7300075
555,North West England,202105,2021-01-31 00:00:00,17721.0,740.0,554949.0,16192.0,7300075
556,North West England,202106,2021-02-07 00:00:00,13494.0,604.0,568443.0,16796.0,7300075
557,North West England,202107,2021-02-14 00:00:00,11857.0,424.0,580300.0,17220.0,7300075
558,North West England,202108,2021-02-21 00:00:00,8758.0,263.0,589058.0,17483.0,7300075
559,North West England,202109,2021-02-28 00:00:00,5741.0,179.0,594799.0,17662.0,7300075
560,North West England,202110,2021-03-07 00:00:00,5629.0,111.0,600428.0,17773.0,7300075
561,North West England,202111,2021-03-14 00:00:00,5170.0,92.0,605598.0,17865.0,7300075
562,North West England,202112,2021-03-21 00:00:00,4935.0,60.0,610533.0,17925.0,7300075
563,North West England,202113,2021-03-28 00:00:00,3270.0,37.0,613803.0,17962.0,7300075
564,North West England,202114,2021-04-04 00:00:00,2467.0,28.0,616270.0,17990.0,7300075
565,North West England,202115,2021-04-11 00:00:00,1907.0,23.0,618177.0,18013.0,7300075
566,North West England,202116,2021-04-18 00:00:00,1782.0,19.0,619959.0,18032.0,7300075
567,North West England,202117,2021-04-25 00:00:00,2013.0,12.0,621972.0,18044.0,7300075
568,North West England,202118,2021-05-02 00:00:00,2270.0,6.0,624242.0,18050.0,7300075
569,North West England,202119,2021-05-09 00:00:00,2978.0,14.0,627220.0,18064.0,7300075
570,North West England,202120,2021-05-16 00:00:00,3948.0,7.0,631168.0,18071.0,7300075
571,North West England,202121,2021-05-23 00:00:00,6410.0,16.0,637578.0,18087.0,7300075
572,North West England,202122,2021-05-30 00:00:00,10600.0,18.0,648178.0,18105.0,7300075
573,North West England,202123,2021-06-06 00:00:00,14803.0,17.0,662981.0,18122.0,7300075
574,North West England,202124,2021-06-13 00:00:00,17965.0,32.0,680946.0,18154.0,7300075
575,North West England,202125,2021-06-20 00:00:00,23734.0,47.0,704680.0,18201.0,7300075
576,North West England,202126,2021-06-27 00:00:00,31855.0,54.0,736535.0,18255.0,7300075
577,North West England,202127,2021-07-04 00:00:00,34666.0,65.0,771201.0,18320.0,7300075
578,North West England,202128,2021-07-11 00:00:00,45096.0,87.0,816297.0,18407.0,7300075
579,North West England,202129,2021-07-18 00:00:00,30976.0,97.0,847273.0,18504.0,7300075
580,North West England,202130,2021-07-25 00:00:00,21918.0,113.0,869191.0,18617.0,7300075
581,North West England,202131,2021-08-01 00:00:00,22341.0,97.0,891532.0,18714.0,7300075
582,North West England,202132,2021-08-08 00:00:00,23007.0,104.0,914539.0,18818.0,7300075
583,North West England,202133,2021-08-15 00:00:00,23301.0,85.0,937840.0,18903.0,7300075
584,North West England,202134,2021-08-22 00:00:00,23864.0,104.0,961704.0,19007.0,7300075
585,North West England,202135,2021-08-29 00:00:00,26955.0,96.0,988659.0,19103.0,7300075
586,North West England,202136,2021-09-05 00:00:00,26090.0,139.0,1014749.0,19242.0,7300075
587,North West England,202137,2021-09-12 00:00:00,23935.0,128.0,1038684.0,19370.0,7300075
588,North West England,202138,2021-09-19 00:00:00,27320.0,111.0,1066004.0,19481.0,7300075
589,North West England,202139,2021-09-26 00:00:00,27125.0,81.0,1093129.0,19562.0,7300075
590,North West England,202140,2021-10-03 00:00:00,32335.0,110.0,1125464.0,19672.0,7300075
591,North West England,202141,2021-10-10 00:00:00,34556.0,114.0,1160020.0,19786.0,7300075
592,North West England,202142,2021-10-17 00:00:00,33568.0,141.0,1193588.0,19927.0,7300075
593,North West England,202143,2021-10-24 00:00:00,29493.0,152.0,1223081.0,20079.0,7300075
594,North West England,202144,2021-10-31 00:00:00,25950.0,157.0,1249031.0,20236.0,7300075
595,North West England,202145,2021-11-07 00:00:00,27142.0,139.0,1276173.0,20375.0,7300075
596,North West England,202146,2021-11-14 00:00:00,29177.0,149.0,1305350.0,20524.0,7300075
597,North West England,202147,2021-11-21 00:00:00,27797.0,99.0,1333147.0,20623.0,7300075
598,North West England,202148,2021-11-28 00:00:00,31184.0,93.0,1364331.0,20716.0,7300075
599,North West England,202149,2021-12-05 00:00:00,34774.0,91.0,1399105.0,20807.0,7300075
600,North West England,202150,2021-12-12 00:00:00,58758.0,100.0,1457863.0,20907.0,7300075
601,North West England,202151,2021-12-19 00:00:00,113675.0,112.0,1571538.0,21019.0,7300075
602,North West England,202152,2021-12-26 00:00:00,189808.0,163.0,1761346.0,21182.0,7300075
603,North West England,202201,2022-01-02 00:00:00,184452.0,266.0,1945798.0,21448.0,7300075
604,North West England,202202,2022-01-09 00:00:00,85438.0,328.0,2031236.0,21776.0,7300075
605,North West England,202203,2022-01-16 00:00:00,74036.0,314.0,2105272.0,22090.0,7300075
606,North West England,202204,2022-01-23 00:00:00,60665.0,290.0,2165937.0,22380.0,7300075
607,North West England,202205,2022-01-30 00:00:00,44278.0,242.0,2210215.0,22622.0,7300075
608,North West England,202206,2022-02-06 00:00:00,29264.0,160.0,2239479.0,22782.0,7300075
609,North West England,202207,2022-02-13 00:00:00,21548.0,163.0,2261027.0,22945.0,7300075
610,North West England,202208,2022-02-20 00:00:00,16140.0,105.0,2277167.0,23050.0,7300075
611,North West England,202209,2022-02-27 00:00:00,20866.0,129.0,2298033.0,23179.0,7300075
612,North West England,202210,2022-03-06 00:00:00,36721.0,110.0,2334754.0,23289.0,7300075
613,North West England,202211,2022-03-13 00:00:00,51130.0,144.0,2385884.0,23433.0,7300075
614,North West England,202212,2022-03-20 00:00:00,56717.0,149.0,2442601.0,23582.0,7300075
615,North West England,202213,2022-03-27 00:00:00,45070.0,213.0,2487671.0,23795.0,7300075
616,North West England,202214,2022-04-03 00:00:00,27813.0,211.0,2515484.0,24006.0,7300075
617,North West England,202215,2022-04-10 00:00:00,19546.0,216.0,2535030.0,24222.0,7300075
618,North West England,202216,2022-04-17 00:00:00,14270.0,204.0,2549300.0,24426.0,7300075
619,North West England,202217,2022-04-24 00:00:00,9189.0,164.0,2558489.0,24590.0,7300075
620,North West England,202218,2022-05-01 00:00:00,8041.0,142.0,2566530.0,24732.0,7300075
621,North West England,202219,2022-05-08 00:00:00,6286.0,105.0,2572816.0,24837.0,7300075
622,North West England,202220,2022-05-15 00:00:00,5286.0,80.0,2578102.0,24917.0,7300075
623,North West England,202221,2022-05-22 00:00:00,4110.0,51.0,2582212.0,24968.0,7300075
624,North West England,202222,2022-05-29 00:00:00,4267.0,46.0,2586479.0,25014.0,7300075
625,North West England,202223,2022-06-05 00:00:00,6962.0,37.0,2593441.0,25051.0,7300075
626,North West England,202224,2022-06-12 00:00:00,9812.0,38.0,2603253.0,25089.0,7300075
627,North West England,202225,2022-06-19 00:00:00,14109.0,64.0,2617362.0,25153.0,7300075
628,North West England,202226,2022-06-26 00:00:00,18287.0,83.0,2635649.0,25236.0,7300075
629,North West England,202227,2022-07-03 00:00:00,21884.0,121.0,2657533.0,25357.0,7300075
630,North West England,202228,2022-07-10 00:00:00,19505.0,152.0,2677038.0,25509.0,7300075
631,North West England,202229,2022-07-17 00:00:00,12862.0,181.0,2689900.0,25690.0,7300075
632,North West England,202230,2022-07-24 00:00:00,8934.0,156.0,2698834.0,25846.0,7300075
633,North West England,202231,2022-07-31 00:00:00,6802.0,147.0,2705636.0,25993.0,7300075
634,North West England,202232,2022-08-07 00:00:00,5493.0,154.0,2711129.0,26147.0,7300075
635,North West England,202233,2022-08-14 00:00:00,3941.0,106.0,2715070.0,26253.0,7300075
636,North West England,202234,2022-08-21 00:00:00,3132.0,82.0,2718202.0,26335.0,7300075
637,North West England,202235,2022-08-28 00:00:00,3149.0,78.0,2721351.0,26413.0,7300075
638,North West England,202236,2022-09-04 00:00:00,3161.0,54.0,2724512.0,26467.0,7300075
639,North West England,202237,2022-09-11 00:00:00,977.0,6.0,2725489.0,26473.0,7300075
640,South East England,202015,2020-04-08 00:00:00,2035.0,459.0,10015.0,1687.0,9175033
641,South East England,202016,2020-04-12 00:00:00,4186.0,678.0,14201.0,2365.0,9175033
642,South East England,202017,2020-04-19 00:00:00,4077.0,671.0,18278.0,3036.0,9175033
643,South East England,202018,2020-04-26 00:00:00,3997.0,462.0,22275.0,3498.0,9175033
644,South East England,202019,2020-05-03 00:00:00,2795.0,330.0,25070.0,3828.0,9175033
645,South East England,202020,2020-05-10 00:00:00,2446.0,273.0,27516.0,4101.0,9175033
646,South East England,202021,2020-05-17 00:00:00,1982.0,219.0,29498.0,4320.0,9175033
647,South East England,202022,2020-05-24 00:00:00,1218.0,165.0,30716.0,4485.0,9175033
648,South East England,202023,2020-05-31 00:00:00,1064.0,131.0,31780.0,4616.0,9175033
649,South East England,202024,2020-06-07 00:00:00,666.0,87.0,32446.0,4703.0,9175033
650,South East England,202025,2020-06-14 00:00:00,572.0,61.0,33018.0,4764.0,9175033
651,South East England,202026,2020-06-21 00:00:00,438.0,54.0,33456.0,4818.0,9175033
652,South East England,202027,2020-06-28 00:00:00,398.0,45.0,33854.0,4863.0,9175033
653,South East England,202028,2020-07-05 00:00:00,437.0,39.0,34291.0,4902.0,9175033
654,South East England,202029,2020-07-12 00:00:00,395.0,29.0,34686.0,4931.0,9175033
655,South East England,202030,2020-07-19 00:00:00,488.0,21.0,35174.0,4952.0,9175033
656,South East England,202031,2020-07-26 00:00:00,410.0,21.0,35584.0,4973.0,9175033
657,South East England,202032,2020-08-02 00:00:00,397.0,11.0,35981.0,4984.0,9175033
658,South East England,202033,2020-08-09 00:00:00,538.0,10.0,36519.0,4994.0,9175033
659,South East England,202034,2020-08-16 00:00:00,676.0,4.0,37195.0,4998.0,9175033
660,South East England,202035,2020-08-23 00:00:00,752.0,9.0,37947.0,5007.0,9175033
661,South East England,202036,2020-08-30 00:00:00,1191.0,7.0,39138.0,5014.0,9175033
662,South East England,202037,2020-09-06 00:00:00,1281.0,4.0,40419.0,5018.0,9175033
663,South East England,202038,2020-09-13 00:00:00,1044.0,12.0,41463.0,5030.0,9175033
664,South East England,202039,2020-09-20 00:00:00,1762.0,11.0,43225.0,5041.0,9175033
665,South East England,202040,2020-09-27 00:00:00,3202.0,24.0,46427.0,5065.0,9175033
666,South East England,202041,2020-10-04 00:00:00,5246.0,19.0,51673.0,5084.0,9175033
667,South East England,202042,2020-10-11 00:00:00,6243.0,32.0,57916.0,5116.0,9175033
668,South East England,202043,2020-10-18 00:00:00,9499.0,69.0,67415.0,5185.0,9175033
669,South East England,202044,2020-10-25 00:00:00,10914.0,97.0,78329.0,5282.0,9175033
670,South East England,202045,2020-11-01 00:00:00,13234.0,132.0,91563.0,5414.0,9175033
671,South East England,202046,2020-11-08 00:00:00,17664.0,191.0,109227.0,5605.0,9175033
672,South East England,202047,2020-11-15 00:00:00,14738.0,244.0,123965.0,5849.0,9175033
673,South East England,202048,2020-11-22 00:00:00,13114.0,300.0,137079.0,6149.0,9175033
674,South East England,202049,2020-11-29 00:00:00,15103.0,330.0,152182.0,6479.0,9175033
675,South East England,202050,2020-12-06 00:00:00,22988.0,371.0,175170.0,6850.0,9175033
676,South East England,202051,2020-12-13 00:00:00,38474.0,502.0,213644.0,7352.0,9175033
677,South East England,202052,2020-12-20 00:00:00,46674.0,730.0,260318.0,8082.0,9175033
678,South East England,202053,2020-12-27 00:00:00,67593.0,922.0,327911.0,9004.0,9175033
679,South East England,202101,2021-01-03 00:00:00,62337.0,1230.0,390248.0,10234.0,9175033
680,South East England,202102,2021-01-10 00:00:00,46210.0,1610.0,436458.0,11844.0,9175033
681,South East England,202103,2021-01-17 00:00:00,33528.0,1730.0,469986.0,13574.0,9175033
682,South East England,202104,2021-01-24 00:00:00,22032.0,1338.0,492018.0,14912.0,9175033
683,South East England,202105,2021-01-31 00:00:00,14750.0,859.0,506768.0,15771.0,9175033
684,South East England,202106,2021-02-07 00:00:00,9409.0,542.0,516177.0,16313.0,9175033
685,South East England,202107,2021-02-14 00:00:00,7556.0,400.0,523733.0,16713.0,9175033
686,South East England,202108,2021-02-21 00:00:00,5359.0,248.0,529092.0,16961.0,9175033
687,South East England,202109,2021-02-28 00:00:00,3498.0,159.0,532590.0,17120.0,9175033
688,South East England,202110,2021-03-07 00:00:00,3338.0,95.0,535928.0,17215.0,9175033
689,South East England,202111,2021-03-14 00:00:00,3099.0,69.0,539027.0,17284.0,9175033
690,South East England,202112,2021-03-21 00:00:00,3259.0,30.0,542286.0,17314.0,9175033
691,South East England,202113,2021-03-28 00:00:00,2267.0,32.0,544553.0,17346.0,9175033
692,South East England,202114,2021-04-04 00:00:00,1854.0,18.0,546407.0,17364.0,9175033
693,South East England,202115,2021-04-11 00:00:00,1524.0,9.0,547931.0,17373.0,9175033
694,South East England,202116,2021-04-18 00:00:00,1689.0,11.0,549620.0,17384.0,9175033
695,South East England,202117,2021-04-25 00:00:00,1472.0,6.0,551092.0,17390.0,9175033
696,South East England,202118,2021-05-02 00:00:00,1277.0,10.0,552369.0,17400.0,9175033
697,South East England,202119,2021-05-09 00:00:00,1189.0,3.0,553558.0,17403.0,9175033
698,South East England,202120,2021-05-16 00:00:00,1214.0,1.0,554772.0,17404.0,9175033
699,South East England,202121,2021-05-23 00:00:00,2131.0,4.0,556903.0,17408.0,9175033
700,South East England,202122,2021-05-30 00:00:00,3154.0,2.0,560057.0,17410.0,9175033
701,South East England,202123,2021-06-06 00:00:00,4141.0,8.0,564198.0,17418.0,9175033
702,South East England,202124,2021-06-13 00:00:00,5574.0,7.0,569772.0,17425.0,9175033
703,South East England,202125,2021-06-20 00:00:00,9263.0,8.0,579035.0,17433.0,9175033
704,South East England,202126,2021-06-27 00:00:00,17578.0,5.0,596613.0,17438.0,9175033
705,South East England,202127,2021-07-04 00:00:00,23386.0,17.0,619999.0,17455.0,9175033
706,South East England,202128,2021-07-11 00:00:00,39972.0,22.0,659971.0,17477.0,9175033
707,South East England,202129,2021-07-18 00:00:00,29131.0,28.0,689102.0,17505.0,9175033
708,South East England,202130,2021-07-25 00:00:00,22259.0,56.0,711361.0,17561.0,9175033
709,South East England,202131,2021-08-01 00:00:00,24338.0,53.0,735699.0,17614.0,9175033
710,South East England,202132,2021-08-08 00:00:00,26789.0,29.0,762488.0,17643.0,9175033
711,South East England,202133,2021-08-15 00:00:00,30099.0,70.0,792587.0,17713.0,9175033
712,South East England,202134,2021-08-22 00:00:00,26455.0,79.0,819042.0,17792.0,9175033
713,South East England,202135,2021-08-29 00:00:00,29454.0,64.0,848496.0,17856.0,9175033
714,South East England,202136,2021-09-05 00:00:00,23383.0,106.0,871879.0,17962.0,9175033
715,South East England,202137,2021-09-12 00:00:00,21070.0,71.0,892949.0,18033.0,9175033
716,South East England,202138,2021-09-19 00:00:00,27362.0,64.0,920311.0,18097.0,9175033
717,South East England,202139,2021-09-26 00:00:00,29162.0,53.0,949473.0,18150.0,9175033
718,South East England,202140,2021-10-03 00:00:00,33937.0,59.0,983410.0,18209.0,9175033
719,South East England,202141,2021-10-10 00:00:00,43474.0,64.0,1026884.0,18273.0,9175033
720,South East England,202142,2021-10-17 00:00:00,50401.0,78.0,1077285.0,18351.0,9175033
721,South East England,202143,2021-10-24 00:00:00,42144.0,107.0,1119429.0,18458.0,9175033
722,South East England,202144,2021-10-31 00:00:00,34673.0,129.0,1154102.0,18587.0,9175033
723,South East England,202145,2021-11-07 00:00:00,41062.0,107.0,1195164.0,18694.0,9175033
724,South East England,202146,2021-11-14 00:00:00,49491.0,101.0,1244655.0,18795.0,9175033
725,South East England,202147,2021-11-21 00:00:00,55206.0,89.0,1299861.0,18884.0,9175033
726,South East England,202148,2021-11-28 00:00:00,62809.0,98.0,1362670.0,18982.0,9175033
727,South East England,202149,2021-12-05 00:00:00,62836.0,95.0,1425506.0,19077.0,9175033
728,South East England,202150,2021-12-12 00:00:00,97451.0,95.0,1522957.0,19172.0,9175033
729,South East England,202151,2021-12-19 00:00:00,122580.0,87.0,1645537.0,19259.0,9175033
730,South East England,202152,2021-12-26 00:00:00,150353.0,109.0,1795890.0,19368.0,9175033
731,South East England,202201,2022-01-02 00:00:00,141155.0,142.0,1937045.0,19510.0,9175033
732,South East England,202202,2022-01-09 00:00:00,88712.0,188.0,2025757.0,19698.0,9175033
733,South East England,202203,2022-01-16 00:00:00,109147.0,215.0,2134904.0,19913.0,9175033
734,South East England,202204,2022-01-23 00:00:00,119102.0,180.0,2254006.0,20093.0,9175033
735,South East England,202205,2022-01-30 00:00:00,99010.0,201.0,2353016.0,20294.0,9175033
736,South East England,202206,2022-02-06 00:00:00,68923.0,201.0,2421939.0,20495.0,9175033
737,South East England,202207,2022-02-13 00:00:00,51262.0,179.0,2473201.0,20674.0,9175033
738,South East England,202208,2022-02-20 00:00:00,36567.0,177.0,2509768.0,20851.0,9175033
739,South East England,202209,2022-02-27 00:00:00,44172.0,143.0,2553940.0,20994.0,9175033
740,South East England,202210,2022-03-06 00:00:00,75371.0,153.0,2629311.0,21147.0,9175033
741,South East England,202211,2022-03-13 00:00:00,96792.0,199.0,2726103.0,21346.0,9175033
742,South East England,202212,2022-03-20 00:00:00,94599.0,187.0,2820702.0,21533.0,9175033
743,South East England,202213,2022-03-27 00:00:00,70449.0,234.0,2891151.0,21767.0,9175033
744,South East England,202214,2022-04-03 00:00:00,44129.0,301.0,2935280.0,22068.0,9175033
745,South East England,202215,2022-04-10 00:00:00,29204.0,273.0,2964484.0,22341.0,9175033
746,South East England,202216,2022-04-17 00:00:00,18777.0,223.0,2983261.0,22564.0,9175033
747,South East England,202217,2022-04-24 00:00:00,11576.0,165.0,2994837.0,22729.0,9175033
748,South East England,202218,2022-05-01 00:00:00,10274.0,123.0,3005111.0,22852.0,9175033
749,South East England,202219,2022-05-08 00:00:00,8225.0,106.0,3013336.0,22958.0,9175033
750,South East England,202220,2022-05-15 00:00:00,7264.0,61.0,3020600.0,23019.0,9175033
751,South East England,202221,2022-05-22 00:00:00,6325.0,51.0,3026925.0,23070.0,9175033
752,South East England,202222,2022-05-29 00:00:00,7394.0,35.0,3034319.0,23105.0,9175033
753,South East England,202223,2022-06-05 00:00:00,12197.0,44.0,3046516.0,23149.0,9175033
754,South East England,202224,2022-06-12 00:00:00,15976.0,52.0,3062492.0,23201.0,9175033
755,South East England,202225,2022-06-19 00:00:00,21120.0,59.0,3083612.0,23260.0,9175033
756,South East England,202226,2022-06-26 00:00:00,26843.0,84.0,3110455.0,23344.0,9175033
757,South East England,202227,2022-07-03 00:00:00,31715.0,123.0,3142170.0,23467.0,9175033
758,South East England,202228,2022-07-10 00:00:00,24899.0,153.0,3167069.0,23620.0,9175033
759,South East England,202229,2022-07-17 00:00:00,15761.0,181.0,3182830.0,23801.0,9175033
760,South East England,202230,2022-07-24 00:00:00,10216.0,172.0,3193046.0,23973.0,9175033
761,South East England,202231,2022-07-31 00:00:00,7836.0,124.0,3200882.0,24097.0,9175033
762,South East England,202232,2022-08-07 00:00:00,6519.0,106.0,3207401.0,24203.0,9175033
763,South East England,202233,2022-08-14 00:00:00,4994.0,89.0,3212395.0,24292.0,9175033
764,South East England,202234,2022-08-21 00:00:00,4286.0,52.0,3216681.0,24344.0,9175033
765,South East England,202235,2022-08-28 00:00:00,4318.0,63.0,3220999.0,24407.0,9175033
766,South East England,202236,2022-09-04 00:00:00,4188.0,44.0,3225187.0,24451.0,9175033
767,South East England,202237,2022-09-11 00:00:00,1471.0,4.0,3226658.0,24455.0,9175033
768,South West England,202015,2020-04-08 00:00:00,890.0,188.0,3546.0,609.0,5616381
769,South West England,202016,2020-04-12 00:00:00,1441.0,284.0,4987.0,893.0,5616381
770,South West England,202017,2020-04-19 00:00:00,1623.0,258.0,6610.0,1151.0,5616381
771,South West England,202018,2020-04-26 00:00:00,1916.0,201.0,8526.0,1352.0,5616381
772,South West England,202019,2020-05-03 00:00:00,1179.0,178.0,9705.0,1530.0,5616381
773,South West England,202020,2020-05-10 00:00:00,1036.0,76.0,10741.0,1606.0,5616381
774,South West England,202021,2020-05-17 00:00:00,676.0,73.0,11417.0,1679.0,5616381
775,South West England,202022,2020-05-24 00:00:00,549.0,69.0,11966.0,1748.0,5616381
776,South West England,202023,2020-05-31 00:00:00,372.0,36.0,12338.0,1784.0,5616381
777,South West England,202024,2020-06-07 00:00:00,157.0,29.0,12495.0,1813.0,5616381
778,South West England,202025,2020-06-14 00:00:00,104.0,13.0,12599.0,1826.0,5616381
779,South West England,202026,2020-06-21 00:00:00,87.0,9.0,12686.0,1835.0,5616381
780,South West England,202027,2020-06-28 00:00:00,97.0,5.0,12783.0,1840.0,5616381
781,South West England,202028,2020-07-05 00:00:00,108.0,2.0,12891.0,1842.0,5616381
782,South West England,202029,2020-07-12 00:00:00,120.0,4.0,13011.0,1846.0,5616381
783,South West England,202030,2020-07-19 00:00:00,191.0,4.0,13202.0,1850.0,5616381
784,South West England,202031,2020-07-26 00:00:00,249.0,1.0,13451.0,1851.0,5616381
785,South West England,202032,2020-08-02 00:00:00,265.0,1.0,13716.0,1852.0,5616381
786,South West England,202033,2020-08-09 00:00:00,277.0,2.0,13993.0,1854.0,5616381
787,South West England,202034,2020-08-16 00:00:00,406.0,4.0,14399.0,1858.0,5616381
788,South West England,202035,2020-08-23 00:00:00,390.0,4.0,14789.0,1862.0,5616381
789,South West England,202036,2020-08-30 00:00:00,695.0,2.0,15484.0,1864.0,5616381
790,South West England,202037,2020-09-06 00:00:00,584.0,1.0,16068.0,1865.0,5616381
791,South West England,202038,2020-09-13 00:00:00,657.0,6.0,16725.0,1871.0,5616381
792,South West England,202039,2020-09-20 00:00:00,1196.0,5.0,17921.0,1876.0,5616381
793,South West England,202040,2020-09-27 00:00:00,2357.0,6.0,20278.0,1882.0,5616381
794,South West England,202041,2020-10-04 00:00:00,4815.0,9.0,25093.0,1891.0,5616381
795,South West England,202042,2020-10-11 00:00:00,5287.0,29.0,30380.0,1920.0,5616381
796,South West England,202043,2020-10-18 00:00:00,7622.0,34.0,38002.0,1954.0,5616381
797,South West England,202044,2020-10-25 00:00:00,8743.0,68.0,46745.0,2022.0,5616381
798,South West England,202045,2020-11-01 00:00:00,10062.0,77.0,56807.0,2099.0,5616381
799,South West England,202046,2020-11-08 00:00:00,11309.0,108.0,68116.0,2207.0,5616381
800,South West England,202047,2020-11-15 00:00:00,8000.0,178.0,76116.0,2385.0,5616381
801,South West England,202048,2020-11-22 00:00:00,5323.0,192.0,81439.0,2577.0,5616381
802,South West England,202049,2020-11-29 00:00:00,4543.0,186.0,85982.0,2763.0,5616381
803,South West England,202050,2020-12-06 00:00:00,5343.0,173.0,91325.0,2936.0,5616381
804,South West England,202051,2020-12-13 00:00:00,7921.0,182.0,99246.0,3118.0,5616381
805,South West England,202052,2020-12-20 00:00:00,10551.0,182.0,109797.0,3300.0,5616381
806,South West England,202053,2020-12-27 00:00:00,19868.0,222.0,129665.0,3522.0,5616381
807,South West England,202101,2021-01-03 00:00:00,22623.0,301.0,152288.0,3823.0,5616381
808,South West England,202102,2021-01-10 00:00:00,19186.0,495.0,171474.0,4318.0,5616381
809,South West England,202103,2021-01-17 00:00:00,14328.0,629.0,185802.0,4947.0,5616381
810,South West England,202104,2021-01-24 00:00:00,10286.0,638.0,196088.0,5585.0,5616381
811,South West England,202105,2021-01-31 00:00:00,7241.0,431.0,203329.0,6016.0,5616381
812,South West England,202106,2021-02-07 00:00:00,5415.0,308.0,208744.0,6324.0,5616381
813,South West England,202107,2021-02-14 00:00:00,4091.0,187.0,212835.0,6511.0,5616381
814,South West England,202108,2021-02-21 00:00:00,2639.0,113.0,215474.0,6624.0,5616381
815,South West England,202109,2021-02-28 00:00:00,1904.0,62.0,217378.0,6686.0,5616381
816,South West England,202110,2021-03-07 00:00:00,1736.0,44.0,219114.0,6730.0,5616381
817,South West England,202111,2021-03-14 00:00:00,1594.0,20.0,220708.0,6750.0,5616381
818,South West England,202112,2021-03-21 00:00:00,1652.0,16.0,222360.0,6766.0,5616381
819,South West England,202113,2021-03-28 00:00:00,1060.0,9.0,223420.0,6775.0,5616381
820,South West England,202114,2021-04-04 00:00:00,823.0,9.0,224243.0,6784.0,5616381
821,South West England,202115,2021-04-11 00:00:00,726.0,10.0,224969.0,6794.0,5616381
822,South West England,202116,2021-04-18 00:00:00,841.0,11.0,225810.0,6805.0,5616381
823,South West England,202117,2021-04-25 00:00:00,713.0,9.0,226523.0,6814.0,5616381
824,South West England,202118,2021-05-02 00:00:00,675.0,6.0,227198.0,6820.0,5616381
825,South West England,202119,2021-05-09 00:00:00,570.0,2.0,227768.0,6822.0,5616381
826,South West England,202120,2021-05-16 00:00:00,552.0,3.0,228320.0,6825.0,5616381
827,South West England,202121,2021-05-23 00:00:00,580.0,0.0,228900.0,6825.0,5616381
828,South West England,202122,2021-05-30 00:00:00,1089.0,0.0,229989.0,6825.0,5616381
829,South West England,202123,2021-06-06 00:00:00,2705.0,1.0,232694.0,6826.0,5616381
830,South West England,202124,2021-06-13 00:00:00,5155.0,0.0,237849.0,6826.0,5616381
831,South West England,202125,2021-06-20 00:00:00,7454.0,4.0,245303.0,6830.0,5616381
832,South West England,202126,2021-06-27 00:00:00,11761.0,11.0,257064.0,6841.0,5616381
833,South West England,202127,2021-07-04 00:00:00,16300.0,4.0,273364.0,6845.0,5616381
834,South West England,202128,2021-07-11 00:00:00,29625.0,19.0,302989.0,6864.0,5616381
835,South West England,202129,2021-07-18 00:00:00,20908.0,27.0,323897.0,6891.0,5616381
836,South West England,202130,2021-07-25 00:00:00,17874.0,30.0,341771.0,6921.0,5616381
837,South West England,202131,2021-08-01 00:00:00,19474.0,40.0,361245.0,6961.0,5616381
838,South West England,202132,2021-08-08 00:00:00,20225.0,36.0,381470.0,6997.0,5616381
839,South West England,202133,2021-08-15 00:00:00,28233.0,57.0,409703.0,7054.0,5616381
840,South West England,202134,2021-08-22 00:00:00,22055.0,68.0,431758.0,7122.0,5616381
841,South West England,202135,2021-08-29 00:00:00,21058.0,70.0,452816.0,7192.0,5616381
842,South West England,202136,2021-09-05 00:00:00,14837.0,77.0,467653.0,7269.0,5616381
843,South West England,202137,2021-09-12 00:00:00,12415.0,63.0,480068.0,7332.0,5616381
844,South West England,202138,2021-09-19 00:00:00,16893.0,58.0,496961.0,7390.0,5616381
845,South West England,202139,2021-09-26 00:00:00,17044.0,60.0,514005.0,7450.0,5616381
846,South West England,202140,2021-10-03 00:00:00,17914.0,52.0,531919.0,7502.0,5616381
847,South West England,202141,2021-10-10 00:00:00,36429.0,61.0,568348.0,7563.0,5616381
848,South West England,202142,2021-10-17 00:00:00,40890.0,76.0,609238.0,7639.0,5616381
849,South West England,202143,2021-10-24 00:00:00,31572.0,90.0,640810.0,7729.0,5616381
850,South West England,202144,2021-10-31 00:00:00,24804.0,89.0,665614.0,7818.0,5616381
851,South West England,202145,2021-11-07 00:00:00,28027.0,79.0,693641.0,7897.0,5616381
852,South West England,202146,2021-11-14 00:00:00,30352.0,78.0,723993.0,7975.0,5616381
853,South West England,202147,2021-11-21 00:00:00,29946.0,74.0,753939.0,8049.0,5616381
854,South West England,202148,2021-11-28 00:00:00,33849.0,69.0,787788.0,8118.0,5616381
855,South West England,202149,2021-12-05 00:00:00,31616.0,63.0,819404.0,8181.0,5616381
856,South West England,202150,2021-12-12 00:00:00,39332.0,83.0,858736.0,8264.0,5616381
857,South West England,202151,2021-12-19 00:00:00,52114.0,55.0,910850.0,8319.0,5616381
858,South West England,202152,2021-12-26 00:00:00,77049.0,82.0,987899.0,8401.0,5616381
859,South West England,202201,2022-01-02 00:00:00,79932.0,87.0,1067831.0,8488.0,5616381
860,South West England,202202,2022-01-09 00:00:00,49192.0,102.0,1117023.0,8590.0,5616381
861,South West England,202203,2022-01-16 00:00:00,58821.0,111.0,1175844.0,8701.0,5616381
862,South West England,202204,2022-01-23 00:00:00,66045.0,138.0,1241889.0,8839.0,5616381
863,South West England,202205,2022-01-30 00:00:00,58253.0,137.0,1300142.0,8976.0,5616381
864,South West England,202206,2022-02-06 00:00:00,43447.0,95.0,1343589.0,9071.0,5616381
865,South West England,202207,2022-02-13 00:00:00,33172.0,88.0,1376761.0,9159.0,5616381
866,South West England,202208,2022-02-20 00:00:00,22949.0,89.0,1399710.0,9248.0,5616381
867,South West England,202209,2022-02-27 00:00:00,28323.0,78.0,1428033.0,9326.0,5616381
868,South West England,202210,2022-03-06 00:00:00,49354.0,104.0,1477387.0,9430.0,5616381
869,South West England,202211,2022-03-13 00:00:00,71262.0,153.0,1548649.0,9583.0,5616381
870,South West England,202212,2022-03-20 00:00:00,71018.0,161.0,1619667.0,9744.0,5616381
871,South West England,202213,2022-03-27 00:00:00,49041.0,212.0,1668708.0,9956.0,5616381
872,South West England,202214,2022-04-03 00:00:00,29349.0,239.0,1698057.0,10195.0,5616381
873,South West England,202215,2022-04-10 00:00:00,19618.0,199.0,1717675.0,10394.0,5616381
874,South West England,202216,2022-04-17 00:00:00,12852.0,174.0,1730527.0,10568.0,5616381
875,South West England,202217,2022-04-24 00:00:00,7679.0,130.0,1738206.0,10698.0,5616381
876,South West England,202218,2022-05-01 00:00:00,6599.0,101.0,1744805.0,10799.0,5616381
877,South West England,202219,2022-05-08 00:00:00,4903.0,67.0,1749708.0,10866.0,5616381
878,South West England,202220,2022-05-15 00:00:00,4216.0,41.0,1753924.0,10907.0,5616381
879,South West England,202221,2022-05-22 00:00:00,3620.0,40.0,1757544.0,10947.0,5616381
880,South West England,202222,2022-05-29 00:00:00,4091.0,33.0,1761635.0,10980.0,5616381
881,South West England,202223,2022-06-05 00:00:00,6710.0,41.0,1768345.0,11021.0,5616381
882,South West England,202224,2022-06-12 00:00:00,8879.0,26.0,1777224.0,11047.0,5616381
883,South West England,202225,2022-06-19 00:00:00,12562.0,50.0,1789786.0,11097.0,5616381
884,South West England,202226,2022-06-26 00:00:00,18215.0,63.0,1808001.0,11160.0,5616381
885,South West England,202227,2022-07-03 00:00:00,21444.0,82.0,1829445.0,11242.0,5616381
886,South West England,202228,2022-07-10 00:00:00,15994.0,133.0,1845439.0,11375.0,5616381
887,South West England,202229,2022-07-17 00:00:00,10048.0,113.0,1855487.0,11488.0,5616381
888,South West England,202230,2022-07-24 00:00:00,6487.0,87.0,1861974.0,11575.0,5616381
889,South West England,202231,2022-07-31 00:00:00,5070.0,92.0,1867044.0,11667.0,5616381
890,South West England,202232,2022-08-07 00:00:00,3887.0,99.0,1870931.0,11766.0,5616381
891,South West England,202233,2022-08-14 00:00:00,3016.0,76.0,1873947.0,11842.0,5616381
892,South West England,202234,2022-08-21 00:00:00,2662.0,56.0,1876609.0,11898.0,5616381
893,South West England,202235,2022-08-28 00:00:00,2625.0,42.0,1879234.0,11940.0,5616381
894,South West England,202236,2022-09-04 00:00:00,2715.0,34.0,1881949.0,11974.0,5616381
895,South West England,202237,2022-09-11 00:00:00,917.0,3.0,1882866.0,11977.0,5616381
896,West Midlands,202015,2020-04-08 00:00:00,1341.0,447.0,7795.0,1796.0,5907872
897,West Midlands,202016,2020-04-12 00:00:00,2776.0,677.0,10571.0,2473.0,5907872
898,West Midlands,202017,2020-04-19 00:00:00,3248.0,528.0,13819.0,3001.0,5907872
899,West Midlands,202018,2020-04-26 00:00:00,2808.0,424.0,16627.0,3425.0,5907872
900,West Midlands,202019,2020-05-03 00:00:00,2056.0,301.0,18683.0,3726.0,5907872
901,West Midlands,202020,2020-05-10 00:00:00,1740.0,230.0,20423.0,3956.0,5907872
902,West Midlands,202021,2020-05-17 00:00:00,1524.0,185.0,21947.0,4141.0,5907872
903,West Midlands,202022,2020-05-24 00:00:00,1048.0,121.0,22995.0,4262.0,5907872
904,West Midlands,202023,2020-05-31 00:00:00,769.0,81.0,23764.0,4343.0,5907872
905,West Midlands,202024,2020-06-07 00:00:00,633.0,51.0,24397.0,4394.0,5907872
906,West Midlands,202025,2020-06-14 00:00:00,547.0,53.0,24944.0,4447.0,5907872
907,West Midlands,202026,2020-06-21 00:00:00,376.0,46.0,25320.0,4493.0,5907872
908,West Midlands,202027,2020-06-28 00:00:00,302.0,26.0,25622.0,4519.0,5907872
909,West Midlands,202028,2020-07-05 00:00:00,425.0,18.0,26047.0,4537.0,5907872
910,West Midlands,202029,2020-07-12 00:00:00,484.0,5.0,26531.0,4542.0,5907872
911,West Midlands,202030,2020-07-19 00:00:00,522.0,11.0,27053.0,4553.0,5907872
912,West Midlands,202031,2020-07-26 00:00:00,548.0,4.0,27601.0,4557.0,5907872
913,West Midlands,202032,2020-08-02 00:00:00,624.0,6.0,28225.0,4563.0,5907872
914,West Midlands,202033,2020-08-09 00:00:00,932.0,4.0,29157.0,4567.0,5907872
915,West Midlands,202034,2020-08-16 00:00:00,808.0,0.0,29965.0,4567.0,5907872
916,West Midlands,202035,2020-08-23 00:00:00,915.0,7.0,30880.0,4574.0,5907872
917,West Midlands,202036,2020-08-30 00:00:00,1952.0,2.0,32832.0,4576.0,5907872
918,West Midlands,202037,2020-09-06 00:00:00,2694.0,7.0,35526.0,4583.0,5907872
919,West Midlands,202038,2020-09-13 00:00:00,3061.0,20.0,38587.0,4603.0,5907872
920,West Midlands,202039,2020-09-20 00:00:00,4434.0,39.0,43021.0,4642.0,5907872
921,West Midlands,202040,2020-09-27 00:00:00,5518.0,38.0,48539.0,4680.0,5907872
922,West Midlands,202041,2020-10-04 00:00:00,7740.0,43.0,56279.0,4723.0,5907872
923,West Midlands,202042,2020-10-11 00:00:00,10074.0,76.0,66353.0,4799.0,5907872
924,West Midlands,202043,2020-10-18 00:00:00,13756.0,101.0,80109.0,4900.0,5907872
925,West Midlands,202044,2020-10-25 00:00:00,16439.0,171.0,96548.0,5071.0,5907872
926,West Midlands,202045,2020-11-01 00:00:00,19342.0,254.0,115890.0,5325.0,5907872
927,West Midlands,202046,2020-11-08 00:00:00,22435.0,293.0,138325.0,5618.0,5907872
928,West Midlands,202047,2020-11-15 00:00:00,17640.0,384.0,155965.0,6002.0,5907872
929,West Midlands,202048,2020-11-22 00:00:00,12278.0,373.0,168243.0,6375.0,5907872
930,West Midlands,202049,2020-11-29 00:00:00,9877.0,400.0,178120.0,6775.0,5907872
931,West Midlands,202050,2020-12-06 00:00:00,11217.0,372.0,189337.0,7147.0,5907872
932,West Midlands,202051,2020-12-13 00:00:00,14141.0,361.0,203478.0,7508.0,5907872
933,West Midlands,202052,2020-12-20 00:00:00,16865.0,371.0,220343.0,7879.0,5907872
934,West Midlands,202053,2020-12-27 00:00:00,32250.0,405.0,252593.0,8284.0,5907872
935,West Midlands,202101,2021-01-03 00:00:00,37945.0,569.0,290538.0,8853.0,5907872
936,West Midlands,202102,2021-01-10 00:00:00,34922.0,794.0,325460.0,9647.0,5907872
937,West Midlands,202103,2021-01-17 00:00:00,28611.0,914.0,354071.0,10561.0,5907872
938,West Midlands,202104,2021-01-24 00:00:00,19571.0,822.0,373642.0,11383.0,5907872
939,West Midlands,202105,2021-01-31 00:00:00,15491.0,629.0,389133.0,12012.0,5907872
940,West Midlands,202106,2021-02-07 00:00:00,11157.0,499.0,400290.0,12511.0,5907872
941,West Midlands,202107,2021-02-14 00:00:00,9808.0,364.0,410098.0,12875.0,5907872
942,West Midlands,202108,2021-02-21 00:00:00,7017.0,248.0,417115.0,13123.0,5907872
943,West Midlands,202109,2021-02-28 00:00:00,4588.0,162.0,421703.0,13285.0,5907872
944,West Midlands,202110,2021-03-07 00:00:00,4032.0,101.0,425735.0,13386.0,5907872
945,West Midlands,202111,2021-03-14 00:00:00,3941.0,71.0,429676.0,13457.0,5907872
946,West Midlands,202112,2021-03-21 00:00:00,3746.0,37.0,433422.0,13494.0,5907872
947,West Midlands,202113,2021-03-28 00:00:00,2495.0,27.0,435917.0,13521.0,5907872
948,West Midlands,202114,2021-04-04 00:00:00,1712.0,8.0,437629.0,13529.0,5907872
949,West Midlands,202115,2021-04-11 00:00:00,1373.0,15.0,439002.0,13544.0,5907872
950,West Midlands,202116,2021-04-18 00:00:00,1368.0,14.0,440370.0,13558.0,5907872
951,West Midlands,202117,2021-04-25 00:00:00,1205.0,7.0,441575.0,13565.0,5907872
952,West Midlands,202118,2021-05-02 00:00:00,1018.0,10.0,442593.0,13575.0,5907872
953,West Midlands,202119,2021-05-09 00:00:00,994.0,8.0,443587.0,13583.0,5907872
954,West Midlands,202120,2021-05-16 00:00:00,1014.0,4.0,444601.0,13587.0,5907872
955,West Midlands,202121,2021-05-23 00:00:00,1428.0,9.0,446029.0,13596.0,5907872
956,West Midlands,202122,2021-05-30 00:00:00,2245.0,9.0,448274.0,13605.0,5907872
957,West Midlands,202123,2021-06-06 00:00:00,3282.0,7.0,451556.0,13612.0,5907872
958,West Midlands,202124,2021-06-13 00:00:00,4790.0,9.0,456346.0,13621.0,5907872
959,West Midlands,202125,2021-06-20 00:00:00,8818.0,9.0,465164.0,13630.0,5907872
960,West Midlands,202126,2021-06-27 00:00:00,15851.0,12.0,481015.0,13642.0,5907872
961,West Midlands,202127,2021-07-04 00:00:00,21286.0,28.0,502301.0,13670.0,5907872
962,West Midlands,202128,2021-07-11 00:00:00,33888.0,27.0,536189.0,13697.0,5907872
963,West Midlands,202129,2021-07-18 00:00:00,22574.0,51.0,558763.0,13748.0,5907872
964,West Midlands,202130,2021-07-25 00:00:00,15812.0,52.0,574575.0,13800.0,5907872
965,West Midlands,202131,2021-08-01 00:00:00,17402.0,60.0,591977.0,13860.0,5907872
966,West Midlands,202132,2021-08-08 00:00:00,18882.0,77.0,610859.0,13937.0,5907872
967,West Midlands,202133,2021-08-15 00:00:00,20339.0,67.0,631198.0,14004.0,5907872
968,West Midlands,202134,2021-08-22 00:00:00,19708.0,107.0,650906.0,14111.0,5907872
969,West Midlands,202135,2021-08-29 00:00:00,20911.0,105.0,671817.0,14216.0,5907872
970,West Midlands,202136,2021-09-05 00:00:00,20383.0,96.0,692200.0,14312.0,5907872
971,West Midlands,202137,2021-09-12 00:00:00,19128.0,100.0,711328.0,14412.0,5907872
972,West Midlands,202138,2021-09-19 00:00:00,25215.0,72.0,736543.0,14484.0,5907872
973,West Midlands,202139,2021-09-26 00:00:00,24153.0,65.0,760696.0,14549.0,5907872
974,West Midlands,202140,2021-10-03 00:00:00,26045.0,72.0,786741.0,14621.0,5907872
975,West Midlands,202141,2021-10-10 00:00:00,27969.0,79.0,814710.0,14700.0,5907872
976,West Midlands,202142,2021-10-17 00:00:00,28094.0,92.0,842804.0,14792.0,5907872
977,West Midlands,202143,2021-10-24 00:00:00,23716.0,108.0,866520.0,14900.0,5907872
978,West Midlands,202144,2021-10-31 00:00:00,20859.0,96.0,887379.0,14996.0,5907872
979,West Midlands,202145,2021-11-07 00:00:00,22492.0,101.0,909871.0,15097.0,5907872
980,West Midlands,202146,2021-11-14 00:00:00,25632.0,82.0,935503.0,15179.0,5907872
981,West Midlands,202147,2021-11-21 00:00:00,24117.0,90.0,959620.0,15269.0,5907872
982,West Midlands,202148,2021-11-28 00:00:00,26553.0,76.0,986173.0,15345.0,5907872
983,West Midlands,202149,2021-12-05 00:00:00,28527.0,83.0,1014700.0,15428.0,5907872
984,West Midlands,202150,2021-12-12 00:00:00,39167.0,68.0,1053867.0,15496.0,5907872
985,West Midlands,202151,2021-12-19 00:00:00,63464.0,72.0,1117331.0,15568.0,5907872
986,West Midlands,202152,2021-12-26 00:00:00,111621.0,101.0,1228952.0,15669.0,5907872
987,West Midlands,202201,2022-01-02 00:00:00,122801.0,152.0,1351753.0,15821.0,5907872
988,West Midlands,202202,2022-01-09 00:00:00,72880.0,177.0,1424633.0,15998.0,5907872
989,West Midlands,202203,2022-01-16 00:00:00,75215.0,196.0,1499848.0,16194.0,5907872
990,West Midlands,202204,2022-01-23 00:00:00,65486.0,186.0,1565334.0,16380.0,5907872
991,West Midlands,202205,2022-01-30 00:00:00,46604.0,172.0,1611938.0,16552.0,5907872
992,West Midlands,202206,2022-02-06 00:00:00,29356.0,140.0,1641294.0,16692.0,5907872
993,West Midlands,202207,2022-02-13 00:00:00,21215.0,115.0,1662509.0,16807.0,5907872
994,West Midlands,202208,2022-02-20 00:00:00,14177.0,99.0,1676686.0,16906.0,5907872
995,West Midlands,202209,2022-02-27 00:00:00,16704.0,87.0,1693390.0,16993.0,5907872
996,West Midlands,202210,2022-03-06 00:00:00,27048.0,98.0,1720438.0,17091.0,5907872
997,West Midlands,202211,2022-03-13 00:00:00,39385.0,98.0,1759823.0,17189.0,5907872
998,West Midlands,202212,2022-03-20 00:00:00,45720.0,134.0,1805543.0,17323.0,5907872
999,West Midlands,202213,2022-03-27 00:00:00,38057.0,139.0,1843600.0,17462.0,5907872
1000,West Midlands,202214,2022-04-03 00:00:00,24901.0,165.0,1868501.0,17627.0,5907872
1001,West Midlands,202215,2022-04-10 00:00:00,16930.0,217.0,1885431.0,17844.0,5907872
1002,West Midlands,202216,2022-04-17 00:00:00,10934.0,153.0,1896365.0,17997.0,5907872
1003,West Midlands,202217,2022-04-24 00:00:00,6716.0,163.0,1903081.0,18160.0,5907872
1004,West Midlands,202218,2022-05-01 00:00:00,5408.0,91.0,1908489.0,18251.0,5907872
1005,West Midlands,202219,2022-05-08 00:00:00,4487.0,74.0,1912976.0,18325.0,5907872
1006,West Midlands,202220,2022-05-15 00:00:00,4015.0,62.0,1916991.0,18387.0,5907872
1007,West Midlands,202221,2022-05-22 00:00:00,3041.0,34.0,1920032.0,18421.0,5907872
1008,West Midlands,202222,2022-05-29 00:00:00,3148.0,34.0,1923180.0,18455.0,5907872
1009,West Midlands,202223,2022-06-05 00:00:00,5303.0,28.0,1928483.0,18483.0,5907872
1010,West Midlands,202224,2022-06-12 00:00:00,7597.0,26.0,1936080.0,18509.0,5907872
1011,West Midlands,202225,2022-06-19 00:00:00,10421.0,49.0,1946501.0,18558.0,5907872
1012,West Midlands,202226,2022-06-26 00:00:00,13263.0,69.0,1959764.0,18627.0,5907872
1013,West Midlands,202227,2022-07-03 00:00:00,16480.0,104.0,1976244.0,18731.0,5907872
1014,West Midlands,202228,2022-07-10 00:00:00,14270.0,143.0,1990514.0,18874.0,5907872
1015,West Midlands,202229,2022-07-17 00:00:00,9745.0,161.0,2000259.0,19035.0,5907872
1016,West Midlands,202230,2022-07-24 00:00:00,6813.0,145.0,2007072.0,19180.0,5907872
1017,West Midlands,202231,2022-07-31 00:00:00,5179.0,126.0,2012251.0,19306.0,5907872
1018,West Midlands,202232,2022-08-07 00:00:00,4386.0,110.0,2016637.0,19416.0,5907872
1019,West Midlands,202233,2022-08-14 00:00:00,3217.0,83.0,2019854.0,19499.0,5907872
1020,West Midlands,202234,2022-08-21 00:00:00,2634.0,68.0,2022488.0,19567.0,5907872
1021,West Midlands,202235,2022-08-28 00:00:00,2643.0,61.0,2025131.0,19628.0,5907872
1022,West Midlands,202236,2022-09-04 00:00:00,2737.0,36.0,2027868.0,19664.0,5907872
1023,West Midlands,202237,2022-09-11 00:00:00,861.0,3.0,2028729.0,19667.0,5907872
1024,Yorkshire and the Humber,202015,2020-04-08 00:00:00,1179.0,276.0,5384.0,838.0,5486230
1025,Yorkshire and the Humber,202016,2020-04-12 00:00:00,2460.0,486.0,7844.0,1324.0,5486230
1026,Yorkshire and the Humber,202017,2020-04-19 00:00:00,3166.0,456.0,11010.0,1780.0,5486230
1027,Yorkshire and the Humber,202018,2020-04-26 00:00:00,3655.0,430.0,14665.0,2210.0,5486230
1028,Yorkshire and the Humber,202019,2020-05-03 00:00:00,2628.0,343.0,17293.0,2553.0,5486230
1029,Yorkshire and the Humber,202020,2020-05-10 00:00:00,2463.0,257.0,19756.0,2810.0,5486230
1030,Yorkshire and the Humber,202021,2020-05-17 00:00:00,2066.0,187.0,21822.0,2997.0,5486230
1031,Yorkshire and the Humber,202022,2020-05-24 00:00:00,1585.0,175.0,23407.0,3172.0,5486230
1032,Yorkshire and the Humber,202023,2020-05-31 00:00:00,1217.0,133.0,24624.0,3305.0,5486230
1033,Yorkshire and the Humber,202024,2020-06-07 00:00:00,1374.0,84.0,25998.0,3389.0,5486230
1034,Yorkshire and the Humber,202025,2020-06-14 00:00:00,1422.0,52.0,27420.0,3441.0,5486230
1035,Yorkshire and the Humber,202026,2020-06-21 00:00:00,1048.0,48.0,28468.0,3489.0,5486230
1036,Yorkshire and the Humber,202027,2020-06-28 00:00:00,764.0,37.0,29232.0,3526.0,5486230
1037,Yorkshire and the Humber,202028,2020-07-05 00:00:00,725.0,20.0,29957.0,3546.0,5486230
1038,Yorkshire and the Humber,202029,2020-07-12 00:00:00,780.0,17.0,30737.0,3563.0,5486230
1039,Yorkshire and the Humber,202030,2020-07-19 00:00:00,729.0,15.0,31466.0,3578.0,5486230
1040,Yorkshire and the Humber,202031,2020-07-26 00:00:00,880.0,8.0,32346.0,3586.0,5486230
1041,Yorkshire and the Humber,202032,2020-08-02 00:00:00,959.0,9.0,33305.0,3595.0,5486230
1042,Yorkshire and the Humber,202033,2020-08-09 00:00:00,1141.0,8.0,34446.0,3603.0,5486230
1043,Yorkshire and the Humber,202034,2020-08-16 00:00:00,881.0,8.0,35327.0,3611.0,5486230
1044,Yorkshire and the Humber,202035,2020-08-23 00:00:00,1043.0,8.0,36370.0,3619.0,5486230
1045,Yorkshire and the Humber,202036,2020-08-30 00:00:00,1952.0,11.0,38322.0,3630.0,5486230
1046,Yorkshire and the Humber,202037,2020-09-06 00:00:00,2810.0,12.0,41132.0,3642.0,5486230
1047,Yorkshire and the Humber,202038,2020-09-13 00:00:00,3390.0,19.0,44522.0,3661.0,5486230
1048,Yorkshire and the Humber,202039,2020-09-20 00:00:00,5331.0,25.0,49853.0,3686.0,5486230
1049,Yorkshire and the Humber,202040,2020-09-27 00:00:00,11779.0,33.0,61632.0,3719.0,5486230
1050,Yorkshire and the Humber,202041,2020-10-04 00:00:00,15409.0,74.0,77041.0,3793.0,5486230
1051,Yorkshire and the Humber,202042,2020-10-11 00:00:00,17176.0,114.0,94217.0,3907.0,5486230
1052,Yorkshire and the Humber,202043,2020-10-18 00:00:00,21886.0,212.0,116103.0,4119.0,5486230
1053,Yorkshire and the Humber,202044,2020-10-25 00:00:00,23012.0,290.0,139115.0,4409.0,5486230
1054,Yorkshire and the Humber,202045,2020-11-01 00:00:00,25421.0,415.0,164536.0,4824.0,5486230
1055,Yorkshire and the Humber,202046,2020-11-08 00:00:00,24045.0,491.0,188581.0,5315.0,5486230
1056,Yorkshire and the Humber,202047,2020-11-15 00:00:00,16705.0,479.0,205286.0,5794.0,5486230
1057,Yorkshire and the Humber,202048,2020-11-22 00:00:00,10765.0,481.0,216051.0,6275.0,5486230
1058,Yorkshire and the Humber,202049,2020-11-29 00:00:00,8773.0,377.0,224824.0,6652.0,5486230
1059,Yorkshire and the Humber,202050,2020-12-06 00:00:00,8474.0,367.0,233298.0,7019.0,5486230
1060,Yorkshire and the Humber,202051,2020-12-13 00:00:00,9227.0,322.0,242525.0,7341.0,5486230
1061,Yorkshire and the Humber,202052,2020-12-20 00:00:00,10603.0,301.0,253128.0,7642.0,5486230
1062,Yorkshire and the Humber,202053,2020-12-27 00:00:00,16968.0,337.0,270096.0,7979.0,5486230
1063,Yorkshire and the Humber,202101,2021-01-03 00:00:00,18191.0,326.0,288287.0,8305.0,5486230
1064,Yorkshire and the Humber,202102,2021-01-10 00:00:00,14615.0,401.0,302902.0,8706.0,5486230
1065,Yorkshire and the Humber,202103,2021-01-17 00:00:00,13723.0,412.0,316625.0,9118.0,5486230
1066,Yorkshire and the Humber,202104,2021-01-24 00:00:00,11497.0,394.0,328122.0,9512.0,5486230
1067,Yorkshire and the Humber,202105,2021-01-31 00:00:00,10088.0,363.0,338210.0,9875.0,5486230
1068,Yorkshire and the Humber,202106,2021-02-07 00:00:00,8730.0,303.0,346940.0,10178.0,5486230
1069,Yorkshire and the Humber,202107,2021-02-14 00:00:00,8828.0,236.0,355768.0,10414.0,5486230
1070,Yorkshire and the Humber,202108,2021-02-21 00:00:00,6964.0,171.0,362732.0,10585.0,5486230
1071,Yorkshire and the Humber,202109,2021-02-28 00:00:00,5730.0,128.0,368462.0,10713.0,5486230
1072,Yorkshire and the Humber,202110,2021-03-07 00:00:00,6058.0,106.0,374520.0,10819.0,5486230
1073,Yorkshire and the Humber,202111,2021-03-14 00:00:00,6166.0,69.0,380686.0,10888.0,5486230
1074,Yorkshire and the Humber,202112,2021-03-21 00:00:00,6341.0,51.0,387027.0,10939.0,5486230
1075,Yorkshire and the Humber,202113,2021-03-28 00:00:00,4358.0,34.0,391385.0,10973.0,5486230
1076,Yorkshire and the Humber,202114,2021-04-04 00:00:00,3569.0,35.0,394954.0,11008.0,5486230
1077,Yorkshire and the Humber,202115,2021-04-11 00:00:00,2636.0,39.0,397590.0,11047.0,5486230
1078,Yorkshire and the Humber,202116,2021-04-18 00:00:00,2534.0,17.0,400124.0,11064.0,5486230
1079,Yorkshire and the Humber,202117,2021-04-25 00:00:00,2445.0,13.0,402569.0,11077.0,5486230
1080,Yorkshire and the Humber,202118,2021-05-02 00:00:00,2183.0,17.0,404752.0,11094.0,5486230
1081,Yorkshire and the Humber,202119,2021-05-09 00:00:00,2008.0,10.0,406760.0,11104.0,5486230
1082,Yorkshire and the Humber,202120,2021-05-16 00:00:00,2122.0,4.0,408882.0,11108.0,5486230
1083,Yorkshire and the Humber,202121,2021-05-23 00:00:00,2202.0,6.0,411084.0,11114.0,5486230
1084,Yorkshire and the Humber,202122,2021-05-30 00:00:00,3071.0,5.0,414155.0,11119.0,5486230
1085,Yorkshire and the Humber,202123,2021-06-06 00:00:00,4631.0,5.0,418786.0,11124.0,5486230
1086,Yorkshire and the Humber,202124,2021-06-13 00:00:00,6409.0,8.0,425195.0,11132.0,5486230
1087,Yorkshire and the Humber,202125,2021-06-20 00:00:00,11219.0,9.0,436414.0,11141.0,5486230
1088,Yorkshire and the Humber,202126,2021-06-27 00:00:00,18770.0,19.0,455184.0,11160.0,5486230
1089,Yorkshire and the Humber,202127,2021-07-04 00:00:00,26087.0,17.0,481271.0,11177.0,5486230
1090,Yorkshire and the Humber,202128,2021-07-11 00:00:00,35806.0,32.0,517077.0,11209.0,5486230
1091,Yorkshire and the Humber,202129,2021-07-18 00:00:00,25441.0,59.0,542518.0,11268.0,5486230
1092,Yorkshire and the Humber,202130,2021-07-25 00:00:00,20316.0,76.0,562834.0,11344.0,5486230
1093,Yorkshire and the Humber,202131,2021-08-01 00:00:00,21392.0,70.0,584226.0,11414.0,5486230
1094,Yorkshire and the Humber,202132,2021-08-08 00:00:00,20854.0,103.0,605080.0,11517.0,5486230
1095,Yorkshire and the Humber,202133,2021-08-15 00:00:00,20128.0,73.0,625208.0,11590.0,5486230
1096,Yorkshire and the Humber,202134,2021-08-22 00:00:00,19563.0,87.0,644771.0,11677.0,5486230
1097,Yorkshire and the Humber,202135,2021-08-29 00:00:00,21603.0,112.0,666374.0,11789.0,5486230
1098,Yorkshire and the Humber,202136,2021-09-05 00:00:00,19919.0,113.0,686293.0,11902.0,5486230
1099,Yorkshire and the Humber,202137,2021-09-12 00:00:00,17694.0,90.0,703987.0,11992.0,5486230
1100,Yorkshire and the Humber,202138,2021-09-19 00:00:00,23987.0,98.0,727974.0,12090.0,5486230
1101,Yorkshire and the Humber,202139,2021-09-26 00:00:00,23187.0,62.0,751161.0,12152.0,5486230
1102,Yorkshire and the Humber,202140,2021-10-03 00:00:00,25545.0,86.0,776706.0,12238.0,5486230
1103,Yorkshire and the Humber,202141,2021-10-10 00:00:00,27735.0,116.0,804441.0,12354.0,5486230
1104,Yorkshire and the Humber,202142,2021-10-17 00:00:00,25737.0,107.0,830178.0,12461.0,5486230
1105,Yorkshire and the Humber,202143,2021-10-24 00:00:00,23937.0,123.0,854115.0,12584.0,5486230
1106,Yorkshire and the Humber,202144,2021-10-31 00:00:00,20363.0,130.0,874478.0,12714.0,5486230
1107,Yorkshire and the Humber,202145,2021-11-07 00:00:00,20768.0,109.0,895246.0,12823.0,5486230
1108,Yorkshire and the Humber,202146,2021-11-14 00:00:00,21711.0,94.0,916957.0,12917.0,5486230
1109,Yorkshire and the Humber,202147,2021-11-21 00:00:00,19539.0,86.0,936496.0,13003.0,5486230
1110,Yorkshire and the Humber,202148,2021-11-28 00:00:00,21090.0,81.0,957586.0,13084.0,5486230
1111,Yorkshire and the Humber,202149,2021-12-05 00:00:00,20640.0,68.0,978226.0,13152.0,5486230
1112,Yorkshire and the Humber,202150,2021-12-12 00:00:00,31703.0,61.0,1009929.0,13213.0,5486230
1113,Yorkshire and the Humber,202151,2021-12-19 00:00:00,57581.0,66.0,1067510.0,13279.0,5486230
1114,Yorkshire and the Humber,202152,2021-12-26 00:00:00,110986.0,80.0,1178496.0,13359.0,5486230
1115,Yorkshire and the Humber,202201,2022-01-02 00:00:00,127051.0,128.0,1305547.0,13487.0,5486230
1116,Yorkshire and the Humber,202202,2022-01-09 00:00:00,71014.0,179.0,1376561.0,13666.0,5486230
1117,Yorkshire and the Humber,202203,2022-01-16 00:00:00,65442.0,206.0,1442003.0,13872.0,5486230
1118,Yorkshire and the Humber,202204,2022-01-23 00:00:00,55584.0,208.0,1497587.0,14080.0,5486230
1119,Yorkshire and the Humber,202205,2022-01-30 00:00:00,39151.0,138.0,1536738.0,14218.0,5486230
1120,Yorkshire and the Humber,202206,2022-02-06 00:00:00,24470.0,119.0,1561208.0,14337.0,5486230
1121,Yorkshire and the Humber,202207,2022-02-13 00:00:00,17826.0,115.0,1579034.0,14452.0,5486230
1122,Yorkshire and the Humber,202208,2022-02-20 00:00:00,12450.0,88.0,1591484.0,14540.0,5486230
1123,Yorkshire and the Humber,202209,2022-02-27 00:00:00,14760.0,70.0,1606244.0,14610.0,5486230
1124,Yorkshire and the Humber,202210,2022-03-06 00:00:00,24391.0,81.0,1630635.0,14691.0,5486230
1125,Yorkshire and the Humber,202211,2022-03-13 00:00:00,35523.0,102.0,1666158.0,14793.0,5486230
1126,Yorkshire and the Humber,202212,2022-03-20 00:00:00,41677.0,122.0,1707835.0,14915.0,5486230
1127,Yorkshire and the Humber,202213,2022-03-27 00:00:00,34848.0,160.0,1742683.0,15075.0,5486230
1128,Yorkshire and the Humber,202214,2022-04-03 00:00:00,22541.0,165.0,1765224.0,15240.0,5486230
1129,Yorkshire and the Humber,202215,2022-04-10 00:00:00,15897.0,201.0,1781121.0,15441.0,5486230
1130,Yorkshire and the Humber,202216,2022-04-17 00:00:00,11083.0,159.0,1792204.0,15600.0,5486230
1131,Yorkshire and the Humber,202217,2022-04-24 00:00:00,6750.0,127.0,1798954.0,15727.0,5486230
1132,Yorkshire and the Humber,202218,2022-05-01 00:00:00,5598.0,94.0,1804552.0,15821.0,5486230
1133,Yorkshire and the Humber,202219,2022-05-08 00:00:00,4513.0,70.0,1809065.0,15891.0,5486230
1134,Yorkshire and the Humber,202220,2022-05-15 00:00:00,3745.0,46.0,1812810.0,15937.0,5486230
1135,Yorkshire and the Humber,202221,2022-05-22 00:00:00,2838.0,51.0,1815648.0,15988.0,5486230
1136,Yorkshire and the Humber,202222,2022-05-29 00:00:00,2961.0,36.0,1818609.0,16024.0,5486230
1137,Yorkshire and the Humber,202223,2022-06-05 00:00:00,5047.0,25.0,1823656.0,16049.0,5486230
1138,Yorkshire and the Humber,202224,2022-06-12 00:00:00,6807.0,32.0,1830463.0,16081.0,5486230
1139,Yorkshire and the Humber,202225,2022-06-19 00:00:00,9269.0,35.0,1839732.0,16116.0,5486230
1140,Yorkshire and the Humber,202226,2022-06-26 00:00:00,11730.0,49.0,1851462.0,16165.0,5486230
1141,Yorkshire and the Humber,202227,2022-07-03 00:00:00,14846.0,70.0,1866308.0,16235.0,5486230
1142,Yorkshire and the Humber,202228,2022-07-10 00:00:00,13031.0,100.0,1879339.0,16335.0,5486230
1143,Yorkshire and the Humber,202229,2022-07-17 00:00:00,9058.0,134.0,1888397.0,16469.0,5486230
1144,Yorkshire and the Humber,202230,2022-07-24 00:00:00,6789.0,100.0,1895186.0,16569.0,5486230
1145,Yorkshire and the Humber,202231,2022-07-31 00:00:00,5068.0,105.0,1900254.0,16674.0,5486230
1146,Yorkshire and the Humber,202232,2022-08-07 00:00:00,4003.0,85.0,1904257.0,16759.0,5486230
1147,Yorkshire and the Humber,202233,2022-08-14 00:00:00,2895.0,63.0,1907152.0,16822.0,5486230
1148,Yorkshire and the Humber,202234,2022-08-21 00:00:00,2348.0,53.0,1909500.0,16875.0,5486230
1149,Yorkshire and the Humber,202235,2022-08-28 00:00:00,2528.0,32.0,1912028.0,16907.0,5486230
1150,Yorkshire and the Humber,202236,2022-09-04 00:00:00,2540.0,47.0,1914568.0,16954.0,5486230
1151,Yorkshire and the Humber,202237,2022-09-11 00:00:00,764.0,7.0,1915332.0,16961.0,5486230
