,date,covidOccupiedMVBeds,hospitalCases,newAdmissions,Vax_index,dailyCases
0,2020-04-02,1494.0,12135.0,2932,0.3299999999999999,4097
1,2020-04-03,1788.0,13635.0,2564,0.3299999999999999,4102
2,2020-04-04,1950.0,15469.0,2593,0.3299999999999999,3405
3,2020-04-05,2097.0,16657.0,2592,0.3299999999999999,3094
4,2020-04-06,2264.0,17154.0,2679,0.3299999999999999,4407
5,2020-04-07,2472.0,17814.0,2744,0.3299999999999999,4605
6,2020-04-08,2561.0,18152.0,2619,0.3299999999999999,4315
7,2020-04-09,2546.0,18423.0,2340,0.3299999999999999,4076
8,2020-04-10,2820.0,18669.0,2196,0.3299999999999999,3590
9,2020-04-11,2865.0,18604.0,1955,0.3299999999999999,3085
10,2020-04-12,2881.0,18974.0,1791,0.3299999999999999,2958
11,2020-04-13,2872.0,18621.0,1912,0.3299999999999999,3463
12,2020-04-14,2849.0,18552.0,1859,0.3299999999999999,3568
13,2020-04-15,2847.0,17934.0,1608,0.3299999999999999,4240
14,2020-04-16,2838.0,17783.0,1777,0.3299999999999999,4360
15,2020-04-17,2780.0,16728.0,1674,0.3299999999999999,4088
16,2020-04-18,2868.0,16850.0,1411,0.3299999999999999,4142
17,2020-04-19,2820.0,16928.0,1475,0.3299999999999999,3494
18,2020-04-20,2780.0,16654.0,1522,0.3299999999999999,3698
19,2020-04-21,2701.0,16517.0,1495,0.3299999999999999,3996
20,2020-04-22,2646.0,16018.0,1310,0.3299999999999999,4812
21,2020-04-23,2563.0,15402.0,1289,0.3299999999999999,4574
22,2020-04-24,2414.0,14642.0,1277,0.3299999999999999,4352
23,2020-04-25,2405.0,14202.0,1080,0.3299999999999999,3381
24,2020-04-26,2309.0,14174.0,1208,0.3299999999999999,3137
25,2020-04-27,2194.0,14255.0,1344,0.3299999999999999,4056
26,2020-04-28,2093.0,13565.0,1296,0.3299999999999999,4113
27,2020-04-29,2045.0,13224.0,1295,0.3299999999999999,4737
28,2020-04-30,1991.0,12922.0,1227,0.3299999999999999,4314
29,2020-05-01,1954.0,12623.0,1081,0.3299999999999999,4109
30,2020-05-02,1844.0,12314.0,980,0.3299999999999999,2762
31,2020-05-03,1795.0,12119.0,1044,0.3299999999999999,2648
32,2020-05-04,1724.0,12020.0,1063,0.3299999999999999,2851
33,2020-05-05,1662.0,11754.0,959,0.3299999999999999,3148
34,2020-05-06,1610.0,11227.0,1040,0.3299999999999999,3264
35,2020-05-07,1493.0,10726.0,998,0.3299999999999999,3205
36,2020-05-08,1446.0,10249.0,743,0.3299999999999999,2622
37,2020-05-09,1398.0,10176.0,798,0.3299999999999999,1797
38,2020-05-10,1362.0,9893.0,756,0.3299999999999999,2013
39,2020-05-11,1316.0,10109.0,866,0.3299999999999999,3088
40,2020-05-12,1247.0,9791.0,844,0.3299999999999999,2940
41,2020-05-13,1198.0,9602.0,804,0.3299999999999999,2899
42,2020-05-14,1162.0,9231.0,763,0.3299999999999999,2222
43,2020-05-15,1200.0,9079.0,738,0.3299999999999999,2145
44,2020-05-16,1101.0,8643.0,671,0.3299999999999999,1781
45,2020-05-17,1064.0,8611.0,673,0.3299999999999999,1593
46,2020-05-18,1010.0,8668.0,733,0.3299999999999999,2226
47,2020-05-19,976.0,8518.0,752,0.3299999999999999,2602
48,2020-05-20,921.0,8115.0,732,0.3299999999999999,2359
49,2020-05-21,894.0,7903.0,715,0.3299999999999999,2277
50,2020-05-22,852.0,7761.0,638,0.3299999999999999,1798
51,2020-05-23,815.0,7428.0,504,0.3299999999999999,1309
52,2020-05-24,786.0,7415.0,497,0.3299999999999999,1206
53,2020-05-25,771.0,7448.0,498,0.3299999999999999,1389
54,2020-05-26,756.0,7305.0,578,0.3299999999999999,1461
55,2020-05-27,696.0,6836.0,589,0.3299999999999999,1616
56,2020-05-28,663.0,6528.0,570,0.3299999999999999,1575
57,2020-05-29,630.0,6250.0,499,0.3299999999999999,1374
58,2020-05-30,628.0,5972.0,466,0.3299999999999999,1010
59,2020-05-31,606.0,5933.0,446,0.3299999999999999,984
60,2020-06-01,584.0,5954.0,522,0.3299999999999999,1319
61,2020-06-02,553.0,5827.0,553,0.3299999999999999,1365
62,2020-06-03,523.0,5600.0,491,0.3299999999999999,1251
63,2020-06-04,494.0,5398.0,458,0.3299999999999999,1147
64,2020-06-05,481.0,5213.0,380,0.3299999999999999,1020
65,2020-06-06,473.0,5004.0,306,0.3299999999999999,723
66,2020-06-07,448.0,4820.0,323,0.3299999999999999,668
67,2020-06-08,443.0,4830.0,348,0.3299999999999999,990
68,2020-06-09,427.0,4665.0,397,0.3299999999999999,1066
69,2020-06-10,384.0,4447.0,402,0.3299999999999999,1086
70,2020-06-11,334.0,4179.0,330,0.3299999999999999,915
71,2020-06-12,336.0,4136.0,298,0.3299999999999999,938
72,2020-06-13,339.0,4000.0,265,0.3299999999999999,785
73,2020-06-14,343.0,3973.0,306,0.3299999999999999,752
74,2020-06-15,327.0,3920.0,365,0.3299999999999999,944
75,2020-06-16,327.0,3934.0,354,0.3299999999999999,996
76,2020-06-17,300.0,3826.0,334,0.3299999999999999,914
77,2020-06-18,299.0,3681.0,312,0.3299999999999999,938
78,2020-06-19,283.0,3575.0,253,0.3299999999999999,818
79,2020-06-20,297.0,3423.0,184,0.3299999999999999,626
80,2020-06-21,265.0,3373.0,215,0.3299999999999999,550
81,2020-06-22,296.0,3417.0,318,0.3299999999999999,821
82,2020-06-23,266.0,3288.0,275,0.3299999999999999,727
83,2020-06-24,264.0,3223.0,262,0.3299999999999999,732
84,2020-06-25,236.0,3066.0,256,0.3299999999999999,643
85,2020-06-26,226.0,2859.0,248,0.3299999999999999,640
86,2020-06-27,233.0,2819.0,209,0.3299999999999999,506
87,2020-06-28,236.0,2818.0,155,0.3299999999999999,413
88,2020-06-29,228.0,3024.0,172,0.3299999999999999,666
89,2020-06-30,238.0,2665.0,189,0.3299999999999999,578
90,2020-07-01,220.0,2509.0,201,0.3299999999999999,607
91,2020-07-02,211.0,2410.0,149,0.3299999999999999,561
92,2020-07-03,202.0,2294.0,146,0.3299999999999999,536
93,2020-07-04,186.0,2152.0,120,0.3299999999999999,385
94,2020-07-05,190.0,2100.0,131,0.3299999999999999,544
95,2020-07-06,188.0,2099.0,150,0.3299999999999999,664
96,2020-07-07,178.0,2010.0,148,0.3299999999999999,565
97,2020-07-08,164.0,1888.0,141,0.3299999999999999,682
98,2020-07-09,167.0,1801.0,136,0.3299999999999999,688
99,2020-07-10,162.0,1746.0,104,0.3299999999999999,524
100,2020-07-11,152.0,1640.0,97,0.3299999999999999,432
101,2020-07-12,139.0,1611.0,72,0.3299999999999999,351
102,2020-07-13,138.0,1612.0,137,0.3299999999999999,694
103,2020-07-14,123.0,1506.0,122,0.3299999999999999,661
104,2020-07-15,136.0,1489.0,116,0.3299999999999999,726
105,2020-07-16,118.0,1348.0,114,0.3299999999999999,644
106,2020-07-17,122.0,1346.0,83,0.3299999999999999,548
107,2020-07-18,118.0,1321.0,48,0.3299999999999999,473
108,2020-07-19,119.0,1301.0,72,0.3299999999999999,419
109,2020-07-20,112.0,1278.0,86,0.3299999999999999,769
110,2020-07-21,106.0,1188.0,79,0.3299999999999999,697
111,2020-07-22,97.0,1305.0,82,0.3299999999999999,764
112,2020-07-23,101.0,1095.0,109,0.3299999999999999,741
113,2020-07-24,92.0,1018.0,93,0.3299999999999999,720
114,2020-07-25,82.0,977.0,65,0.3299999999999999,499
115,2020-07-26,81.0,965.0,64,0.3299999999999999,518
116,2020-07-27,83.0,945.0,82,0.3299999999999999,824
117,2020-07-28,78.0,944.0,69,0.3299999999999999,796
118,2020-07-29,72.0,927.0,63,0.3299999999999999,994
119,2020-07-30,70.0,898.0,75,0.3299999999999999,879
120,2020-07-31,71.0,870.0,55,0.3299999999999999,644
121,2020-08-01,74.0,879.0,50,0.3299999999999999,508
122,2020-08-02,72.0,847.0,57,0.3299999999999999,518
123,2020-08-03,67.0,842.0,74,0.3299999999999999,963
124,2020-08-04,65.0,807.0,58,0.3299999999999999,965
125,2020-08-05,63.0,805.0,60,0.3299999999999999,973
126,2020-08-06,61.0,756.0,52,0.3299999999999999,1005
127,2020-08-07,57.0,711.0,60,0.3299999999999999,892
128,2020-08-08,55.0,650.0,78,0.3299999999999999,648
129,2020-08-09,56.0,611.0,53,0.3299999999999999,569
130,2020-08-10,60.0,714.0,50,0.3299999999999999,1375
131,2020-08-11,63.0,672.0,63,0.3299999999999999,1247
132,2020-08-12,68.0,642.0,51,0.3299999999999999,1126
133,2020-08-13,64.0,652.0,60,0.3299999999999999,1036
134,2020-08-14,63.0,642.0,55,0.3299999999999999,1059
135,2020-08-15,68.0,630.0,38,0.3299999999999999,656
136,2020-08-16,69.0,634.0,39,0.3299999999999999,534
137,2020-08-17,67.0,626.0,46,0.3299999999999999,1159
138,2020-08-18,64.0,597.0,56,0.3299999999999999,955
139,2020-08-19,63.0,571.0,58,0.3299999999999999,1109
140,2020-08-20,64.0,551.0,45,0.3299999999999999,1254
141,2020-08-21,64.0,528.0,49,0.3299999999999999,1031
142,2020-08-22,66.0,594.0,25,0.3299999999999999,732
143,2020-08-23,65.0,522.0,44,0.3299999999999999,704
144,2020-08-24,62.0,522.0,41,0.3299999999999999,1156
145,2020-08-25,62.0,500.0,60,0.3299999999999999,1085
146,2020-08-26,55.0,485.0,52,0.3299999999999999,1181
147,2020-08-27,62.0,492.0,69,0.3299999999999999,1356
148,2020-08-28,52.0,469.0,44,0.3299999999999999,1395
149,2020-08-29,56.0,478.0,52,0.3299999999999999,1051
150,2020-08-30,52.0,479.0,38,0.3299999999999999,987
151,2020-08-31,54.0,495.0,52,0.3299999999999999,1279
152,2020-09-01,59.0,496.0,58,0.3299999999999999,1962
153,2020-09-02,59.0,451.0,79,0.3299999999999999,2696
154,2020-09-03,58.0,468.0,69,0.3299999999999999,2716
155,2020-09-04,54.0,474.0,67,0.3299999999999999,2637
156,2020-09-05,50.0,471.0,94,0.3299999999999999,2200
157,2020-09-06,52.0,483.0,85,0.3299999999999999,2079
158,2020-09-07,62.0,555.0,84,0.3299999999999999,3530
159,2020-09-08,64.0,535.0,99,0.3299999999999999,3071
160,2020-09-09,64.0,557.0,136,0.3299999999999999,2893
161,2020-09-10,62.0,572.0,143,0.3299999999999999,3143
162,2020-09-11,129.0,622.0,135,0.3299999999999999,2893
163,2020-09-12,70.0,663.0,143,0.3299999999999999,2224
164,2020-09-13,74.0,691.0,153,0.3299999999999999,1722
165,2020-09-14,88.0,812.0,172,0.3299999999999999,2941
166,2020-09-15,101.0,891.0,194,0.3299999999999999,3057
167,2020-09-16,107.0,929.0,183,0.3299999999999999,3778
168,2020-09-17,108.0,984.0,199,0.3299999999999999,3979
169,2020-09-18,115.0,1020.0,205,0.3299999999999999,4290
170,2020-09-19,123.0,1081.0,204,0.3299999999999999,4215
171,2020-09-20,142.0,1174.0,237,0.3299999999999999,4652
172,2020-09-21,154.0,1299.0,275,0.3299999999999999,4727
173,2020-09-22,179.0,1378.0,268,0.3299999999999999,5400
174,2020-09-23,192.0,1439.0,314,0.3299999999999999,5933
175,2020-09-24,209.0,1546.0,288,0.3299999999999999,6361
176,2020-09-25,227.0,1686.0,274,0.3299999999999999,6105
177,2020-09-26,223.0,1689.0,245,0.3299999999999999,5704
178,2020-09-27,233.0,1793.0,241,0.3299999999999999,6084
179,2020-09-28,245.0,1955.0,308,0.3299999999999999,8641
180,2020-09-29,259.0,1954.0,310,0.3299999999999999,8832
181,2020-09-30,282.0,2036.0,328,0.3299999999999999,10663
182,2020-10-01,285.0,2069.0,368,0.3299999999999999,11444
183,2020-10-02,311.0,2180.0,371,0.3299999999999999,11719
184,2020-10-03,307.0,2290.0,386,0.3299999999999999,9820
185,2020-10-04,310.0,2435.0,478,0.3299999999999999,9966
186,2020-10-05,331.0,2705.0,472,0.3299999999999999,14218
187,2020-10-06,349.0,2903.0,524,0.3299999999999999,14458
188,2020-10-07,376.0,3066.0,491,0.3299999999999999,15418
189,2020-10-08,368.0,3179.0,513,0.3299999999999999,15452
190,2020-10-09,367.0,3238.0,544,0.3299999999999999,13159
191,2020-10-10,396.0,3369.0,515,0.3299999999999999,10301
192,2020-10-11,401.0,3604.0,628,0.3299999999999999,9781
193,2020-10-12,426.0,3827.0,664,0.3299999999999999,16420
194,2020-10-13,441.0,4105.0,764,0.3299999999999999,15660
195,2020-10-14,468.0,4313.0,706,0.3299999999999999,16646
196,2020-10-15,482.0,4569.0,792,0.3299999999999999,15428
197,2020-10-16,482.0,4854.0,632,0.3299999999999999,14761
198,2020-10-17,495.0,5029.0,785,0.3299999999999999,12487
199,2020-10-18,504.0,5202.0,870,0.3299999999999999,11982
200,2020-10-19,529.0,5644.0,861,0.3299999999999999,22369
201,2020-10-20,560.0,6072.0,925,0.3299999999999999,21638
202,2020-10-21,572.0,6271.0,997,0.3299999999999999,21762
203,2020-10-22,564.0,6345.0,987,0.3299999999999999,19866
204,2020-10-23,602.0,6842.0,997,0.3299999999999999,18359
205,2020-10-24,632.0,7176.0,990,0.3299999999999999,13713
206,2020-10-25,663.0,7612.0,1186,0.3299999999999999,13353
207,2020-10-26,682.0,7856.0,1279,0.3299999999999999,23033
208,2020-10-27,743.0,8595.0,1190,0.3299999999999999,20762
209,2020-10-28,788.0,9070.0,1239,0.3299999999999999,20547
210,2020-10-29,803.0,9127.0,1345,0.3299999999999999,20257
211,2020-10-30,801.0,9295.0,1109,0.3299999999999999,19899
212,2020-10-31,816.0,9782.0,1240,0.3299999999999999,14565
213,2020-11-01,804.0,9623.0,1280,0.3299999999999999,13611
214,2020-11-02,883.0,10397.0,1331,0.3299999999999999,28394
215,2020-11-03,954.0,10971.0,1246,0.3299999999999999,22690
216,2020-11-04,997.0,11037.0,1382,0.3299999999999999,21053
217,2020-11-05,986.0,10994.0,1346,0.3299999999999999,21206
218,2020-11-06,984.0,11181.0,1182,0.3299999999999999,21179
219,2020-11-07,1003.0,11514.0,1319,0.3299999999999999,16888
220,2020-11-08,1017.0,11680.0,1488,0.3299999999999999,18272
221,2020-11-09,1048.0,12259.0,1551,0.3299999999999999,28560
222,2020-11-10,1010.0,12033.0,1592,0.3299999999999999,24836
223,2020-11-11,1081.0,12730.0,1711,0.3299999999999999,25065
224,2020-11-12,1088.0,12967.0,1666,0.3299999999999999,22320
225,2020-11-13,1158.0,13328.0,1433,0.3299999999999999,22008
226,2020-11-14,1162.0,13399.0,1388,0.3299999999999999,16290
227,2020-11-15,1194.0,13886.0,1467,0.3299999999999999,14422
228,2020-11-16,1198.0,14313.0,1560,0.3299999999999999,24136
229,2020-11-17,1228.0,14411.0,1491,0.3299999999999999,20677
230,2020-11-18,1242.0,14490.0,1571,0.3299999999999999,18545
231,2020-11-19,1241.0,14479.0,1484,0.3299999999999999,15797
232,2020-11-20,1241.0,14236.0,1316,0.3299999999999999,14960
233,2020-11-21,1248.0,14118.0,1255,0.3299999999999999,10806
234,2020-11-22,1259.0,14354.0,1333,0.3299999999999999,10216
235,2020-11-23,1299.0,14712.0,1385,0.3299999999999999,16472
236,2020-11-24,1306.0,14506.0,1277,0.3299999999999999,14266
237,2020-11-25,1300.0,14240.0,1415,0.3299999999999999,14155
238,2020-11-26,1264.0,13908.0,1198,0.3299999999999999,12459
239,2020-11-27,1242.0,13754.0,1055,0.3299999999999999,12459
240,2020-11-28,1204.0,13208.0,1065,0.3299999999999999,9347
241,2020-11-29,1214.0,13521.0,1215,0.3299999999999999,9068
242,2020-11-30,1185.0,13756.0,1216,0.3299999999999999,15228
243,2020-12-01,1182.0,13507.0,1271,0.3299999999999999,13731
244,2020-12-02,1149.0,13212.0,1262,0.3299999999999999,13662
245,2020-12-03,1094.0,12896.0,1337,0.3299999999999999,12762
246,2020-12-04,1113.0,12987.0,1248,0.3299999999999999,13065
247,2020-12-05,1086.0,12968.0,1186,0.3299999999999999,10302
248,2020-12-06,1087.0,13189.0,1311,0.3299999999999999,11036
249,2020-12-07,1109.0,13616.0,1466,0.3299999999999999,17662
250,2020-12-08,1118.0,13629.0,1528,0.3299999999999999,16937
251,2020-12-09,1094.0,13467.0,1550,0.3299999999999999,17744
252,2020-12-10,1110.0,13796.0,1524,0.3299999999999999,18850
253,2020-12-11,1117.0,13901.0,1450,0.3299999999999999,20177
254,2020-12-12,1087.0,13927.0,1587,0.3299999999999999,16268
255,2020-12-13,1123.0,14460.0,1581,0.3299999999999999,18409
256,2020-12-14,1127.0,15053.0,1746,0.3299999999999999,30019
257,2020-12-15,1159.0,15031.0,1730,0.3299999999999999,29652
258,2020-12-16,1163.0,15465.0,1796,0.3299999999999999,30650
259,2020-12-17,1188.0,15741.0,1873,0.3299999999999999,30159
260,2020-12-18,1190.0,15866.0,1672,0.3299999999999999,32426
261,2020-12-19,1239.0,16183.0,1812,0.3299999999999999,22195
262,2020-12-20,1267.0,16633.0,1976,0.3299999999999999,29556
263,2020-12-21,1327.0,17709.0,2115,0.3299999999999999,43446
264,2020-12-22,1339.0,18063.0,2203,0.3299999999999999,41741
265,2020-12-23,1374.0,17834.0,1980,0.3299999999999999,38383
266,2020-12-24,1427.0,18227.0,1795,0.3299999999999999,29287
267,2020-12-25,1437.0,17701.0,1952,0.3299999999999999,12926
268,2020-12-26,1498.0,18350.0,2298,0.3299999999999999,37462
269,2020-12-27,1556.0,19277.0,2572,0.3299999999999999,43250
270,2020-12-28,1641.0,20426.0,2795,0.3299999999999999,40845
271,2020-12-29,1728.0,21787.0,2886,0.3299999999999999,74058
272,2020-12-30,1854.0,22713.0,2861,0.3299999999999999,64243
273,2020-12-31,1899.0,22728.0,2536,0.3299999999999999,47824
274,2021-01-01,1940.0,22534.0,3010,0.3299999999999999,28879
275,2021-01-02,2017.0,23557.0,3145,0.3299999999999999,55428
276,2021-01-03,2181.0,24957.0,3351,0.3299999999999999,50664
277,2021-01-04,2310.0,26626.0,3587,0.3299999999999999,70920
278,2021-01-05,2378.0,26467.0,3697,0.3299999999999999,59600
279,2021-01-06,2550.0,27727.0,3967,0.3299999999999999,52752
280,2021-01-07,2654.0,28246.0,3849,0.3299999999999999,48132
281,2021-01-08,2814.0,29346.0,3549,0.3299999999999999,43494
282,2021-01-09,2860.0,29462.0,3718,0.3299999999999999,36419
283,2021-01-10,2963.0,30758.0,3571,0.3299999999999999,33749
284,2021-01-11,3055.0,32070.0,3894,0.3299999999999999,53519
285,2021-01-12,3175.0,32202.0,4134,0.3299999999999999,45968
286,2021-01-13,3307.0,32689.0,3840,0.3299999999999999,42303
287,2021-01-14,3351.0,32925.0,3678,0.3299999999999999,39658
288,2021-01-15,3464.0,33362.0,3295,0.3299999999999999,37879
289,2021-01-16,3525.0,32923.0,3569,0.3299999999999999,28413
290,2021-01-17,3533.0,33352.0,3424,0.3299999999999999,26976
291,2021-01-18,3570.0,34336.0,3711,0.3299999999999999,41935
292,2021-01-19,3603.0,34015.0,3768,0.3299999999999999,37055
293,2021-01-20,3603.0,33886.0,3679,0.3299999999999999,32679
294,2021-01-21,3607.0,33235.0,3237,0.3299999999999999,29633
295,2021-01-22,3727.0,33412.0,3016,0.3299999999999999,27741
296,2021-01-23,3731.0,32614.0,2780,0.3299999999999999,20425
297,2021-01-24,3736.0,32907.0,2824,0.3299999999999999,15883
298,2021-01-25,3694.0,32938.0,2648,0.3299999999999999,27972
299,2021-01-26,3634.0,32337.0,2799,0.3299999999999999,25210
300,2021-01-27,3602.0,30846.0,2742,0.3299999999999999,23899
301,2021-01-28,3585.0,30333.0,2719,0.3299999999999999,22523
302,2021-01-29,3506.0,29359.0,2379,0.3299999999999999,20363
303,2021-01-30,3486.0,28571.0,2193,0.3299999999999999,15524
304,2021-01-31,3366.0,28112.0,2183,0.3299999999999999,14138
305,2021-02-01,3414.0,28539.0,2347,0.3086325,20765
306,2021-02-02,3324.0,27397.0,2222,0.3086325,18193
307,2021-02-03,3328.0,26374.0,2096,0.3086325,17948
308,2021-02-04,3275.0,25334.0,1907,0.3086325,16717
309,2021-02-05,3217.0,24402.0,1757,0.3086325,14461
310,2021-02-06,3099.0,23042.0,1679,0.3086325,10951
311,2021-02-07,3047.0,22991.0,1675,0.3086325,10457
312,2021-02-08,2980.0,23020.0,1739,0.3086325,14370
313,2021-02-09,2911.0,22067.0,1531,0.3086325,12696
314,2021-02-10,2872.0,20926.0,1535,0.3086325,12272
315,2021-02-11,2780.0,19983.0,1440,0.3086325,11637
316,2021-02-12,2688.0,19009.0,1318,0.3086325,10986
317,2021-02-13,2592.0,17694.0,1240,0.3086325,8025
318,2021-02-14,2611.0,17787.0,1364,0.3086325,7781
319,2021-02-15,2577.0,17730.0,1322,0.3086325,12953
320,2021-02-16,2484.0,17093.0,1311,0.3086325,11268
321,2021-02-17,2393.0,16458.0,1233,0.3086325,10419
322,2021-02-18,2316.0,15633.0,1149,0.3086325,10303
323,2021-02-19,2251.0,15018.0,1068,0.3086325,9246
324,2021-02-20,2142.0,14316.0,904,0.3086325,7161
325,2021-02-21,2122.0,14142.0,1008,0.3086325,7033
326,2021-02-22,2072.0,14137.0,980,0.3086325,10279
327,2021-02-23,1950.0,13489.0,976,0.3086325,8536
328,2021-02-24,1931.0,13007.0,874,0.3086325,7621
329,2021-02-25,1866.0,12449.0,832,0.3086325,6934
330,2021-02-26,1808.0,11781.0,718,0.3086325,5883
331,2021-02-27,1747.0,11090.0,624,0.3086325,4254
332,2021-02-28,1630.0,10663.0,662,0.3086325,4112
333,2021-03-01,1658.0,10765.0,704,0.287265,6215
334,2021-03-02,1556.0,10121.0,683,0.287265,5950
335,2021-03-03,1507.0,9594.0,607,0.287265,5305
336,2021-03-04,1454.0,9092.0,596,0.287265,5011
337,2021-03-05,1417.0,8594.0,487,0.287265,4728
338,2021-03-06,1326.0,8021.0,528,0.287265,3832
339,2021-03-07,1273.0,7812.0,461,0.287265,3677
340,2021-03-08,1236.0,7847.0,501,0.287265,5818
341,2021-03-09,1187.0,7451.0,483,0.287265,5488
342,2021-03-10,1137.0,6975.0,494,0.287265,5222
343,2021-03-11,1101.0,6687.0,449,0.287265,4848
344,2021-03-12,1023.0,6391.0,386,0.287265,4767
345,2021-03-13,1000.0,6072.0,385,0.287265,3592
346,2021-03-14,963.0,6039.0,357,0.287265,3707
347,2021-03-15,930.0,5976.0,431,0.287265,5643
348,2021-03-16,882.0,5664.0,364,0.287265,4933
349,2021-03-17,846.0,5397.0,343,0.287265,5048
350,2021-03-18,797.0,5083.0,351,0.287265,4689
351,2021-03-19,749.0,4841.0,283,0.287265,4333
352,2021-03-20,710.0,4589.0,287,0.287265,3514
353,2021-03-21,692.0,4492.0,279,0.287265,4679
354,2021-03-22,676.0,4501.0,294,0.287265,5400
355,2021-03-23,647.0,4245.0,295,0.287265,4566
356,2021-03-24,613.0,4005.0,277,0.287265,5321
357,2021-03-25,566.0,3763.0,288,0.287265,4674
358,2021-03-26,559.0,3712.0,245,0.287265,3803
359,2021-03-27,537.0,3676.0,217,0.287265,3136
360,2021-03-28,532.0,3438.0,221,0.287265,4477
361,2021-03-29,532.0,3466.0,206,0.287265,3422
362,2021-03-30,518.0,3283.0,217,0.287265,3135
363,2021-03-31,501.0,3084.0,225,0.287265,3340
364,2021-04-01,470.0,2928.0,180,0.2658974999999999,3067
365,2021-04-02,436.0,2784.0,178,0.2658974999999999,2248
366,2021-04-03,433.0,2677.0,179,0.2658974999999999,2121
367,2021-04-04,422.0,2672.0,156,0.2658974999999999,2042
368,2021-04-05,416.0,2680.0,188,0.2658974999999999,2314
369,2021-04-06,406.0,2588.0,183,0.2658974999999999,2756
370,2021-04-07,393.0,2486.0,189,0.2658974999999999,2752
371,2021-04-08,377.0,2382.0,167,0.2658974999999999,2651
372,2021-04-09,362.0,2321.0,167,0.2658974999999999,2482
373,2021-04-10,342.0,2190.0,151,0.2658974999999999,2009
374,2021-04-11,343.0,2096.0,175,0.2658974999999999,2020
375,2021-04-12,337.0,2108.0,173,0.2658974999999999,2399
376,2021-04-13,333.0,2057.0,153,0.2658974999999999,2060
377,2021-04-14,315.0,1972.0,156,0.2658974999999999,2068
378,2021-04-15,294.0,1885.0,127,0.2658974999999999,1959
379,2021-04-16,298.0,1844.0,118,0.2658974999999999,1963
380,2021-04-17,292.0,1735.0,135,0.2658974999999999,1398
381,2021-04-18,283.0,1691.0,112,0.2658974999999999,2281
382,2021-04-19,291.0,1732.0,138,0.2658974999999999,2268
383,2021-04-20,273.0,1649.0,98,0.2658974999999999,2112
384,2021-04-21,249.0,1609.0,126,0.2658974999999999,2298
385,2021-04-22,237.0,1523.0,92,0.2658974999999999,2032
386,2021-04-23,221.0,1478.0,124,0.2658974999999999,1701
387,2021-04-24,220.0,1401.0,99,0.2658974999999999,1300
388,2021-04-25,211.0,1377.0,107,0.2658974999999999,1897
389,2021-04-26,208.0,1393.0,108,0.2658974999999999,2267
390,2021-04-27,196.0,1310.0,128,0.2658974999999999,1809
391,2021-04-28,188.0,1278.0,89,0.2658974999999999,2153
392,2021-04-29,178.0,1235.0,80,0.2658974999999999,1901
393,2021-04-30,170.0,1161.0,82,0.2658974999999999,1528
394,2021-05-01,167.0,1071.0,68,0.24453,1211
395,2021-05-02,172.0,1082.0,92,0.24453,1305
396,2021-05-03,168.0,1096.0,98,0.24453,1806
397,2021-05-04,162.0,1093.0,76,0.24453,2200
398,2021-05-05,161.0,1032.0,96,0.24453,2203
399,2021-05-06,144.0,976.0,88,0.24453,1967
400,2021-05-07,145.0,973.0,77,0.24453,1657
401,2021-05-08,135.0,948.0,80,0.24453,1301
402,2021-05-09,131.0,933.0,76,0.24453,1985
403,2021-05-10,135.0,944.0,76,0.24453,2325
404,2021-05-11,126.0,921.0,79,0.24453,1872
405,2021-05-12,123.0,907.0,93,0.24453,1869
406,2021-05-13,119.0,845.0,74,0.24453,1737
407,2021-05-14,115.0,818.0,72,0.24453,1540
408,2021-05-15,115.0,810.0,70,0.24453,1306
409,2021-05-16,116.0,801.0,59,0.24453,1587
410,2021-05-17,117.0,798.0,74,0.24453,2341
411,2021-05-18,114.0,749.0,90,0.24453,2241
412,2021-05-19,113.0,757.0,93,0.24453,2261
413,2021-05-20,115.0,749.0,98,0.24453,2000
414,2021-05-21,117.0,766.0,85,0.24453,1872
415,2021-05-22,113.0,730.0,75,0.24453,1606
416,2021-05-23,111.0,756.0,77,0.24453,1918
417,2021-05-24,113.0,797.0,98,0.24453,2750
418,2021-05-25,117.0,765.0,88,0.24453,2797
419,2021-05-26,115.0,745.0,95,0.24453,3179
420,2021-05-27,110.0,742.0,83,0.24453,3075
421,2021-05-28,116.0,743.0,92,0.24453,2929
422,2021-05-29,112.0,748.0,69,0.24453,2462
423,2021-05-30,115.0,755.0,80,0.24453,2598
424,2021-05-31,110.0,773.0,98,0.24453,3170
425,2021-06-01,123.0,776.0,115,0.2231624999999999,4515
426,2021-06-02,116.0,801.0,101,0.2231624999999999,5039
427,2021-06-03,124.0,779.0,93,0.2231624999999999,5131
428,2021-06-04,119.0,805.0,96,0.2231624999999999,4886
429,2021-06-05,124.0,782.0,96,0.2231624999999999,3964
430,2021-06-06,131.0,807.0,121,0.2231624999999999,4730
431,2021-06-07,133.0,860.0,131,0.2231624999999999,6791
432,2021-06-08,140.0,879.0,147,0.2231624999999999,6630
433,2021-06-09,141.0,876.0,158,0.2231624999999999,6919
434,2021-06-10,140.0,906.0,162,0.2231624999999999,6718
435,2021-06-11,146.0,884.0,144,0.2231624999999999,6510
436,2021-06-12,152.0,915.0,137,0.2231624999999999,5422
437,2021-06-13,171.0,947.0,187,0.2231624999999999,6075
438,2021-06-14,170.0,993.0,185,0.2231624999999999,8941
439,2021-06-15,187.0,1030.0,188,0.2231624999999999,9153
440,2021-06-16,192.0,1057.0,177,0.2231624999999999,9411
441,2021-06-17,197.0,1122.0,202,0.2231624999999999,9523
442,2021-06-18,210.0,1170.0,185,0.2231624999999999,8772
443,2021-06-19,203.0,1143.0,178,0.2231624999999999,7127
444,2021-06-20,196.0,1168.0,171,0.2231624999999999,8203
445,2021-06-21,212.0,1290.0,181,0.2231624999999999,12707
446,2021-06-22,229.0,1301.0,182,0.2231624999999999,13563
447,2021-06-23,227.0,1255.0,214,0.2231624999999999,14806
448,2021-06-24,240.0,1274.0,194,0.2231624999999999,15084
449,2021-06-25,238.0,1284.0,206,0.2231624999999999,14901
450,2021-06-26,236.0,1276.0,223,0.2231624999999999,13486
451,2021-06-27,244.0,1331.0,226,0.2231624999999999,15407
452,2021-06-28,272.0,1465.0,244,0.2231624999999999,23511
453,2021-06-29,259.0,1445.0,283,0.2231624999999999,23250
454,2021-06-30,264.0,1500.0,331,0.2231624999999999,23941
455,2021-07-01,279.0,1560.0,295,0.201795,24267
456,2021-07-02,297.0,1611.0,307,0.201795,22287
457,2021-07-03,296.0,1636.0,323,0.201795,20638
458,2021-07-04,305.0,1744.0,390,0.201795,21806
459,2021-07-05,330.0,1888.0,416,0.201795,30215
460,2021-07-06,353.0,1998.0,458,0.201795,31627
461,2021-07-07,377.0,2144.0,461,0.201795,34274
462,2021-07-08,376.0,2209.0,488,0.201795,29929
463,2021-07-09,393.0,2352.0,451,0.201795,29050
464,2021-07-10,398.0,2429.0,442,0.201795,25411
465,2021-07-11,408.0,2564.0,502,0.201795,27418
466,2021-07-12,433.0,2798.0,610,0.201795,40477
467,2021-07-13,470.0,2970.0,621,0.201795,43247
468,2021-07-14,489.0,3110.0,636,0.201795,50320
469,2021-07-15,493.0,3241.0,658,0.201795,57583
470,2021-07-16,512.0,3367.0,593,0.201795,51138
471,2021-07-17,514.0,3442.0,622,0.201795,35281
472,2021-07-18,512.0,3546.0,698,0.201795,33164
473,2021-07-19,543.0,3813.0,752,0.201795,43401
474,2021-07-20,544.0,3894.0,805,0.201795,35947
475,2021-07-21,567.0,4063.0,783,0.201795,31676
476,2021-07-22,612.0,4230.0,827,0.201795,27711
477,2021-07-23,625.0,4401.0,725,0.201795,24586
478,2021-07-24,659.0,4476.0,734,0.201795,20276
479,2021-07-25,675.0,4725.0,836,0.201795,19657
480,2021-07-26,712.0,5055.0,830,0.201795,26541
481,2021-07-27,738.0,5163.0,816,0.201795,26027
482,2021-07-28,748.0,5182.0,728,0.201795,26925
483,2021-07-29,765.0,5056.0,758,0.201795,25361
484,2021-07-30,785.0,5111.0,650,0.201795,22109
485,2021-07-31,789.0,5057.0,593,0.201795,18450
486,2021-08-01,769.0,5090.0,645,0.1804275,18714
487,2021-08-02,791.0,5309.0,686,0.1804275,26580
488,2021-08-03,780.0,5116.0,680,0.1804275,27062
489,2021-08-04,772.0,4944.0,747,0.1804275,28895
490,2021-08-05,770.0,4894.0,693,0.1804275,28126
491,2021-08-06,765.0,4879.0,657,0.1804275,24851
492,2021-08-07,760.0,4817.0,630,0.1804275,19957
493,2021-08-08,765.0,4939.0,651,0.1804275,20157
494,2021-08-09,762.0,5098.0,665,0.1804275,28292
495,2021-08-10,782.0,5096.0,760,0.1804275,27610
496,2021-08-11,777.0,5073.0,747,0.1804275,29135
497,2021-08-12,783.0,5029.0,758,0.1804275,27690
498,2021-08-13,793.0,5076.0,694,0.1804275,24992
499,2021-08-14,797.0,4973.0,689,0.1804275,21336
500,2021-08-15,800.0,5115.0,719,0.1804275,21280
501,2021-08-16,816.0,5429.0,776,0.1804275,30861
502,2021-08-17,825.0,5437.0,832,0.1804275,31095
503,2021-08-18,812.0,5514.0,795,0.1804275,31426
504,2021-08-19,835.0,5554.0,824,0.1804275,29081
505,2021-08-20,857.0,5576.0,733,0.1804275,25555
506,2021-08-21,858.0,5575.0,757,0.1804275,22605
507,2021-08-22,863.0,5749.0,726,0.1804275,22409
508,2021-08-23,845.0,6000.0,831,0.1804275,30333
509,2021-08-24,857.0,5911.0,818,0.1804275,28212
510,2021-08-25,871.0,5922.0,843,0.1804275,27901
511,2021-08-26,872.0,5893.0,777,0.1804275,26482
512,2021-08-27,874.0,5889.0,749,0.1804275,24253
513,2021-08-28,835.0,5756.0,688,0.1804275,20138
514,2021-08-29,850.0,5855.0,701,0.1804275,19152
515,2021-08-30,859.0,6002.0,808,0.1804275,24973
516,2021-08-31,879.0,6293.0,798,0.1804275,33565
517,2021-09-01,890.0,6236.0,835,0.15906,31600
518,2021-09-02,897.0,6186.0,788,0.15906,30636
519,2021-09-03,889.0,6195.0,688,0.15906,28730
520,2021-09-04,880.0,6043.0,752,0.15906,23409
521,2021-09-05,878.0,6167.0,691,0.15906,23457
522,2021-09-06,909.0,6375.0,831,0.15906,33135
523,2021-09-07,885.0,6244.0,801,0.15906,27938
524,2021-09-08,896.0,6302.0,900,0.15906,25659
525,2021-09-09,887.0,6254.0,790,0.15906,24440
526,2021-09-10,898.0,6400.0,680,0.15906,21031
527,2021-09-11,865.0,6206.0,649,0.15906,16956
528,2021-09-12,884.0,6253.0,658,0.15906,17879
529,2021-09-13,886.0,6424.0,688,0.15906,25199
530,2021-09-14,888.0,6344.0,701,0.15906,22641
531,2021-09-15,910.0,6306.0,691,0.15906,22414
532,2021-09-16,849.0,6081.0,672,0.15906,22320
533,2021-09-17,844.0,5910.0,540,0.15906,22375
534,2021-09-18,829.0,5688.0,560,0.15906,20926
535,2021-09-19,824.0,5695.0,572,0.15906,24789
536,2021-09-20,811.0,5727.0,606,0.15906,32121
537,2021-09-21,774.0,5543.0,602,0.15906,30547
538,2021-09-22,783.0,5406.0,572,0.15906,28789
539,2021-09-23,757.0,5214.0,577,0.15906,28340
540,2021-09-24,730.0,5036.0,557,0.15906,25754
541,2021-09-25,723.0,5100.0,520,0.15906,23389
542,2021-09-26,689.0,4949.0,535,0.15906,26814
543,2021-09-27,685.0,5121.0,617,0.15906,34595
544,2021-09-28,681.0,5126.0,596,0.15906,29628
545,2021-09-29,671.0,5017.0,625,0.15906,28688
546,2021-09-30,672.0,4916.0,552,0.15906,26808
547,2021-10-01,671.0,4799.0,520,0.1376925,24134
548,2021-10-02,630.0,4652.0,549,0.1376925,21873
549,2021-10-03,639.0,4778.0,577,0.1376925,27138
550,2021-10-04,632.0,4909.0,627,0.1376925,36475
551,2021-10-05,661.0,5006.0,658,0.1376925,32269
552,2021-10-06,663.0,5009.0,632,0.1376925,32547
553,2021-10-07,665.0,4962.0,634,0.1376925,32158
554,2021-10-08,647.0,4975.0,619,0.1376925,29848
555,2021-10-09,639.0,4921.0,613,0.1376925,27180
556,2021-10-10,622.0,5077.0,606,0.1376925,31499
557,2021-10-11,621.0,5206.0,685,0.1376925,43115
558,2021-10-12,657.0,5213.0,760,0.1376925,40892
559,2021-10-13,657.0,5246.0,752,0.1376925,40547
560,2021-10-14,655.0,5289.0,730,0.1376925,39262
561,2021-10-15,673.0,5363.0,752,0.1376925,36631
562,2021-10-16,681.0,5385.0,743,0.1376925,31639
563,2021-10-17,695.0,5623.0,828,0.1376925,37501
564,2021-10-18,703.0,5938.0,896,0.1376925,49257
565,2021-10-19,733.0,6099.0,894,0.1376925,44630
566,2021-10-20,746.0,6299.0,903,0.1376925,43963
567,2021-10-21,750.0,6366.0,799,0.1376925,38581
568,2021-10-22,746.0,6405.0,760,0.1376925,34506
569,2021-10-23,728.0,6386.0,756,0.1376925,29747
570,2021-10-24,745.0,6515.0,829,0.1376925,30091
571,2021-10-25,776.0,6801.0,865,0.1376925,39958
572,2021-10-26,803.0,6883.0,911,0.1376925,35276
573,2021-10-27,799.0,6951.0,955,0.1376925,36524
574,2021-10-28,794.0,7019.0,888,0.1376925,35076
575,2021-10-29,809.0,7113.0,840,0.1376925,33995
576,2021-10-30,812.0,7155.0,741,0.1376925,28243
577,2021-10-31,815.0,7311.0,860,0.1376925,29564
578,2021-11-01,859.0,7535.0,899,0.116325,37663
579,2021-11-02,859.0,7510.0,891,0.116325,31328
580,2021-11-03,854.0,7291.0,807,0.116325,29396
581,2021-11-04,867.0,7201.0,717,0.116325,27379
582,2021-11-05,860.0,7072.0,686,0.116325,24405
583,2021-11-06,856.0,6874.0,688,0.116325,22581
584,2021-11-07,846.0,6910.0,739,0.116325,25447
585,2021-11-08,869.0,7075.0,850,0.116325,36138
586,2021-11-09,865.0,7053.0,808,0.116325,34679
587,2021-11-10,846.0,6961.0,821,0.116325,35390
588,2021-11-11,842.0,6861.0,797,0.116325,33700
589,2021-11-12,838.0,6777.0,729,0.116325,31337
590,2021-11-13,830.0,6639.0,655,0.116325,27358
591,2021-11-14,841.0,6707.0,678,0.116325,29599
592,2021-11-15,821.0,6864.0,695,0.116325,42477
593,2021-11-16,796.0,6623.0,713,0.116325,38656
594,2021-11-17,792.0,6412.0,727,0.116325,38257
595,2021-11-18,779.0,6336.0,697,0.116325,37099
596,2021-11-19,769.0,6310.0,637,0.116325,33184
597,2021-11-20,764.0,6191.0,611,0.116325,29868
598,2021-11-21,776.0,6322.0,648,0.116325,31761
599,2021-11-22,785.0,6424.0,602,0.116325,42869
600,2021-11-23,780.0,6257.0,659,0.116325,41015
601,2021-11-24,783.0,6062.0,752,0.116325,39881
602,2021-11-25,790.0,6068.0,650,0.116325,37143
603,2021-11-26,796.0,5992.0,620,0.116325,33666
604,2021-11-27,787.0,5852.0,609,0.116325,28459
605,2021-11-28,793.0,5890.0,607,0.116325,33857
606,2021-11-29,793.0,6094.0,669,0.116325,47939
607,2021-11-30,806.0,6123.0,699,0.116325,47632
608,2021-12-01,773.0,5829.0,698,0.0949575,47263
609,2021-12-02,774.0,5915.0,719,0.0949575,43045
610,2021-12-03,783.0,5851.0,624,0.0949575,39222
611,2021-12-04,775.0,5784.0,635,0.0949575,33379
612,2021-12-05,770.0,5903.0,728,0.0949575,35037
613,2021-12-06,793.0,5992.0,736,0.0949575,51123
614,2021-12-07,779.0,6027.0,799,0.0949575,48146
615,2021-12-08,778.0,6053.0,754,0.0949575,50059
616,2021-12-09,792.0,6130.0,799,0.0949575,48817
617,2021-12-10,793.0,6088.0,707,0.0949575,45018
618,2021-12-11,785.0,6095.0,696,0.0949575,41940
619,2021-12-12,788.0,6223.0,772,0.0949575,46367
620,2021-12-13,795.0,6395.0,794,0.0949575,76507
621,2021-12-14,795.0,6434.0,815,0.0949575,90717
622,2021-12-15,786.0,6358.0,805,0.0949575,99654
623,2021-12-16,783.0,6405.0,777,0.0949575,93804
624,2021-12-17,789.0,6321.0,743,0.0949575,84967
625,2021-12-18,767.0,6287.0,735,0.0949575,78930
626,2021-12-19,767.0,6434.0,926,0.0949575,78497
627,2021-12-20,768.0,6688.0,1061,0.0949575,117577
628,2021-12-21,757.0,6902.0,1098,0.0949575,129599
629,2021-12-22,745.0,7080.0,1246,0.0949575,138142
630,2021-12-23,747.0,7114.0,1252,0.0949575,137021
631,2021-12-24,742.0,7366.0,1020,0.0949575,117562
632,2021-12-25,745.0,7166.0,1281,0.0949575,59912
633,2021-12-26,758.0,7536.0,1374,0.0949575,98918
634,2021-12-27,776.0,8474.0,1751,0.0949575,155567
635,2021-12-28,758.0,9546.0,2082,0.0949575,170586
636,2021-12-29,771.0,10462.0,2370,0.0949575,224031
637,2021-12-30,782.0,11452.0,2114,0.0949575,192825
638,2021-12-31,789.0,12395.0,1781,0.0949575,152887
639,2022-01-01,765.0,12615.0,1819,0.07359,99303
640,2022-01-02,769.0,13151.0,1881,0.07359,148609
641,2022-01-03,777.0,14210.0,2219,0.07359,193617
642,2022-01-04,797.0,15044.0,2101,0.07359,234873
643,2022-01-05,769.0,15659.0,2139,0.07359,183798
644,2022-01-06,762.0,16058.0,2043,0.07359,150786
645,2022-01-07,728.0,16163.0,1772,0.07359,105080
646,2022-01-08,708.0,16034.0,1862,0.07359,81221
647,2022-01-09,704.0,16399.0,1975,0.07359,83081
648,2022-01-10,707.0,17120.0,2180,0.07359,116343
649,2022-01-11,686.0,16939.0,2127,0.07359,100979
650,2022-01-12,672.0,16881.0,1955,0.07359,90000
651,2022-01-13,666.0,16716.0,1916,0.07359,84132
652,2022-01-14,637.0,16537.0,1692,0.07359,75174
653,2022-01-15,608.0,16281.0,1604,0.07359,67821
654,2022-01-16,619.0,16372.0,1768,0.07359,85599
655,2022-01-17,623.0,16621.0,1808,0.07359,114776
656,2022-01-18,614.0,16218.0,1794,0.07359,103308
657,2022-01-19,586.0,15742.0,1778,0.07359,97335
658,2022-01-20,573.0,15302.0,1698,0.07359,86951
659,2022-01-21,552.0,14865.0,1453,0.07359,79172
660,2022-01-22,545.0,14320.0,1277,0.07359,70483
661,2022-01-23,524.0,14334.0,1535,0.07359,88558
662,2022-01-24,521.0,14563.0,1593,0.07359,109233
663,2022-01-25,501.0,14088.0,1681,0.07359,96955
664,2022-01-26,493.0,13948.0,1689,0.07359,93211
665,2022-01-27,481.0,13651.0,1503,0.07359,82726
666,2022-01-28,467.0,13462.0,1342,0.07359,71682
667,2022-01-29,458.0,12672.0,1325,0.07359,63024
668,2022-01-30,457.0,12992.0,1285,0.07359,74980
669,2022-01-31,449.0,13331.0,1451,0.07359,88502
670,2022-02-01,449.0,12896.0,1537,0.0522225,78511
671,2022-02-02,432.0,12577.0,1451,0.0522225,73908
672,2022-02-03,429.0,12423.0,1292,0.0522225,64032
673,2022-02-04,425.0,12032.0,1186,0.0522225,52556
674,2022-02-05,409.0,11604.0,1077,0.0522225,43233
675,2022-02-06,391.0,11529.0,1211,0.0522225,50148
676,2022-02-07,395.0,11710.0,1234,0.0522225,62672
677,2022-02-08,385.0,11471.0,1266,0.0522225,55437
678,2022-02-09,384.0,11071.0,1220,0.0522225,51013
679,2022-02-10,384.0,10734.0,1167,0.0522225,41331
680,2022-02-11,372.0,10367.0,996,0.0522225,34944
681,2022-02-12,360.0,10010.0,989,0.0522225,29142
682,2022-02-13,348.0,10049.0,1029,0.0522225,32326
683,2022-02-14,355.0,10273.0,1132,0.0522225,42490
684,2022-02-15,323.0,10019.0,1144,0.0522225,40145
685,2022-02-16,326.0,9804.0,1120,0.0522225,39445
686,2022-02-17,303.0,9600.0,971,0.0522225,34168
687,2022-02-18,303.0,9258.0,900,0.0522225,24923
688,2022-02-19,296.0,9187.0,834,0.0522225,26429
689,2022-02-20,304.0,9058.0,971,0.0522225,28411
690,2022-02-21,292.0,9229.0,1030,0.0522225,33033
691,2022-02-22,284.0,8948.0,976,0.0522225,28019
692,2022-02-23,278.0,8868.0,976,0.0522225,26009
693,2022-02-24,262.0,8645.0,984,0.0522225,21882
694,2022-02-25,246.0,8498.0,841,0.0522225,19533
695,2022-02-26,226.0,8197.0,888,0.0522225,17604
696,2022-02-27,239.0,8305.0,949,0.0522225,22165
697,2022-02-28,254.0,8538.0,1145,0.0522225,31865
698,2022-03-01,245.0,8486.0,1111,0.030855,31864
699,2022-03-02,249.0,8402.0,1184,0.030855,33361
700,2022-03-03,234.0,8210.0,1226,0.030855,31533
701,2022-03-04,232.0,8403.0,1044,0.030855,30605
702,2022-03-05,231.0,8400.0,1050,0.030855,28509
703,2022-03-06,234.0,8502.0,1260,0.030855,35914
704,2022-03-07,239.0,8923.0,1278,0.030855,50982
705,2022-03-08,242.0,9176.0,1389,0.030855,52342
706,2022-03-09,235.0,9163.0,1521,0.030855,55491
707,2022-03-10,221.0,9241.0,1414,0.030855,54298
708,2022-03-11,221.0,9369.0,1412,0.030855,52270
709,2022-03-12,216.0,9618.0,1368,0.030855,49161
710,2022-03-13,215.0,9908.0,1591,0.030855,60270
711,2022-03-14,239.0,10576.0,1651,0.030855,79517
712,2022-03-15,235.0,10877.0,1800,0.030855,74101
713,2022-03-16,236.0,11010.0,1823,0.030855,73952
714,2022-03-17,249.0,11346.0,1738,0.030855,67687
715,2022-03-18,240.0,11595.0,1629,0.030855,61904
716,2022-03-19,231.0,11638.0,1813,0.030855,55211
717,2022-03-20,237.0,12070.0,1793,0.030855,66907
718,2022-03-21,252.0,12753.0,1984,0.030855,89907
719,2022-03-22,269.0,13060.0,2098,0.030855,81845
720,2022-03-23,260.0,13248.0,2137,0.030855,77600
721,2022-03-24,286.0,13602.0,2006,0.030855,68604
722,2022-03-25,290.0,13842.0,1925,0.030855,60256
723,2022-03-26,304.0,13796.0,1869,0.030855,51776
724,2022-03-27,303.0,14465.0,2037,0.030855,58000
725,2022-03-28,319.0,15170.0,2280,0.030855,78909
726,2022-03-29,325.0,15411.0,2219,0.030855,67441
727,2022-03-30,318.0,15632.0,2355,0.030855,62750
728,2022-03-31,311.0,15648.0,2124,0.030855,45879
729,2022-04-01,311.0,15966.0,1846,0.0094874999999998,40342
730,2022-04-02,308.0,15739.0,1826,0.0094874999999998,31609
731,2022-04-03,306.0,15989.0,2103,0.0094874999999998,35606
732,2022-04-04,306.0,16466.0,2164,0.0094874999999998,45140
733,2022-04-05,319.0,16552.0,2308,0.0094874999999998,40393
734,2022-04-06,317.0,16587.0,2176,0.0094874999999998,36891
735,2022-04-07,312.0,16600.0,1999,0.0094874999999998,31745
736,2022-04-08,315.0,16366.0,1751,0.0094874999999998,27391
737,2022-04-09,323.0,15876.0,1702,0.0094874999999998,23013
738,2022-04-10,329.0,16039.0,1792,0.0094874999999998,25641
739,2022-04-11,337.0,16442.0,1909,0.0094874999999998,30597
740,2022-04-12,339.0,16131.0,2003,0.0094874999999998,27382
741,2022-04-13,306.0,15399.0,1898,0.0094874999999998,25507
742,2022-04-14,299.0,14955.0,1662,0.0094874999999998,21433
743,2022-04-15,271.0,14394.0,1416,0.0094874999999998,17306
744,2022-04-16,285.0,14335.0,1288,0.0094874999999998,16091
745,2022-04-17,280.0,14254.0,1347,0.0094874999999998,16262
746,2022-04-18,274.0,14183.0,1506,0.0094874999999998,20566
747,2022-04-19,296.0,14607.0,1435,0.0094874999999998,20595
748,2022-04-20,309.0,14164.0,1322,0.0094874999999998,16973
749,2022-04-21,294.0,13392.0,1264,0.0094874999999998,14520
750,2022-04-22,283.0,12883.0,1184,0.0094874999999998,12526
751,2022-04-23,286.0,12156.0,1087,0.0094874999999998,10573
752,2022-04-24,287.0,12083.0,1077,0.0094874999999998,11867
753,2022-04-25,276.0,11992.0,1138,0.0094874999999998,13403
754,2022-04-26,276.0,11320.0,1100,0.0094874999999998,11293
755,2022-04-27,260.0,10965.0,1082,0.0094874999999998,10120
756,2022-04-28,252.0,10432.0,936,0.0094874999999998,9056
757,2022-04-29,259.0,9938.0,872,0.0094874999999998,7992
758,2022-04-30,265.0,9499.0,718,0.0094874999999998,6863
759,2022-05-01,256.0,9355.0,807,-0.0118800000000001,7718
760,2022-05-02,248.0,9326.0,828,-0.0118800000000001,10343
761,2022-05-03,237.0,9243.0,893,-0.0118800000000001,11155
762,2022-05-04,241.0,8950.0,873,-0.0118800000000001,9783
763,2022-05-05,224.0,8596.0,777,-0.0118800000000001,8592
764,2022-05-06,211.0,8170.0,721,-0.0118800000000001,7518
765,2022-05-07,199.0,7768.0,607,-0.0118800000000001,6354
766,2022-05-08,199.0,7715.0,669,-0.0118800000000001,7664
767,2022-05-09,187.0,7647.0,731,-0.0118800000000001,8876
768,2022-05-10,175.0,7363.0,726,-0.0118800000000001,8154
769,2022-05-11,170.0,7034.0,671,-0.0118800000000001,7265
770,2022-05-12,162.0,6602.0,680,-0.0118800000000001,6376
771,2022-05-13,162.0,6366.0,542,-0.0118800000000001,5794
772,2022-05-14,168.0,6147.0,553,-0.0118800000000001,5139
773,2022-05-15,170.0,6158.0,566,-0.0118800000000001,6730
774,2022-05-16,159.0,6024.0,589,-0.0118800000000001,7883
775,2022-05-17,173.0,5733.0,576,-0.0118800000000001,6833
776,2022-05-18,161.0,5425.0,626,-0.0118800000000001,6392
777,2022-05-19,165.0,5356.0,573,-0.0118800000000001,5785
778,2022-05-20,171.0,5187.0,450,-0.0118800000000001,5049
779,2022-05-21,164.0,5065.0,387,-0.0118800000000001,4243
780,2022-05-22,156.0,5047.0,463,-0.0118800000000001,5151
781,2022-05-23,150.0,5010.0,505,-0.0118800000000001,6248
782,2022-05-24,142.0,4639.0,461,-0.0118800000000001,5593
783,2022-05-25,137.0,4489.0,475,-0.0118800000000001,5189
784,2022-05-26,134.0,4365.0,421,-0.0118800000000001,4819
785,2022-05-27,134.0,4197.0,442,-0.0118800000000001,4494
786,2022-05-28,127.0,4013.0,382,-0.0118800000000001,4153
787,2022-05-29,124.0,4018.0,428,-0.0118800000000001,4687
788,2022-05-30,121.0,4091.0,465,-0.0118800000000001,5928
789,2022-05-31,119.0,4036.0,502,-0.0118800000000001,5734
790,2022-06-01,123.0,3800.0,480,-0.0332475000000001,5711
791,2022-06-02,126.0,3841.0,412,-0.0332475000000001,5081
792,2022-06-03,125.0,3849.0,404,-0.0332475000000001,5581
793,2022-06-04,111.0,3835.0,443,-0.0332475000000001,6278
794,2022-06-05,113.0,3965.0,531,-0.0332475000000001,8350
795,2022-06-06,120.0,4126.0,606,-0.0332475000000001,9798
796,2022-06-07,116.0,4108.0,577,-0.0332475000000001,9484
797,2022-06-08,124.0,4096.0,664,-0.0332475000000001,9952
798,2022-06-09,127.0,4082.0,627,-0.0332475000000001,9589
799,2022-06-10,117.0,4262.0,589,-0.0332475000000001,9153
800,2022-06-11,125.0,4257.0,583,-0.0332475000000001,8468
801,2022-06-12,126.0,4408.0,659,-0.0332475000000001,10718
802,2022-06-13,128.0,4602.0,722,-0.0332475000000001,12954
803,2022-06-14,130.0,4722.0,763,-0.0332475000000001,12660
804,2022-06-15,132.0,4843.0,842,-0.0332475000000001,12387
805,2022-06-16,130.0,5008.0,822,-0.0332475000000001,11915
806,2022-06-17,120.0,5037.0,829,-0.0332475000000001,11640
807,2022-06-18,138.0,5183.0,797,-0.0332475000000001,11634
808,2022-06-19,139.0,5436.0,942,-0.0332475000000001,14524
809,2022-06-20,150.0,5726.0,1055,-0.0332475000000001,16918
810,2022-06-21,149.0,6002.0,1155,-0.0332475000000001,17531
811,2022-06-22,149.0,6177.0,1133,-0.0332475000000001,17764
812,2022-06-23,154.0,6401.0,1210,-0.0332475000000001,16698
813,2022-06-24,168.0,6752.0,1072,-0.0332475000000001,15626
814,2022-06-25,177.0,6973.0,1011,-0.0332475000000001,14478
815,2022-06-26,188.0,7455.0,1276,-0.0332475000000001,18039
816,2022-06-27,192.0,7822.0,1438,-0.0332475000000001,21896
817,2022-06-28,205.0,8120.0,1454,-0.0332475000000001,21869
818,2022-06-29,200.0,8587.0,1572,-0.0332475000000001,21720
819,2022-06-30,211.0,8928.0,1596,-0.0332475000000001,21513
820,2022-07-01,219.0,9389.0,1326,-0.0546150000000001,21067
821,2022-07-02,213.0,9632.0,1374,-0.0546150000000001,19586
822,2022-07-03,218.0,9956.0,1795,-0.0546150000000001,25172
823,2022-07-04,223.0,10658.0,1911,-0.0546150000000001,30388
824,2022-07-05,229.0,11049.0,1926,-0.0546150000000001,28118
825,2022-07-06,217.0,11465.0,1945,-0.0546150000000001,26741
826,2022-07-07,232.0,11878.0,1967,-0.0546150000000001,24049
827,2022-07-08,228.0,12283.0,1696,-0.0546150000000001,22173
828,2022-07-09,229.0,12440.0,1601,-0.0546150000000001,19354
829,2022-07-10,250.0,12879.0,1889,-0.0546150000000001,23046
830,2022-07-11,264.0,13336.0,2005,-0.0546150000000001,27198
831,2022-07-12,264.0,13621.0,1945,-0.0546150000000001,24377
832,2022-07-13,274.0,13741.0,1946,-0.0546150000000001,21639
833,2022-07-14,282.0,13807.0,1839,-0.0546150000000001,19340
834,2022-07-15,287.0,13975.0,1487,-0.0546150000000001,16626
835,2022-07-16,305.0,13701.0,1373,-0.0546150000000001,13677
836,2022-07-17,292.0,13840.0,1694,-0.0546150000000001,15702
837,2022-07-18,307.0,14044.0,1754,-0.0546150000000001,16919
838,2022-07-19,318.0,13837.0,1834,-0.0546150000000001,14866
839,2022-07-20,287.0,13545.0,1715,-0.0546150000000001,14533
840,2022-07-21,283.0,13375.0,1550,-0.0546150000000001,12791
841,2022-07-22,292.0,13182.0,1231,-0.0546150000000001,11177
842,2022-07-23,279.0,12475.0,1139,-0.0546150000000001,8909
843,2022-07-24,300.0,12591.0,1307,-0.0546150000000001,10216
844,2022-07-25,303.0,12529.0,1345,-0.0546150000000001,11929
845,2022-07-26,290.0,12113.0,1318,-0.0546150000000001,10482
846,2022-07-27,273.0,11914.0,1197,-0.0546150000000001,9435
847,2022-07-28,268.0,11437.0,1165,-0.0546150000000001,8339
848,2022-07-29,253.0,11149.0,996,-0.0546150000000001,7585
849,2022-07-30,241.0,10529.0,936,-0.0546150000000001,6612
850,2022-07-31,232.0,10431.0,1138,-0.0546150000000001,7672
851,2022-08-01,245.0,10417.0,1120,-0.0759825000000001,8814
852,2022-08-02,240.0,10177.0,1062,-0.0759825000000001,8165
853,2022-08-03,232.0,9817.0,1059,-0.0759825000000001,7419
854,2022-08-04,231.0,9498.0,1017,-0.0759825000000001,6524
855,2022-08-05,229.0,9152.0,910,-0.0759825000000001,5859
856,2022-08-06,221.0,8806.0,775,-0.0759825000000001,4852
857,2022-08-07,217.0,8805.0,899,-0.0759825000000001,5897
858,2022-08-08,222.0,8888.0,975,-0.0759825000000001,7226
859,2022-08-09,233.0,8624.0,973,-0.0759825000000001,6462
860,2022-08-10,216.0,8487.0,1009,-0.0759825000000001,6003
861,2022-08-11,206.0,8327.0,901,-0.0759825000000001,5446
862,2022-08-12,196.0,8072.0,740,-0.0759825000000001,4781
863,2022-08-13,192.0,7993.0,762,-0.0759825000000001,3978
864,2022-08-14,191.0,8158.0,759,-0.0759825000000001,4781
865,2022-08-15,198.0,8088.0,861,-0.0759825000000001,5606
