date,covidOccupiedMVBeds,hospitalCases,newAdmissions,new_confirmed,new_deceased,covidOccupiedMVBeds_lag_1,covidOccupiedMVBeds_lag_2,covidOccupiedMVBeds_lag_3,covidOccupiedMVBeds_lag_5,covidOccupiedMVBeds_lag_7,covidOccupiedMVBeds_lag_14,covidOccupiedMVBeds_lag_21,month,day,day_of_week,susceptible,exposed,active_cases,recovered,cumulative_deceased
2020-05-01,712.0,2596.0,201,355.0,42.0,723.0,733.0,755.0,831.0,836.0,982.0,1057.0,5,1,4,8954095.0,-12.285504,22690.895,-32.613026,5506.8027
2020-05-02,678.0,2432.0,150,248.0,52.0,712.0,723.0,733.0,800.0,868.0,992.0,1035.0,5,2,5,8950943.0,13936.139,22516.533,1638.3779,5508.523
2020-05-03,638.0,2390.0,157,170.0,43.0,678.0,712.0,723.0,755.0,831.0,991.0,1035.0,5,3,6,8957262.0,17855.506,23400.936,-4881.1787,5544.736
2020-05-04,587.0,2328.0,169,245.0,37.0,638.0,678.0,712.0,733.0,800.0,1019.0,1046.0,5,4,0,8954641.0,18558.42,22969.748,-88.820175,5554.491
2020-05-05,565.0,2270.0,178,216.0,34.0,587.0,638.0,678.0,723.0,755.0,972.0,1026.0,5,5,1,8953184.0,20188.898,22702.023,-738.0193,5605.81
2020-05-06,580.0,2154.0,216,267.0,43.0,565.0,587.0,638.0,712.0,733.0,927.0,1023.0,5,6,2,8952502.0,20357.217,22463.371,-2605.6707,5652.6675
2020-05-07,565.0,2086.0,202,273.0,28.0,580.0,565.0,587.0,678.0,723.0,897.0,1012.0,5,7,3,8952561.0,20724.777,22298.982,-2747.8872,5677.5405
2020-05-08,531.0,1955.0,99,208.0,30.0,565.0,580.0,565.0,638.0,712.0,836.0,982.0,5,8,4,8953032.0,21812.207,22316.959,-1328.99,5691.2705
2020-05-09,516.0,1971.0,85,128.0,25.0,531.0,565.0,580.0,587.0,678.0,868.0,992.0,5,9,5,8953473.0,23263.232,22658.863,455.01736,5703.9834
2020-05-10,466.0,1889.0,86,123.0,27.0,516.0,531.0,565.0,565.0,638.0,831.0,991.0,5,10,6,8953626.0,24730.37,23374.713,1731.0531,5720.188
2020-05-11,457.0,1880.0,91,160.0,23.0,466.0,516.0,531.0,580.0,587.0,800.0,1019.0,5,11,0,8953428.0,26026.422,24350.469,2202.1267,5740.975
2020-05-12,425.0,1827.0,80,191.0,15.0,457.0,466.0,516.0,565.0,565.0,755.0,972.0,5,12,1,8952950.0,27055.14,25364.123,1963.9021,5765.6294
2020-05-13,413.0,1777.0,91,203.0,12.0,425.0,457.0,466.0,531.0,580.0,733.0,927.0,5,13,2,8952328.0,27752.994,26182.432,1289.0292,5792.5273
2020-05-14,395.0,1667.0,91,159.0,17.0,413.0,425.0,457.0,516.0,565.0,723.0,897.0,5,14,3,8951698.0,28077.957,26633.283,482.49738,5819.873
2020-05-15,405.0,1625.0,77,132.0,18.0,395.0,413.0,425.0,466.0,531.0,712.0,836.0,5,15,4,8951157.0,28012.16,26631.693,-200.26688,5846.1963
2020-05-16,384.0,1552.0,59,74.0,10.0,405.0,395.0,413.0,457.0,516.0,678.0,868.0,5,16,5,8950750.0,27564.312,26170.951,-581.1811,5870.586
2020-05-17,374.0,1454.0,51,79.0,14.0,384.0,405.0,395.0,425.0,466.0,638.0,831.0,5,17,6,8950486.0,26766.146,25298.9,-563.8287,5892.65
2020-05-18,349.0,1496.0,74,113.0,13.0,374.0,384.0,405.0,413.0,457.0,587.0,800.0,5,18,0,8950349.0,25666.031,24092.588,-118.471924,5912.3647
2020-05-19,333.0,1390.0,89,128.0,20.0,349.0,374.0,384.0,395.0,425.0,565.0,755.0,5,19,1,8950310.0,24322.27,22638.29,733.77386,5929.924
2020-05-20,313.0,1247.0,71,141.0,16.0,333.0,349.0,374.0,405.0,413.0,580.0,733.0,5,20,2,8950342.0,22795.611,21019.184,1942.5503,5945.613
2020-05-21,307.0,1224.0,76,157.0,12.0,313.0,333.0,349.0,384.0,395.0,565.0,723.0,5,21,3,8950415.0,21144.688,19308.053,3439.974,5959.7373
2020-05-22,287.0,1240.0,77,86.0,8.0,307.0,313.0,333.0,374.0,405.0,531.0,712.0,5,22,4,8950508.0,19423.41,17566.006,5152.379,5972.5723
2020-05-23,272.0,1165.0,43,64.0,6.0,287.0,307.0,313.0,349.0,384.0,516.0,678.0,5,23,5,8950607.0,17678.752,15840.429,7007.7954,5984.349
2020-05-24,271.0,1160.0,41,51.0,6.0,272.0,287.0,307.0,333.0,374.0,466.0,638.0,5,24,6,8950699.0,15949.311,14168.069,8941.502,5995.2573
2020-05-25,276.0,1174.0,49,58.0,9.0,271.0,272.0,287.0,313.0,349.0,457.0,587.0,5,25,0,8950778.0,14267.09,12574.704,10896.002,6005.4326
2020-05-26,268.0,1144.0,67,64.0,11.0,276.0,271.0,272.0,307.0,333.0,425.0,565.0,5,26,1,8950841.0,12656.367,11077.944,12824.01,6014.9854
2020-05-27,228.0,1091.0,69,83.0,8.0,268.0,276.0,271.0,287.0,313.0,413.0,580.0,5,27,2,8950885.0,11134.958,9688.847,14687.618,6023.9854
2020-05-28,222.0,1029.0,57,74.0,9.0,228.0,268.0,276.0,272.0,307.0,395.0,565.0,5,28,3,8950911.0,9715.43,8413.412,16457.713,6032.5005
2020-05-29,207.0,1002.0,51,57.0,5.0,222.0,228.0,268.0,271.0,287.0,405.0,531.0,5,29,4,8950920.0,8405.173,7253.1157,18112.879,6040.5693
2020-05-30,213.0,915.0,30,38.0,7.0,207.0,222.0,228.0,276.0,272.0,384.0,516.0,5,30,5,8950914.0,7208.506,6206.711,19639.74,6048.2173
2020-05-31,197.0,891.0,42,37.0,5.0,213.0,207.0,222.0,268.0,271.0,374.0,466.0,5,31,6,8950895.0,6125.716,5270.7056,21028.275,6055.47
2020-06-01,170.0,862.0,48,50.0,5.0,197.0,213.0,207.0,228.0,276.0,349.0,457.0,6,1,0,8950862.0,5155.2163,4440.2534,22276.36,6062.3545
2020-06-02,159.0,855.0,51,50.0,7.0,170.0,197.0,213.0,222.0,268.0,333.0,425.0,6,2,1,8950821.0,4293.549,3709.2034,23382.719,6068.879
2020-06-03,148.0,813.0,68,78.0,6.0,159.0,170.0,197.0,207.0,228.0,313.0,413.0,6,3,2,8950770.0,3535.3157,3070.6147,24351.766,6075.0547
2020-06-04,139.0,795.0,58,57.0,6.0,148.0,159.0,170.0,213.0,222.0,307.0,395.0,6,4,3,8950712.0,2874.8308,2517.7395,25187.97,6080.9
2020-06-05,137.0,783.0,50,46.0,2.0,139.0,148.0,159.0,197.0,207.0,287.0,405.0,6,5,4,8950647.0,2304.9243,2042.904,25899.613,6086.4224
2020-06-06,140.0,707.0,46,46.0,3.0,137.0,139.0,148.0,170.0,213.0,272.0,384.0,6,6,5,8950579.0,1819.337,1639.6505,26493.465,6091.6323
2020-06-07,134.0,691.0,56,45.0,5.0,140.0,137.0,139.0,159.0,197.0,271.0,374.0,6,7,6,8950505.0,1410.5281,1300.8252,26979.633,6096.546
2020-06-08,134.0,701.0,69,55.0,8.0,134.0,140.0,137.0,148.0,170.0,276.0,349.0,6,8,0,8950429.0,1071.4286,1019.8478,27367.771,6101.174
2020-06-09,129.0,707.0,35,71.0,2.0,134.0,134.0,140.0,139.0,159.0,268.0,333.0,6,9,1,8950349.0,795.02026,790.283,27666.697,6105.5225
2020-06-10,115.0,675.0,41,52.0,6.0,129.0,134.0,134.0,137.0,148.0,228.0,313.0,6,10,2,8950267.0,574.6899,606.61285,27886.236,6109.6143
2020-06-11,100.0,620.0,32,46.0,5.0,115.0,129.0,134.0,140.0,139.0,222.0,307.0,6,11,3,8950183.0,404.02667,462.9524,28035.742,6113.446
2020-06-12,100.0,568.0,30,53.0,5.0,100.0,115.0,129.0,134.0,137.0,207.0,287.0,6,12,4,8950097.0,277.10895,354.65485,28123.945,6117.04
2020-06-13,100.0,540.0,20,39.0,1.0,100.0,100.0,115.0,134.0,140.0,213.0,272.0,6,13,5,8950011.0,188.33574,276.79834,28159.016,6120.4033
2020-06-14,100.0,531.0,22,30.0,2.0,100.0,100.0,100.0,129.0,134.0,197.0,271.0,6,14,6,8949923.0,132.22404,225.30925,28149.275,6123.5483
2020-06-15,98.0,503.0,49,40.0,3.0,100.0,100.0,100.0,115.0,134.0,170.0,276.0,6,15,0,8949834.0,104.859886,196.57257,28100.723,6126.488
2020-06-16,97.0,539.0,56,47.0,1.0,98.0,100.0,100.0,100.0,129.0,159.0,268.0,6,16,1,8949745.0,100.962776,186.4918,28022.174,6129.235
2020-06-17,84.0,508.0,56,42.0,1.0,97.0,98.0,100.0,100.0,115.0,148.0,228.0,6,17,2,8949654.0,117.428505,192.69771,27917.738,6131.8027
2020-06-18,83.0,494.0,50,47.0,0.0,84.0,97.0,98.0,100.0,100.0,139.0,222.0,6,18,3,8949564.0,150.29248,212.20961,27793.648,6134.195
2020-06-19,72.0,466.0,47,38.0,2.0,83.0,84.0,97.0,100.0,100.0,137.0,207.0,6,19,4,8949473.0,196.87227,242.67354,27655.107,6136.433
2020-06-20,71.0,466.0,19,29.0,2.0,72.0,83.0,84.0,98.0,100.0,140.0,213.0,6,20,5,8949383.0,253.97934,281.55212,27506.117,6138.522
2020-06-21,69.0,446.0,25,26.0,2.0,71.0,72.0,83.0,97.0,100.0,134.0,197.0,6,21,6,8949292.0,319.1843,327.2786,27350.936,6140.4756
2020-06-22,75.0,453.0,60,53.0,3.0,69.0,71.0,72.0,84.0,98.0,134.0,170.0,6,22,0,8949201.0,390.69888,378.20975,27192.14,6142.2983
2020-06-23,80.0,452.0,69,50.0,0.0,75.0,69.0,71.0,83.0,97.0,129.0,159.0,6,23,1,8949111.0,466.1443,432.83237,27033.303,6144.0024
2020-06-24,77.0,477.0,51,46.0,4.0,80.0,75.0,69.0,72.0,84.0,115.0,148.0,6,24,2,8949021.0,544.44086,490.16052,26876.916,6145.6045
2020-06-25,67.0,439.0,47,58.0,1.0,77.0,80.0,75.0,71.0,83.0,100.0,139.0,6,25,3,8948931.0,623.9015,548.70386,26725.045,6147.1035
2020-06-26,67.0,423.0,39,48.0,0.0,67.0,77.0,80.0,69.0,72.0,100.0,137.0,6,26,4,8948842.0,703.3453,607.97327,26579.54,6148.5156
2020-06-27,62.0,408.0,29,32.0,0.0,67.0,67.0,77.0,75.0,71.0,100.0,140.0,6,27,5,8948754.0,782.02985,667.0363,26441.773,6149.848
2020-06-28,63.0,392.0,18,22.0,1.0,62.0,67.0,67.0,80.0,69.0,100.0,134.0,6,28,6,8948666.0,858.6731,725.3045,26313.21,6151.1055
2020-06-29,62.0,398.0,20,59.0,1.0,63.0,62.0,67.0,77.0,75.0,98.0,134.0,6,29,0,8948579.0,932.9882,782.4034,26194.346,6152.3
2020-06-30,66.0,386.0,28,52.0,1.0,62.0,63.0,62.0,67.0,80.0,97.0,129.0,6,30,1,8948493.0,1004.3172,837.62976,26086.361,6153.4272
2020-07-01,59.0,334.0,53,43.0,1.0,66.0,62.0,63.0,67.0,77.0,84.0,115.0,7,1,2,8948407.0,1072.0696,891.0983,25989.535,6154.514
2020-07-02,54.0,320.0,27,43.0,2.0,59.0,66.0,62.0,62.0,67.0,83.0,100.0,7,2,3,8948323.0,1136.2961,942.19,25904.816,6155.5522
2020-07-03,51.0,316.0,20,38.0,1.0,54.0,59.0,66.0,63.0,67.0,72.0,100.0,7,3,4,8948239.0,1196.3893,990.85126,25831.537,6156.5566
2020-07-04,51.0,293.0,16,32.0,1.0,51.0,54.0,59.0,62.0,62.0,71.0,100.0,7,4,5,8948156.0,1252.4841,1036.998,25769.846,6157.519
2020-07-05,47.0,288.0,23,52.0,3.0,51.0,51.0,54.0,66.0,63.0,69.0,100.0,7,5,6,8948075.0,1304.142,1080.4316,25720.95,6158.4536
2020-07-06,52.0,291.0,30,55.0,3.0,47.0,51.0,51.0,59.0,62.0,75.0,98.0,7,6,0,8947995.0,1351.7677,1121.4426,25682.87,6159.369
2020-07-07,48.0,284.0,26,60.0,1.0,52.0,47.0,51.0,54.0,66.0,80.0,97.0,7,7,1,8947915.0,1394.9227,1159.6487,25656.701,6160.256
2020-07-08,45.0,269.0,30,59.0,3.0,48.0,52.0,47.0,51.0,59.0,77.0,84.0,7,8,2,8947838.0,1434.0288,1195.2714,25641.541,6161.1333
2020-07-09,45.0,265.0,27,54.0,2.0,45.0,48.0,52.0,51.0,54.0,67.0,83.0,7,9,3,8947761.0,1469.1873,1228.5631,25636.94,6162.0005
2020-07-10,39.0,255.0,26,39.0,0.0,45.0,45.0,48.0,47.0,51.0,67.0,72.0,7,10,4,8947685.0,1499.993,1259.2946,25643.39,6162.8555
2020-07-11,38.0,206.0,17,20.0,3.0,39.0,45.0,45.0,52.0,51.0,62.0,71.0,7,11,5,8947610.0,1527.3572,1287.5192,25659.152,6163.707
2020-07-12,37.0,247.0,16,38.0,1.0,38.0,39.0,45.0,48.0,47.0,63.0,69.0,7,12,6,8947537.0,1550.8074,1313.8331,25684.59,6164.547
2020-07-13,34.0,247.0,18,85.0,1.0,37.0,38.0,39.0,45.0,52.0,62.0,75.0,7,13,0,8947465.0,1570.8833,1337.7701,25719.078,6165.3887
2020-07-14,35.0,229.0,19,63.0,0.0,34.0,37.0,38.0,45.0,48.0,66.0,80.0,7,14,1,8947394.0,1587.5853,1359.7354,25762.535,6166.236
2020-07-15,30.0,212.0,22,76.0,1.0,35.0,34.0,37.0,39.0,45.0,59.0,77.0,7,15,2,8947324.0,1601.4529,1380.0344,25813.303,6167.0806
2020-07-16,28.0,191.0,24,70.0,0.0,30.0,35.0,34.0,38.0,45.0,54.0,67.0,7,16,3,8947255.0,1612.3176,1398.6216,25872.004,6167.9316
2020-07-17,29.0,187.0,18,48.0,2.0,28.0,30.0,35.0,37.0,39.0,51.0,67.0,7,17,4,8947189.0,1620.5674,1415.5273,25937.22,6168.7812
2020-07-18,29.0,179.0,5,48.0,0.0,29.0,28.0,30.0,34.0,38.0,51.0,62.0,7,18,5,8947122.0,1626.607,1431.1033,26008.844,6169.642
2020-07-19,32.0,179.0,7,42.0,0.0,29.0,29.0,28.0,35.0,37.0,47.0,63.0,7,19,6,8947057.0,1630.4535,1445.3951,26086.727,6170.5063
2020-07-20,30.0,180.0,14,102.0,0.0,32.0,29.0,29.0,30.0,34.0,52.0,62.0,7,20,0,8946993.0,1632.3599,1458.6171,26169.66,6171.3794
2020-07-21,29.0,175.0,11,81.0,0.0,30.0,32.0,29.0,28.0,35.0,48.0,66.0,7,21,1,8946931.0,1632.4442,1470.7766,26257.605,6172.253
2020-07-22,25.0,173.0,11,85.0,0.0,29.0,30.0,32.0,29.0,30.0,45.0,59.0,7,22,2,8946869.0,1631.044,1482.3096,26349.979,6173.1343
2020-07-23,25.0,165.0,14,70.0,2.0,25.0,29.0,30.0,29.0,28.0,45.0,54.0,7,23,3,8946808.0,1628.5303,1492.9712,26446.354,6174.031
2020-07-24,21.0,147.0,15,84.0,0.0,25.0,25.0,29.0,32.0,29.0,39.0,51.0,7,24,4,8946748.0,1624.8694,1503.0366,26546.145,6174.921
2020-07-25,17.0,108.0,5,57.0,0.0,21.0,25.0,25.0,30.0,29.0,38.0,51.0,7,25,5,8946688.0,1620.6349,1512.8881,26648.475,6175.82
2020-07-26,18.0,139.0,9,64.0,0.0,17.0,21.0,25.0,29.0,32.0,37.0,47.0,7,26,6,8946630.0,1615.6074,1522.4797,26753.686,6176.7275
2020-07-27,19.0,133.0,10,101.0,2.0,18.0,17.0,21.0,25.0,30.0,34.0,52.0,7,27,0,8946572.0,1610.175,1531.5669,26861.78,6177.639
2020-07-28,17.0,127.0,7,100.0,0.0,19.0,18.0,17.0,25.0,29.0,35.0,48.0,7,28,1,8946515.0,1604.5908,1540.9293,26971.182,6178.555
2020-07-29,17.0,131.0,11,103.0,0.0,17.0,19.0,18.0,21.0,25.0,30.0,45.0,7,29,2,8946458.0,1599.1416,1550.3069,27082.027,6179.4717
2020-07-30,19.0,134.0,5,104.0,0.0,17.0,17.0,19.0,17.0,25.0,28.0,45.0,7,30,3,8946402.0,1593.9456,1559.9138,27194.334,6180.394
2020-07-31,18.0,128.0,2,77.0,2.0,19.0,17.0,17.0,18.0,21.0,29.0,39.0,7,31,4,8946346.0,1589.1711,1569.9412,27307.135,6181.316
2020-08-01,16.0,126.0,5,59.0,2.0,18.0,19.0,17.0,19.0,17.0,29.0,38.0,8,1,5,8946290.0,1584.9872,1580.3658,27420.947,6182.238
2020-08-02,15.0,120.0,10,76.0,1.0,16.0,18.0,19.0,17.0,18.0,32.0,37.0,8,2,6,8946234.0,1581.4781,1591.3179,27535.018,6183.1523
2020-08-03,17.0,122.0,2,89.0,0.0,15.0,16.0,18.0,17.0,19.0,30.0,34.0,8,3,0,8946179.0,1579.0487,1602.9196,27649.066,6184.073
2020-08-04,15.0,118.0,5,106.0,0.0,17.0,15.0,16.0,19.0,17.0,29.0,35.0,8,4,1,8946123.0,1577.9015,1615.5148,27762.705,6184.989
2020-08-05,13.0,111.0,12,119.0,0.0,15.0,17.0,15.0,18.0,17.0,25.0,30.0,8,5,2,8946066.0,1578.1715,1629.0194,27875.83,6185.904
2020-08-06,11.0,113.0,7,108.0,0.0,13.0,15.0,17.0,16.0,19.0,25.0,28.0,8,6,3,8946009.0,1579.9597,1643.6323,27988.459,6186.8076
2020-08-07,10.0,105.0,7,126.0,0.0,11.0,13.0,15.0,15.0,18.0,21.0,29.0,8,7,4,8945951.0,1583.3002,1659.0859,28100.55,6187.711
2020-08-08,10.0,126.0,2,56.0,1.0,10.0,11.0,13.0,17.0,16.0,17.0,29.0,8,8,5,8945893.0,1588.8337,1676.114,28211.33,6188.6016
2020-08-09,12.0,107.0,10,69.0,0.0,10.0,10.0,11.0,15.0,15.0,18.0,32.0,8,9,6,8945832.0,1596.105,1694.4336,28321.014,6189.4907
2020-08-10,12.0,107.0,9,147.0,1.0,12.0,10.0,10.0,13.0,17.0,19.0,30.0,8,10,0,8945770.0,1605.7887,1714.236,28429.688,6190.366
2020-08-11,13.0,105.0,18,150.0,1.0,12.0,12.0,10.0,11.0,15.0,17.0,29.0,8,11,1,8945708.0,1617.8344,1735.5897,28537.264,6191.235
2020-08-12,17.0,111.0,5,165.0,0.0,13.0,12.0,12.0,10.0,13.0,17.0,25.0,8,12,2,8945643.0,1632.6636,1759.0758,28642.926,6192.087
2020-08-13,15.0,104.0,9,126.0,2.0,17.0,13.0,12.0,10.0,11.0,19.0,25.0,8,13,3,8945577.0,1650.1078,1784.1823,28747.707,6192.935
2020-08-14,15.0,103.0,8,131.0,0.0,15.0,17.0,13.0,12.0,10.0,18.0,21.0,8,14,4,8945507.0,1670.4875,1811.482,28850.38,6193.767
2020-08-15,15.0,100.0,4,106.0,0.0,15.0,15.0,17.0,12.0,10.0,16.0,17.0,8,15,5,8945436.0,1694.157,1840.8684,28951.441,6194.5864
2020-08-16,19.0,100.0,7,88.0,0.0,15.0,15.0,15.0,13.0,12.0,15.0,18.0,8,16,6,8945361.0,1720.6776,1872.5858,29051.535,6195.397
2020-08-17,19.0,107.0,2,190.0,2.0,19.0,15.0,15.0,17.0,12.0,17.0,19.0,8,17,0,8945283.0,1750.8423,1906.6953,29150.467,6196.1865
2020-08-18,19.0,98.0,6,184.0,1.0,19.0,19.0,15.0,15.0,13.0,15.0,17.0,8,18,1,8945201.0,1784.651,1943.5028,29246.605,6196.9644
2020-08-19,15.0,90.0,7,154.0,0.0,19.0,19.0,19.0,15.0,17.0,13.0,17.0,8,19,2,8945117.0,1822.593,1983.1304,29341.623,6197.7363
2020-08-20,15.0,89.0,6,208.0,1.0,15.0,19.0,19.0,15.0,15.0,11.0,19.0,8,20,3,8945027.0,1864.3309,2025.7155,29435.287,6198.4863
2020-08-21,16.0,84.0,5,170.0,0.0,15.0,15.0,19.0,19.0,15.0,10.0,18.0,8,21,4,8944933.0,1910.1685,2071.2205,29528.027,6199.221
2020-08-22,18.0,79.0,3,120.0,1.0,16.0,15.0,15.0,19.0,15.0,10.0,16.0,8,22,5,8944834.0,1960.6622,2120.4165,29618.574,6199.9517
2020-08-23,20.0,84.0,8,141.0,0.0,18.0,16.0,15.0,19.0,19.0,12.0,15.0,8,23,6,8944730.0,2015.458,2172.861,29708.174,6200.669
2020-08-24,15.0,85.0,6,198.0,0.0,20.0,18.0,16.0,15.0,19.0,12.0,17.0,8,24,0,8944620.0,2075.3318,2229.0886,29796.205,6201.3716
2020-08-25,16.0,81.0,9,170.0,1.0,15.0,20.0,18.0,15.0,19.0,13.0,15.0,8,25,1,8944504.0,2140.1826,2289.0305,29883.59,6202.0615
2020-08-26,16.0,83.0,5,165.0,0.0,16.0,15.0,20.0,16.0,15.0,17.0,13.0,8,26,2,8944381.0,2210.0776,2353.3442,29970.244,6202.7417
2020-08-27,16.0,86.0,5,232.0,0.0,16.0,16.0,15.0,18.0,15.0,15.0,11.0,8,27,3,8944250.0,2285.5735,2422.06,30055.889,6203.419
2020-08-28,12.0,82.0,11,223.0,0.0,16.0,16.0,16.0,20.0,16.0,15.0,10.0,8,28,4,8944113.0,2366.62,2495.0327,30141.297,6204.082
2020-08-29,15.0,73.0,6,139.0,0.0,12.0,16.0,16.0,15.0,18.0,15.0,10.0,8,29,5,8943967.0,2453.8918,2573.2104,30225.973,6204.7393
2020-08-30,13.0,78.0,6,132.0,0.0,15.0,12.0,16.0,16.0,20.0,19.0,12.0,8,30,6,8943813.0,2546.984,2656.325,30310.412,6205.4
2020-08-31,14.0,81.0,6,217.0,1.0,13.0,15.0,12.0,16.0,15.0,19.0,12.0,8,31,0,8943649.0,2646.858,2744.9885,30394.723,6206.049
2020-09-01,14.0,88.0,6,316.0,0.0,14.0,13.0,15.0,16.0,16.0,19.0,13.0,9,1,1,8943476.0,2753.126,2839.1926,30479.205,6206.7085
2020-09-02,13.0,84.0,11,343.0,1.0,14.0,14.0,13.0,12.0,16.0,15.0,17.0,9,2,2,8943292.0,2866.5134,2939.5342,30564.055,6207.369
2020-09-03,12.0,87.0,15,348.0,1.0,13.0,14.0,14.0,15.0,16.0,15.0,15.0,9,3,3,8943098.0,2987.172,3046.0662,30649.955,6208.037
2020-09-04,12.0,86.0,11,359.0,0.0,12.0,13.0,14.0,13.0,12.0,16.0,15.0,9,4,4,8942892.0,3115.2034,3159.2246,30736.416,6208.709
2020-09-05,11.0,90.0,23,271.0,0.0,12.0,12.0,13.0,14.0,15.0,18.0,15.0,9,5,5,8942673.0,3251.4336,3279.5977,30823.717,6209.404
2020-09-06,13.0,87.0,12,209.0,2.0,11.0,12.0,12.0,14.0,13.0,20.0,19.0,9,6,6,8942442.0,3395.5256,3407.0554,30913.059,6210.106
2020-09-07,13.0,98.0,5,464.0,0.0,13.0,11.0,12.0,13.0,14.0,15.0,19.0,9,7,0,8942197.0,3548.3062,3542.3623,31004.336,6210.8364
2020-09-08,15.0,100.0,11,351.0,0.0,13.0,13.0,11.0,12.0,14.0,16.0,19.0,9,8,1,8941938.0,3709.8254,3685.8164,31097.441,6211.585
2020-09-09,16.0,96.0,17,347.0,0.0,15.0,13.0,13.0,12.0,13.0,16.0,15.0,9,9,2,8941664.0,3880.7417,3837.7388,31192.676,6212.3633
2020-09-10,14.0,98.0,19,397.0,2.0,16.0,15.0,13.0,11.0,12.0,16.0,15.0,9,10,3,8941374.0,4060.9705,3998.5955,31290.662,6213.1743
2020-09-11,15.0,115.0,13,335.0,3.0,14.0,16.0,15.0,13.0,12.0,12.0,16.0,9,11,4,8941067.0,4251.423,4168.8906,31392.238,6214.0312
2020-09-12,12.0,98.0,19,232.0,0.0,15.0,14.0,16.0,13.0,11.0,15.0,18.0,9,12,5,8940744.0,4452.2,4349.0913,31496.87,6214.925
2020-09-13,16.0,100.0,23,112.0,0.0,12.0,15.0,14.0,15.0,13.0,13.0,20.0,9,13,6,8940402.0,4663.471,4539.349,31606.08,6215.872
2020-09-14,21.0,123.0,31,304.0,0.0,16.0,12.0,15.0,16.0,13.0,14.0,15.0,9,14,0,8940042.0,4886.1465,4740.483,31719.29,6216.8716
2020-09-15,26.0,136.0,26,272.0,1.0,21.0,16.0,12.0,14.0,15.0,14.0,16.0,9,15,1,8939661.0,5120.2095,4953.089,31837.338,6217.938
2020-09-16,26.0,137.0,25,294.0,2.0,26.0,21.0,16.0,15.0,16.0,13.0,16.0,9,16,2,8939259.0,5366.4023,5177.189,31961.02,6219.0737
2020-09-17,25.0,147.0,28,328.0,4.0,26.0,26.0,21.0,12.0,14.0,12.0,16.0,9,17,3,8938836.0,5624.945,5413.6704,32090.484,6220.283
2020-09-18,25.0,150.0,41,386.0,1.0,25.0,26.0,26.0,16.0,15.0,12.0,12.0,9,18,4,8938391.0,5896.562,5662.862,32225.906,6221.571
2020-09-19,32.0,161.0,32,342.0,3.0,25.0,25.0,26.0,21.0,12.0,11.0,15.0,9,19,5,8937922.0,6181.456,5925.7334,32368.574,6222.951
2020-09-20,32.0,171.0,38,415.0,4.0,32.0,25.0,25.0,26.0,16.0,13.0,13.0,9,20,6,8937430.0,6480.404,6202.2856,32518.424,6224.425
2020-09-21,31.0,190.0,44,434.0,4.0,32.0,32.0,25.0,26.0,21.0,13.0,14.0,9,21,0,8936912.0,6793.708,6493.5425,32675.758,6226.008
2020-09-22,37.0,210.0,35,525.0,6.0,31.0,32.0,32.0,25.0,26.0,15.0,14.0,9,22,1,8936367.0,7121.6055,6799.6953,32842.27,6227.7056
2020-09-23,35.0,210.0,36,658.0,7.0,37.0,31.0,32.0,25.0,26.0,16.0,13.0,9,23,2,8935796.0,7465.1587,7121.5386,33018.055,6229.519
2020-09-24,40.0,219.0,47,602.0,2.0,35.0,37.0,31.0,32.0,25.0,14.0,12.0,9,24,3,8935197.0,7824.5537,7459.7905,33203.273,6231.4683
2020-09-25,47.0,230.0,36,607.0,1.0,40.0,35.0,37.0,32.0,25.0,15.0,12.0,9,25,4,8934569.0,8200.347,7814.7344,33399.504,6233.5615
2020-09-26,38.0,200.0,28,552.0,2.0,47.0,40.0,35.0,31.0,32.0,12.0,11.0,9,26,5,8933910.0,8592.858,8187.011,33606.703,6235.7944
2020-09-27,48.0,224.0,23,535.0,2.0,38.0,47.0,40.0,37.0,32.0,16.0,13.0,9,27,6,8933221.0,9003.067,8577.395,33825.723,6238.1846
2020-09-28,48.0,267.0,28,744.0,5.0,48.0,38.0,47.0,35.0,31.0,21.0,13.0,9,28,0,8932499.0,9430.89,8986.312,34058.06,6240.7446
2020-09-29,50.0,275.0,36,705.0,9.0,48.0,48.0,38.0,40.0,37.0,26.0,15.0,9,29,1,8931745.0,9877.151,9414.465,34303.44,6243.4893
2020-09-30,49.0,278.0,31,1006.0,6.0,50.0,48.0,48.0,47.0,35.0,26.0,16.0,9,30,2,8930956.0,10342.562,9862.275,34562.92,6246.41
2020-10-01,49.0,275.0,50,1076.0,5.0,49.0,50.0,48.0,38.0,40.0,25.0,14.0,10,1,3,8930133.0,10827.406,10330.484,34837.582,6249.5356
2020-10-02,56.0,276.0,37,1040.0,3.0,49.0,49.0,50.0,48.0,47.0,25.0,15.0,10,2,4,8929275.0,11331.838,10819.184,35128.55,6252.8633
2020-10-03,56.0,280.0,38,800.0,2.0,56.0,49.0,49.0,48.0,38.0,32.0,12.0,10,3,5,8928379.0,11856.886,11329.298,35436.23,6256.41
2020-10-04,50.0,287.0,27,834.0,2.0,56.0,56.0,49.0,50.0,48.0,32.0,16.0,10,4,6,8927447.0,12402.363,11861.103,35761.797,6260.1855
2020-10-05,56.0,326.0,47,1298.0,9.0,50.0,56.0,56.0,49.0,48.0,31.0,21.0,10,5,0,8926476.0,12969.148,12415.208,36105.53,6264.2
2020-10-06,60.0,320.0,43,1168.0,5.0,56.0,50.0,56.0,49.0,50.0,37.0,26.0,10,6,1,8925465.0,13557.512,12991.723,36469.76,6268.4663
2020-10-07,59.0,350.0,46,1425.0,6.0,60.0,56.0,50.0,56.0,49.0,35.0,26.0,10,7,2,8924415.0,14167.672,13591.065,36854.375,6272.9863
2020-10-08,51.0,343.0,39,1481.0,6.0,59.0,60.0,56.0,56.0,49.0,40.0,25.0,10,8,3,8923324.0,14799.881,14213.85,37260.082,6277.7783
2020-10-09,50.0,348.0,55,1362.0,7.0,51.0,59.0,60.0,50.0,56.0,47.0,25.0,10,9,4,8922192.0,15454.597,14859.95,37688.258,6282.852
2020-10-10,52.0,341.0,51,881.0,6.0,50.0,51.0,59.0,56.0,56.0,38.0,32.0,10,10,5,8921018.0,16131.614,15529.63,38140.43,6288.2183
2020-10-11,57.0,365.0,50,745.0,4.0,52.0,50.0,51.0,60.0,50.0,48.0,32.0,10,11,6,8919802.0,16831.441,16222.88,38616.867,6293.875
2020-10-12,65.0,389.0,69,1590.0,6.0,57.0,52.0,50.0,59.0,56.0,48.0,31.0,10,12,0,8918542.0,17553.96,16939.959,39118.24,6299.846
2020-10-13,66.0,442.0,73,1440.0,5.0,65.0,57.0,52.0,51.0,60.0,50.0,37.0,10,13,1,8917239.0,18299.203,17680.479,39647.207,6306.1377
2020-10-14,77.0,430.0,76,1638.0,4.0,66.0,65.0,57.0,50.0,59.0,49.0,35.0,10,14,2,8915892.0,19067.002,18444.332,40203.24,6312.7583
2020-10-15,78.0,439.0,78,1740.0,12.0,77.0,66.0,65.0,52.0,51.0,49.0,40.0,10,15,3,8914502.0,19857.223,19231.182,40787.758,6319.712
2020-10-16,80.0,490.0,67,1685.0,7.0,78.0,77.0,66.0,57.0,50.0,56.0,47.0,10,16,4,8913068.0,20669.645,20040.73,41401.2,6327.0137
2020-10-17,83.0,502.0,87,1117.0,4.0,80.0,78.0,77.0,65.0,52.0,56.0,38.0,10,17,5,8911589.0,21503.576,20872.16,42045.363,6334.674
2020-10-18,87.0,542.0,95,1308.0,6.0,83.0,80.0,78.0,66.0,57.0,50.0,48.0,10,18,6,8910067.0,22358.73,21724.998,42720.914,6342.702
2020-10-19,89.0,594.0,90,2359.0,11.0,87.0,83.0,80.0,77.0,65.0,56.0,48.0,10,19,0,8908500.0,23234.79,22598.479,43428.15,6351.098
2020-10-20,88.0,610.0,89,2336.0,7.0,89.0,87.0,83.0,78.0,66.0,60.0,50.0,10,20,1,8906890.0,24130.314,23491.303,44167.7,6359.868
2020-10-21,90.0,633.0,114,2376.0,15.0,88.0,89.0,87.0,80.0,77.0,59.0,49.0,10,21,2,8905237.0,25044.584,24402.44,44941.17,6369.0254
2020-10-22,81.0,606.0,108,2200.0,11.0,90.0,88.0,89.0,83.0,78.0,51.0,49.0,10,22,3,8903542.0,25977.209,25330.389,45748.64,6378.577
2020-10-23,99.0,698.0,125,2043.0,6.0,81.0,90.0,88.0,87.0,80.0,50.0,56.0,10,23,4,8901805.0,26926.03,26273.746,46591.395,6388.528
2020-10-24,98.0,722.0,108,1458.0,18.0,99.0,81.0,90.0,89.0,83.0,52.0,56.0,10,24,5,8900028.0,27890.322,27231.021,47469.01,6398.883
2020-10-25,111.0,762.0,118,1303.0,11.0,98.0,99.0,81.0,88.0,87.0,57.0,50.0,10,25,6,8898210.0,28868.176,28199.662,48382.637,6409.653
2020-10-26,117.0,815.0,155,2561.0,12.0,111.0,98.0,99.0,90.0,89.0,65.0,56.0,10,26,0,8896354.0,29857.908,29178.139,49332.51,6420.8267
2020-10-27,119.0,889.0,109,2111.0,14.0,117.0,111.0,98.0,81.0,88.0,66.0,60.0,10,27,1,8894460.0,30857.88,30163.684,50318.934,6432.435
2020-10-28,124.0,933.0,112,1996.0,21.0,119.0,117.0,111.0,99.0,90.0,77.0,59.0,10,28,2,8892531.0,31865.512,31153.777,51342.09,6444.4575
2020-10-29,131.0,921.0,140,2030.0,12.0,124.0,119.0,117.0,98.0,81.0,78.0,51.0,10,29,3,8890567.0,32878.965,32145.99,52402.223,6456.916
2020-10-30,134.0,945.0,126,1895.0,14.0,131.0,124.0,119.0,111.0,99.0,80.0,50.0,10,30,4,8888571.0,33895.32,33136.914,53499.312,6469.81
2020-10-31,132.0,963.0,132,1403.0,8.0,134.0,131.0,124.0,117.0,98.0,83.0,52.0,10,31,5,8886545.0,34911.94,34123.316,54634.457,6483.1426
2020-11-01,136.0,1032.0,134,1226.0,17.0,132.0,134.0,131.0,119.0,111.0,87.0,57.0,11,1,6,8884489.0,35926.223,35102.383,55805.6,6496.9287
2020-11-02,142.0,1067.0,136,2965.0,19.0,136.0,132.0,134.0,124.0,117.0,89.0,65.0,11,2,0,8882407.0,36934.41,36069.82,57014.69,6511.162
2020-11-03,147.0,1111.0,103,2162.0,13.0,142.0,136.0,132.0,131.0,119.0,88.0,66.0,11,3,1,8880301.0,37933.723,37022.473,58260.57,6525.85
2020-11-04,151.0,1132.0,123,2084.0,16.0,147.0,142.0,136.0,134.0,124.0,90.0,77.0,11,4,2,8878173.0,38920.49,37956.08,59542.39,6540.9995
2020-11-05,154.0,1102.0,118,2115.0,15.0,151.0,147.0,142.0,132.0,131.0,81.0,78.0,11,5,3,8876026.0,39890.938,38866.824,60862.41,6556.6235
2020-11-06,155.0,1085.0,101,2145.0,16.0,154.0,151.0,147.0,136.0,134.0,99.0,80.0,11,6,4,8873861.0,40841.125,39750.316,62218.38,6572.721
2020-11-07,156.0,1108.0,109,1667.0,23.0,155.0,154.0,151.0,142.0,132.0,98.0,83.0,11,7,5,8871683.0,41767.305,40602.598,63610.73,6589.297
2020-11-08,167.0,1114.0,150,1792.0,20.0,156.0,155.0,154.0,147.0,136.0,111.0,87.0,11,8,6,8869492.0,42665.19,41419.168,65041.016,6606.388
2020-11-09,179.0,1210.0,136,3128.0,29.0,167.0,156.0,155.0,151.0,142.0,117.0,89.0,11,9,0,8867291.0,43530.25,42196.137,66507.17,6623.975
2020-11-10,179.0,1211.0,147,2776.0,15.0,179.0,167.0,156.0,154.0,147.0,119.0,88.0,11,10,1,8865084.0,44358.65,42928.97,68009.41,6642.064
2020-11-11,181.0,1223.0,134,2961.0,12.0,179.0,179.0,167.0,155.0,151.0,124.0,90.0,11,11,2,8862871.0,45145.797,43613.965,69550.64,6660.7017
2020-11-12,178.0,1269.0,152,2890.0,20.0,181.0,179.0,179.0,156.0,154.0,131.0,81.0,11,12,3,8860656.0,45887.145,44246.883,71129.06,6679.874
2020-11-13,194.0,1298.0,136,2744.0,13.0,178.0,181.0,179.0,167.0,155.0,134.0,99.0,11,13,4,8858440.0,46579.043,44824.137,72746.47,6699.6074
2020-11-14,202.0,1357.0,139,1960.0,20.0,194.0,178.0,181.0,179.0,156.0,132.0,98.0,11,14,5,8856226.0,47216.92,45342.918,74402.516,6719.908
2020-11-15,214.0,1390.0,170,1830.0,19.0,202.0,194.0,178.0,179.0,167.0,136.0,111.0,11,15,6,8854014.0,47796.746,45799.84,76099.2,6740.791
2020-11-16,209.0,1474.0,154,3117.0,30.0,214.0,202.0,194.0,181.0,179.0,142.0,117.0,11,16,0,8851806.0,48315.5,46192.707,77837.26,6762.2783
2020-11-17,218.0,1520.0,152,2597.0,30.0,209.0,214.0,202.0,178.0,179.0,147.0,119.0,11,17,1,8849602.0,48769.71,46519.9,79617.74,6784.3745
2020-11-18,220.0,1519.0,179,2488.0,21.0,218.0,209.0,214.0,194.0,181.0,151.0,124.0,11,18,2,8847403.0,49156.74,46780.21,81442.13,6807.105
2020-11-19,222.0,1551.0,173,2212.0,27.0,220.0,218.0,209.0,202.0,178.0,154.0,131.0,11,19,3,8845208.0,49474.51,46973.48,83313.01,6830.4746
2020-11-20,233.0,1576.0,116,2152.0,28.0,222.0,220.0,218.0,214.0,194.0,155.0,134.0,11,20,4,8843018.0,49721.836,47100.465,85229.79,6854.4814
2020-11-21,251.0,1591.0,165,1514.0,20.0,233.0,222.0,220.0,209.0,202.0,156.0,132.0,11,21,5,8840830.0,49898.082,47163.074,87195.8,6879.14
2020-11-22,248.0,1605.0,145,1508.0,29.0,251.0,233.0,222.0,218.0,214.0,167.0,136.0,11,22,6,8838641.0,50004.35,47164.336,89212.33,6904.457
2020-11-23,252.0,1675.0,147,2430.0,18.0,248.0,251.0,233.0,220.0,209.0,179.0,142.0,11,23,0,8836451.0,50042.715,47108.703,91279.95,6930.4243
2020-11-24,253.0,1626.0,131,2179.0,30.0,252.0,248.0,251.0,222.0,218.0,179.0,147.0,11,24,1,8834254.0,50016.668,47002.1,93399.1,6957.0215
2020-11-25,261.0,1611.0,200,2265.0,39.0,253.0,252.0,248.0,233.0,220.0,181.0,151.0,11,25,2,8832047.0,49931.35,46852.16,95571.5,6984.2393
2020-11-26,251.0,1643.0,155,2092.0,29.0,261.0,253.0,252.0,251.0,222.0,178.0,154.0,11,26,3,8829824.0,49793.79,46668.24,97795.234,7012.0396
2020-11-27,267.0,1674.0,124,2234.0,21.0,251.0,261.0,253.0,248.0,233.0,194.0,155.0,11,27,4,8827578.0,49613.31,46461.69,100071.65,7040.3945
2020-11-28,248.0,1635.0,107,1654.0,33.0,267.0,251.0,261.0,252.0,251.0,202.0,156.0,11,28,5,8825301.0,49401.277,46245.9,102397.6,7069.2476
2020-11-29,260.0,1663.0,154,1670.0,49.0,248.0,267.0,251.0,253.0,248.0,214.0,167.0,11,29,6,8822984.0,49172.023,46036.785,104770.19,7098.542
2020-11-30,253.0,1677.0,146,2720.0,26.0,260.0,248.0,267.0,261.0,252.0,209.0,179.0,11,30,0,8820618.0,48942.227,45852.125,107187.08,7128.2236
2020-12-01,259.0,1701.0,160,2489.0,22.0,253.0,260.0,248.0,251.0,253.0,218.0,179.0,12,1,1,8818190.0,48731.43,45711.926,109642.34,7158.194
2020-12-02,256.0,1637.0,162,2839.0,28.0,259.0,253.0,260.0,267.0,261.0,220.0,181.0,12,2,2,8815687.0,48562.32,45639.32,112131.13,7188.3955
2020-12-03,256.0,1685.0,156,2487.0,35.0,256.0,259.0,253.0,248.0,251.0,222.0,178.0,12,3,3,8813095.0,48460.742,45659.13,114644.09,7218.714
2020-12-04,249.0,1659.0,170,2964.0,33.0,256.0,256.0,259.0,260.0,267.0,233.0,194.0,12,4,4,8810394.0,48455.492,45799.25,117174.555,7249.082
2020-12-05,238.0,1710.0,141,2277.0,27.0,249.0,256.0,256.0,253.0,248.0,251.0,202.0,12,5,5,8807567.0,48578.246,46089.277,119712.5,7279.408
2020-12-06,242.0,1766.0,179,2445.0,27.0,238.0,249.0,256.0,259.0,260.0,248.0,214.0,12,6,6,8804593.0,48863.34,46561.08,122246.445,7309.5996
2020-12-07,244.0,1822.0,210,3749.0,35.0,242.0,238.0,249.0,256.0,253.0,252.0,209.0,12,7,0,8801447.0,49348.05,47248.727,124764.67,7339.612
2020-12-08,249.0,1849.0,203,3759.0,35.0,244.0,242.0,238.0,256.0,259.0,253.0,218.0,12,8,1,8798102.0,50071.734,48187.664,127257.16,7369.4175
2020-12-09,241.0,1787.0,248,4462.0,30.0,249.0,244.0,242.0,249.0,256.0,261.0,220.0,12,9,2,8794530.0,51074.91,49413.836,129710.86,7398.9775
2020-12-10,256.0,1934.0,235,5080.0,28.0,241.0,249.0,244.0,238.0,256.0,251.0,222.0,12,10,3,8790699.0,52399.914,50965.02,132111.92,7428.354
2020-12-11,261.0,2031.0,277,5538.0,27.0,256.0,241.0,249.0,242.0,249.0,267.0,233.0,12,11,4,8786576.0,54088.36,52877.46,134452.58,7457.6123
2020-12-12,256.0,2092.0,246,4749.0,41.0,261.0,256.0,241.0,244.0,238.0,248.0,251.0,12,12,5,8782123.0,56182.207,55188.074,136720.08,7486.8877
2020-12-13,256.0,2212.0,287,5571.0,29.0,256.0,261.0,256.0,249.0,242.0,260.0,248.0,12,13,6,8777303.0,58721.94,57930.957,138908.38,7516.386
2020-12-14,262.0,2330.0,292,8438.0,37.0,256.0,256.0,261.0,241.0,244.0,253.0,252.0,12,14,0,8772079.0,61744.01,61137.652,141011.56,7546.3496
2020-12-15,292.0,2482.0,332,8974.0,45.0,262.0,256.0,256.0,256.0,249.0,259.0,253.0,12,15,1,8766409.0,65283.703,64837.508,143027.38,7577.13
2020-12-16,291.0,2543.0,252,10165.0,30.0,292.0,262.0,256.0,261.0,241.0,256.0,261.0,12,16,2,8760256.0,69369.03,69053.27,144956.73,7609.0996
2020-12-17,301.0,2607.0,366,10317.0,61.0,291.0,292.0,262.0,256.0,256.0,256.0,251.0,12,17,3,8753584.0,74023.63,73802.82,146806.44,7642.745
2020-12-18,311.0,2726.0,357,11002.0,43.0,301.0,291.0,292.0,256.0,261.0,249.0,267.0,12,18,4,8746361.0,79263.85,79098.234,148587.36,7678.566
2020-12-19,322.0,2909.0,404,7289.0,48.0,311.0,301.0,291.0,262.0,256.0,238.0,248.0,12,19,5,8738560.0,85096.94,84941.305,150311.38,7717.119
2020-12-20,355.0,3067.0,413,9078.0,52.0,322.0,311.0,301.0,292.0,256.0,242.0,260.0,12,20,6,8730160.0,91522.69,91327.95,152003.61,7759.031
2020-12-21,378.0,3367.0,505,13495.0,63.0,355.0,322.0,311.0,291.0,262.0,244.0,253.0,12,21,0,8721150.0,98529.59,98242.19,153688.33,7804.8945
2020-12-22,400.0,3559.0,508,13569.0,75.0,378.0,355.0,322.0,301.0,292.0,249.0,259.0,12,22,1,8711528.0,106095.195,105658.445,155397.38,7855.3315
2020-12-23,411.0,3578.0,511,12532.0,70.0,400.0,378.0,355.0,311.0,291.0,241.0,256.0,12,23,2,8701302.0,114188.67,113542.445,157166.84,7910.934
2020-12-24,462.0,3966.0,492,9594.0,67.0,411.0,400.0,378.0,322.0,301.0,256.0,256.0,12,24,3,8690492.0,122766.07,121849.516,159037.81,7972.2803
2020-12-25,455.0,4019.0,578,4413.0,90.0,462.0,411.0,400.0,355.0,311.0,261.0,249.0,12,25,4,8679129.0,131771.64,130521.234,161053.27,8039.8535
2020-12-26,489.0,4276.0,607,12085.0,93.0,455.0,462.0,411.0,378.0,322.0,256.0,238.0,12,26,5,8667256.0,141142.03,139495.02,163260.58,8114.0894
2020-12-27,520.0,4591.0,629,13364.0,104.0,489.0,455.0,462.0,400.0,355.0,256.0,242.0,12,27,6,8654926.0,150803.2,148697.86,165705.95,8195.338
2020-12-28,556.0,4957.0,739,10880.0,103.0,520.0,489.0,455.0,411.0,378.0,262.0,244.0,12,28,0,8642200.0,160672.95,158049.22,168437.61,8283.876
2020-12-29,599.0,5371.0,679,20265.0,111.0,556.0,520.0,489.0,462.0,400.0,292.0,249.0,12,29,1,8629149.0,170660.73,167463.2,171500.66,8379.846
2020-12-30,640.0,5524.0,681,17658.0,126.0,599.0,556.0,520.0,455.0,411.0,291.0,241.0,12,30,2,8615848.0,180672.9,176850.22,174939.19,8483.342
2020-12-31,664.0,5685.0,708,12667.0,129.0,640.0,599.0,556.0,489.0,462.0,301.0,256.0,12,31,3,8602375.0,190610.05,186117.05,178791.98,8594.337
2021-01-01,657.0,5511.0,796,6889.0,137.0,664.0,640.0,599.0,520.0,455.0,311.0,261.0,1,1,4,8588807.0,200373.2,195171.75,183093.6,8712.733
2021-01-02,713.0,5861.0,828,13941.0,146.0,657.0,664.0,640.0,556.0,489.0,322.0,256.0,1,2,5,8575222.0,209859.42,203920.92,187875.42,8838.395
2021-01-03,772.0,6358.0,865,13397.0,138.0,713.0,657.0,664.0,599.0,520.0,355.0,256.0,1,3,6,8561692.0,218971.55,212274.52,193159.06,8971.097
2021-01-04,814.0,6733.0,830,17652.0,162.0,772.0,713.0,657.0,640.0,556.0,378.0,262.0,1,4,0,8548288.0,227609.34,220143.31,198964.8,9110.542
2021-01-05,866.0,6816.0,913,14895.0,177.0,814.0,772.0,713.0,664.0,599.0,400.0,292.0,1,5,1,8535068.0,235683.1,227445.81,205303.64,9256.472
2021-01-06,908.0,7034.0,977,13885.0,161.0,866.0,814.0,772.0,657.0,640.0,411.0,291.0,1,6,2,8522089.0,243104.88,234103.98,212182.72,9408.56
2021-01-07,961.0,7231.0,820,12354.0,186.0,908.0,866.0,814.0,713.0,664.0,462.0,301.0,1,7,3,8509390.0,249796.72,240048.12,219605.42,9566.51
2021-01-08,1015.0,7277.0,813,10770.0,176.0,961.0,908.0,866.0,772.0,657.0,455.0,311.0,1,8,4,8497012.0,255685.47,245213.89,227567.1,9729.968
2021-01-09,1020.0,7224.0,832,8960.0,179.0,1015.0,961.0,908.0,814.0,713.0,489.0,322.0,1,9,5,8484984.0,260708.36,249544.84,236058.97,9898.541
2021-01-10,1044.0,7494.0,734,7641.0,194.0,1020.0,1015.0,961.0,866.0,772.0,520.0,355.0,1,10,6,8473322.0,264812.9,252995.81,245071.94,10071.927
2021-01-11,1073.0,7799.0,795,11844.0,185.0,1044.0,1020.0,1015.0,908.0,814.0,556.0,378.0,1,11,0,8462043.0,267957.62,255528.9,254589.92,10249.7295
2021-01-12,1085.0,7606.0,875,10081.0,193.0,1073.0,1044.0,1020.0,961.0,866.0,599.0,400.0,1,12,1,8451157.0,270112.1,257117.98,264594.84,10431.551
2021-01-13,1138.0,7686.0,804,9510.0,201.0,1085.0,1073.0,1044.0,1015.0,908.0,640.0,411.0,1,13,2,8440667.0,271256.88,257746.98,275062.8,10616.913
2021-01-14,1163.0,7840.0,763,9159.0,197.0,1138.0,1085.0,1073.0,1020.0,961.0,664.0,462.0,1,14,3,8430575.0,271386.12,257411.97,285970.3,10805.326
2021-01-15,1184.0,7811.0,670,8397.0,183.0,1163.0,1138.0,1085.0,1044.0,1015.0,657.0,455.0,1,15,4,8420883.0,270507.78,256121.23,297286.53,10996.192
2021-01-16,1206.0,7571.0,758,6311.0,200.0,1184.0,1163.0,1138.0,1073.0,1020.0,713.0,489.0,1,16,5,8411586.0,268640.4,253894.55,308985.66,11189.019
2021-01-17,1203.0,7707.0,652,5523.0,208.0,1206.0,1184.0,1163.0,1085.0,1044.0,772.0,520.0,1,17,6,8402688.0,265817.16,250765.36,321024.3,11382.939
2021-01-18,1220.0,7917.0,704,8516.0,203.0,1203.0,1206.0,1184.0,1138.0,1073.0,814.0,556.0,1,18,0,8394188.0,262081.8,246777.38,333369.5,11577.28
2021-01-19,1207.0,7711.0,742,7213.0,209.0,1220.0,1203.0,1206.0,1163.0,1085.0,866.0,599.0,1,19,1,8386087.0,257490.56,241987.39,345975.62,11771.196
2021-01-20,1208.0,7588.0,660,6377.0,186.0,1207.0,1220.0,1203.0,1184.0,1138.0,908.0,640.0,1,20,2,8378384.0,252107.25,236459.77,358800.72,11963.856
2021-01-21,1217.0,7332.0,598,5944.0,183.0,1208.0,1207.0,1220.0,1206.0,1163.0,961.0,664.0,1,21,3,8371082.5,246006.45,230269.16,371795.4,12154.348
2021-01-22,1219.0,7298.0,580,5740.0,160.0,1217.0,1208.0,1207.0,1203.0,1184.0,1015.0,657.0,1,22,4,8364182.5,239268.5,223497.03,384907.2,12341.779
2021-01-23,1217.0,7044.0,520,4259.0,159.0,1219.0,1217.0,1208.0,1220.0,1206.0,1020.0,713.0,1,23,5,8357683.5,231977.89,216229.0,398083.72,12525.306
2021-01-24,1220.0,7030.0,544,3199.0,152.0,1217.0,1219.0,1217.0,1207.0,1203.0,1044.0,772.0,1,24,6,8351584.0,224223.45,208553.19,411270.38,12704.106
2021-01-25,1200.0,7014.0,478,5104.0,155.0,1220.0,1217.0,1219.0,1208.0,1220.0,1073.0,814.0,1,25,0,8345879.0,216093.05,200558.7,424410.72,12877.406
2021-01-26,1158.0,6785.0,472,4293.0,126.0,1200.0,1220.0,1217.0,1217.0,1207.0,1085.0,866.0,1,26,1,8340562.0,207673.16,192331.12,437452.84,13044.587
2021-01-27,1172.0,6272.0,485,4314.0,129.0,1158.0,1200.0,1220.0,1219.0,1208.0,1138.0,908.0,1,27,2,8335622.0,199049.34,183955.08,450342.16,13205.084
2021-01-28,1208.0,6393.0,473,3972.0,125.0,1172.0,1158.0,1200.0,1217.0,1217.0,1163.0,961.0,1,28,3,8331045.0,190301.66,175509.53,463026.4,13358.454
2021-01-29,1131.0,6064.0,423,3498.0,123.0,1208.0,1172.0,1158.0,1220.0,1219.0,1184.0,1015.0,1,29,4,8326817.0,181504.39,167064.89,475458.9,13504.425
2021-01-30,1139.0,5918.0,370,2715.0,86.0,1131.0,1208.0,1172.0,1200.0,1217.0,1206.0,1020.0,1,30,5,8322916.5,172725.27,158686.25,487594.66,13642.765
2021-01-31,1065.0,5654.0,394,2288.0,101.0,1139.0,1131.0,1208.0,1158.0,1220.0,1203.0,1044.0,1,31,6,8319324.0,164028.55,150433.14,499390.12,13773.394
2021-02-01,1090.0,5881.0,421,3376.0,93.0,1065.0,1139.0,1131.0,1172.0,1200.0,1220.0,1073.0,2,1,0,8316015.5,155464.69,142351.19,510815.9,13896.393
2021-02-02,1075.0,5723.0,357,3020.0,98.0,1090.0,1065.0,1139.0,1208.0,1158.0,1207.0,1085.0,2,2,1,8312967.5,147082.62,134483.86,521837.97,14011.818
2021-02-03,1067.0,5462.0,349,2779.0,109.0,1075.0,1090.0,1065.0,1131.0,1172.0,1208.0,1138.0,2,3,2,8310156.0,138920.3,126861.88,532434.75,14119.905
2021-02-04,1032.0,5212.0,329,2538.0,67.0,1067.0,1075.0,1090.0,1139.0,1208.0,1217.0,1163.0,2,4,3,8307558.5,131011.69,119514.555,542585.1,14220.9
2021-02-05,1026.0,5066.0,292,2186.0,92.0,1032.0,1067.0,1075.0,1065.0,1131.0,1219.0,1184.0,2,5,4,8305152.0,123382.35,112459.37,552277.56,14315.121
2021-02-06,1016.0,4787.0,236,1591.0,76.0,1026.0,1032.0,1067.0,1090.0,1139.0,1217.0,1206.0,2,6,5,8302913.5,116052.51,105711.53,561500.3,14402.901
2021-02-07,977.0,4729.0,302,1383.0,66.0,1016.0,1026.0,1032.0,1075.0,1065.0,1220.0,1203.0,2,7,6,8300824.0,109035.74,99278.49,570252.6,14484.619
2021-02-08,951.0,4743.0,287,1860.0,66.0,977.0,1016.0,1026.0,1067.0,1090.0,1200.0,1220.0,2,8,0,8298864.0,102342.8,93165.516,578534.1,14560.649
2021-02-09,934.0,4574.0,232,1704.0,57.0,951.0,977.0,1016.0,1032.0,1075.0,1158.0,1207.0,2,9,1,8297018.5,95978.12,87371.65,586350.3,14631.367
2021-02-10,905.0,4279.0,243,1575.0,65.0,934.0,951.0,977.0,1026.0,1067.0,1172.0,1208.0,2,10,2,8295272.0,89943.734,81894.85,593709.3,14697.149
2021-02-11,888.0,4079.0,217,1485.0,44.0,905.0,934.0,951.0,1016.0,1032.0,1208.0,1217.0,2,11,3,8293612.0,84237.24,76728.945,600621.7,14758.39
2021-02-12,859.0,3882.0,190,1315.0,41.0,888.0,905.0,934.0,977.0,1026.0,1131.0,1219.0,2,12,4,8292028.5,78856.52,71867.95,607101.56,14815.372
2021-02-13,865.0,3562.0,175,897.0,41.0,859.0,888.0,905.0,951.0,1016.0,1139.0,1217.0,2,13,5,8290512.0,73792.336,67301.266,613165.6,14868.486
2021-02-14,855.0,3595.0,196,915.0,37.0,865.0,859.0,888.0,934.0,977.0,1065.0,1220.0,2,14,6,8289056.5,69037.62,63018.617,618831.7,14918.013
2021-02-15,834.0,3603.0,179,1427.0,44.0,855.0,865.0,859.0,905.0,951.0,1090.0,1200.0,2,15,0,8287653.0,64582.9,59009.793,624116.4,14964.252
2021-02-16,790.0,3500.0,166,1231.0,42.0,834.0,855.0,865.0,888.0,934.0,1075.0,1158.0,2,16,1,8286300.5,60415.887,55261.152,629043.25,15007.471
2021-02-17,749.0,3292.0,150,1129.0,41.0,790.0,834.0,855.0,859.0,905.0,1067.0,1172.0,2,17,2,8284993.5,56526.027,51761.973,633628.44,15047.867
2021-02-18,706.0,3059.0,142,1144.0,37.0,749.0,790.0,834.0,865.0,888.0,1032.0,1208.0,2,18,3,8283730.5,52900.26,48499.26,637896.0,15085.723
2021-02-19,705.0,3048.0,150,1060.0,33.0,706.0,749.0,790.0,855.0,859.0,1026.0,1131.0,2,19,4,8282510.5,49526.574,45461.0,641864.7,15121.202
2021-02-20,667.0,2803.0,110,823.0,30.0,705.0,706.0,749.0,834.0,865.0,1016.0,1139.0,2,20,5,8281328.5,46391.508,42634.9,645553.94,15154.491
2021-02-21,667.0,2734.0,127,763.0,38.0,667.0,705.0,706.0,790.0,855.0,977.0,1065.0,2,21,6,8280187.0,43482.27,40008.184,648984.7,15185.789
2021-02-22,653.0,2737.0,129,1045.0,21.0,667.0,667.0,705.0,749.0,834.0,951.0,1090.0,2,22,0,8279085.0,40786.715,37570.184,652175.25,15215.188
2021-02-23,552.0,2490.0,103,957.0,20.0,653.0,667.0,667.0,706.0,790.0,934.0,1075.0,2,23,1,8278022.0,38290.977,35308.39,655144.5,15242.859
2021-02-24,604.0,2503.0,105,763.0,21.0,552.0,653.0,667.0,705.0,749.0,905.0,1067.0,2,24,2,8276997.5,35984.223,33213.305,657908.6,15268.91
2021-02-25,577.0,2371.0,110,665.0,19.0,604.0,552.0,653.0,667.0,706.0,888.0,1032.0,2,25,3,8276010.5,33853.395,31272.844,660484.3,15293.458
2021-02-26,556.0,2253.0,72,642.0,15.0,577.0,604.0,552.0,667.0,705.0,859.0,1026.0,2,26,4,8275062.0,31887.09,29477.229,662889.9,15316.591
2021-02-27,540.0,2102.0,64,528.0,12.0,556.0,577.0,604.0,653.0,667.0,865.0,1016.0,2,27,5,8274152.0,30074.443,27817.41,665136.06,15338.402
2021-02-28,455.0,1828.0,97,499.0,10.0,540.0,556.0,577.0,552.0,667.0,855.0,977.0,2,28,6,8273280.5,28405.06,26284.188,667238.94,15358.974
2021-03-01,511.0,2018.0,89,576.0,20.0,455.0,540.0,556.0,604.0,653.0,834.0,951.0,3,1,0,8272445.5,26868.688,24868.723,669209.4,15378.383
2021-03-02,485.0,1932.0,95,678.0,14.0,511.0,455.0,540.0,577.0,552.0,790.0,934.0,3,2,1,8271649.0,25455.232,23562.121,671061.25,15396.69
2021-03-03,479.0,1861.0,67,596.0,7.0,485.0,511.0,455.0,556.0,604.0,749.0,905.0,3,3,2,8270888.0,24156.229,22357.441,672804.1,15413.96
2021-03-04,458.0,1821.0,88,534.0,12.0,479.0,485.0,511.0,540.0,577.0,706.0,888.0,3,4,3,8270161.5,22962.53,21247.014,674446.94,15430.246
2021-03-05,448.0,1723.0,62,515.0,15.0,458.0,479.0,485.0,455.0,556.0,705.0,859.0,3,5,4,8269470.5,21866.277,20223.867,675999.1,15445.59
2021-03-06,417.0,1618.0,49,416.0,13.0,448.0,458.0,479.0,511.0,540.0,667.0,865.0,3,6,5,8268811.5,20859.168,19282.525,677468.6,15460.036
2021-03-07,393.0,1562.0,58,425.0,9.0,417.0,448.0,458.0,485.0,455.0,667.0,855.0,3,7,6,8268186.5,19934.895,18415.045,678864.56,15473.651
2021-03-08,379.0,1551.0,56,581.0,7.0,393.0,417.0,448.0,479.0,511.0,653.0,834.0,3,8,0,8267591.0,19086.303,17617.266,680190.9,15486.469
2021-03-09,358.0,1481.0,67,616.0,10.0,379.0,393.0,417.0,458.0,485.0,552.0,790.0,3,9,1,8267025.0,18306.879,16883.074,681455.8,15498.506
2021-03-10,339.0,1400.0,52,545.0,10.0,358.0,379.0,393.0,448.0,479.0,604.0,749.0,3,10,2,8266486.5,17591.059,16207.732,682663.8,15509.832
2021-03-11,336.0,1335.0,47,472.0,7.0,339.0,358.0,379.0,417.0,458.0,577.0,706.0,3,11,3,8265974.0,16933.07,15586.774,683819.25,15520.457
2021-03-12,310.0,1273.0,39,528.0,1.0,336.0,339.0,358.0,393.0,448.0,556.0,705.0,3,12,4,8265485.5,16328.056,15015.495,684926.4,15530.418
2021-03-13,308.0,1190.0,48,383.0,8.0,310.0,336.0,339.0,379.0,417.0,540.0,667.0,3,13,5,8265020.0,15770.921,14490.073,685989.56,15539.745
2021-03-14,308.0,1181.0,41,372.0,6.0,308.0,310.0,336.0,358.0,393.0,455.0,667.0,3,14,6,8264575.0,15257.581,14006.502,687012.56,15548.477
2021-03-15,298.0,1185.0,40,617.0,7.0,308.0,308.0,310.0,339.0,379.0,511.0,653.0,3,15,0,8264149.0,14784.124,13561.297,687997.56,15556.641
2021-03-16,287.0,1138.0,45,522.0,5.0,298.0,308.0,308.0,336.0,358.0,485.0,552.0,3,16,1,8263739.5,14346.23,13151.555,688946.0,15564.246
2021-03-17,274.0,1082.0,27,477.0,7.0,287.0,298.0,308.0,310.0,339.0,479.0,604.0,3,17,2,8263344.5,13940.458,12773.852,689861.94,15571.328
2021-03-18,260.0,1023.0,33,485.0,3.0,274.0,287.0,298.0,308.0,336.0,458.0,577.0,3,18,3,8262965.5,13564.513,12425.465,690747.2,15577.92
2021-03-19,237.0,986.0,42,452.0,3.0,260.0,274.0,287.0,308.0,310.0,448.0,556.0,3,19,4,8262596.5,13214.684,12103.95,691602.94,15584.057
2021-03-20,211.0,941.0,31,387.0,2.0,237.0,260.0,274.0,298.0,308.0,417.0,540.0,3,20,5,8262237.5,12888.068,11806.648,692429.94,15589.728
2021-03-21,209.0,928.0,28,479.0,3.0,211.0,237.0,260.0,287.0,308.0,393.0,455.0,3,21,6,8261886.5,12582.677,11531.662,693230.94,15594.986
2021-03-22,198.0,922.0,31,553.0,7.0,209.0,211.0,237.0,274.0,298.0,379.0,511.0,3,22,0,8261542.5,12296.112,11276.64,694006.44,15599.832
2021-03-23,195.0,876.0,33,489.0,2.0,198.0,209.0,211.0,260.0,287.0,358.0,485.0,3,23,1,8261204.0,12026.283,11039.5625,694757.4,15604.294
2021-03-24,190.0,840.0,27,636.0,6.0,195.0,198.0,209.0,237.0,274.0,339.0,479.0,3,24,2,8260868.0,11771.166,10819.329,695482.6,15608.392
2021-03-25,169.0,811.0,33,471.0,1.0,190.0,195.0,198.0,211.0,260.0,336.0,458.0,3,25,3,8260535.0,11529.241,10613.312,696186.8,15612.162
2021-03-26,159.0,799.0,26,457.0,2.0,169.0,190.0,195.0,209.0,237.0,310.0,448.0,3,26,4,8260203.5,11298.99,10420.929,696868.1,15615.603
2021-03-27,159.0,742.0,29,322.0,7.0,159.0,169.0,190.0,198.0,211.0,308.0,417.0,3,27,5,8259871.0,11078.795,10240.347,697527.0,15618.737
2021-03-28,153.0,737.0,32,530.0,2.0,159.0,159.0,169.0,195.0,209.0,308.0,393.0,3,28,6,8259536.5,10867.912,10070.127,698164.9,15621.614
2021-03-29,158.0,733.0,23,428.0,2.0,153.0,159.0,159.0,190.0,198.0,298.0,379.0,3,29,0,8259199.0,10663.946,9909.722,698780.25,15624.188
2021-03-30,154.0,717.0,29,384.0,2.0,158.0,153.0,159.0,169.0,195.0,287.0,358.0,3,30,1,8258859.0,10467.269,9757.54,699375.7,15626.534
2021-03-31,153.0,689.0,30,322.0,2.0,154.0,158.0,153.0,159.0,190.0,274.0,339.0,3,31,2,8258513.5,10276.293,9612.848,699950.25,15628.636
2021-04-01,147.0,668.0,25,370.0,3.0,153.0,154.0,158.0,159.0,169.0,260.0,336.0,4,1,3,8258163.0,10090.075,9474.453,700503.8,15630.534
2021-04-02,137.0,652.0,27,271.0,1.0,147.0,153.0,154.0,153.0,159.0,237.0,310.0,4,2,4,8257805.0,9908.413,9341.836,701037.9,15632.2295
2021-04-03,134.0,630.0,25,252.0,4.0,137.0,147.0,153.0,158.0,159.0,211.0,308.0,4,3,5,8257440.0,9729.955,9214.142,701551.2,15633.732
2021-04-04,130.0,637.0,23,221.0,1.0,134.0,137.0,147.0,154.0,153.0,209.0,308.0,4,4,6,8257068.0,9554.568,9090.879,702044.9,15635.066
2021-04-05,129.0,636.0,23,262.0,1.0,130.0,134.0,137.0,153.0,158.0,198.0,298.0,4,5,0,8256686.5,9381.441,8971.011,702519.4,15636.238
2021-04-06,126.0,601.0,22,359.0,1.0,129.0,130.0,134.0,147.0,154.0,195.0,287.0,4,6,1,8256296.5,9210.374,8854.291,702972.6,15637.251
2021-04-07,121.0,577.0,26,372.0,2.0,126.0,129.0,130.0,137.0,153.0,190.0,274.0,4,7,2,8255896.5,9040.857,8739.955,703408.0,15638.156
2021-04-08,122.0,569.0,27,330.0,2.0,121.0,126.0,129.0,134.0,147.0,169.0,260.0,4,8,3,8255487.0,8872.522,8628.005,703823.25,15638.909
2021-04-09,118.0,561.0,21,376.0,1.0,122.0,121.0,126.0,130.0,137.0,159.0,237.0,4,9,4,8255066.5,8705.099,8517.491,704218.5,15639.574
2021-04-10,115.0,538.0,25,293.0,3.0,118.0,122.0,121.0,129.0,134.0,159.0,211.0,4,10,5,8254635.0,8538.249,8408.2,704595.4,15640.128
2021-04-11,113.0,520.0,28,312.0,3.0,115.0,118.0,122.0,126.0,130.0,153.0,209.0,4,11,6,8254193.5,8372.343,8299.887,704953.8,15640.641
2021-04-12,111.0,520.0,26,353.0,0.0,113.0,115.0,118.0,121.0,129.0,158.0,198.0,4,12,0,8253740.5,8206.471,8192.186,705292.44,15641.038
2021-04-13,110.0,521.0,20,303.0,2.0,111.0,113.0,115.0,122.0,126.0,154.0,195.0,4,13,1,8253275.0,8040.2954,8084.973,705612.0,15641.361
2021-04-14,106.0,513.0,21,295.0,0.0,110.0,111.0,113.0,118.0,121.0,153.0,190.0,4,14,2,8252799.0,7874.457,7977.6084,705913.3,15641.637
2021-04-15,102.0,498.0,14,321.0,2.0,106.0,110.0,111.0,115.0,122.0,147.0,169.0,4,15,3,8252312.5,7708.72,7870.213,706196.8,15641.867
2021-04-16,105.0,501.0,14,332.0,2.0,102.0,106.0,110.0,113.0,118.0,137.0,159.0,4,16,4,8251812.5,7542.443,7762.42,706460.94,15642.056
2021-04-17,103.0,476.0,9,231.0,1.0,105.0,102.0,106.0,111.0,115.0,134.0,159.0,4,17,5,8251301.0,7375.964,7654.4126,706707.5,15642.2
2021-04-18,104.0,467.0,17,395.0,2.0,103.0,105.0,102.0,110.0,113.0,130.0,153.0,4,18,6,8250778.5,7209.282,7545.3354,706935.5,15642.315
2021-04-19,106.0,460.0,18,395.0,3.0,104.0,103.0,105.0,106.0,111.0,129.0,158.0,4,19,0,8250244.0,7042.3306,7435.5557,707145.94,15642.428
2021-04-20,107.0,439.0,15,377.0,2.0,106.0,104.0,103.0,102.0,110.0,126.0,154.0,4,20,1,8249697.5,6874.8726,7324.9805,707339.0,15642.5205
2021-04-21,96.0,453.0,18,389.0,1.0,107.0,106.0,104.0,105.0,106.0,121.0,153.0,4,21,2,8249140.5,6707.28,7213.5186,707513.9,15642.593
2021-04-22,91.0,423.0,14,327.0,0.0,96.0,107.0,106.0,103.0,102.0,122.0,147.0,4,22,3,8248572.0,6539.586,7100.62,707672.3,15642.687
2021-04-23,91.0,418.0,22,250.0,1.0,91.0,96.0,107.0,104.0,105.0,118.0,137.0,4,23,4,8247991.0,6371.0483,6986.927,707813.06,15642.761
2021-04-24,93.0,403.0,15,247.0,1.0,91.0,91.0,96.0,106.0,103.0,115.0,134.0,4,24,5,8247400.5,6202.949,6871.9497,707937.56,15642.873
2021-04-25,91.0,375.0,17,281.0,2.0,93.0,91.0,91.0,107.0,104.0,113.0,130.0,4,25,6,8246798.0,6034.176,6755.4746,708044.5,15642.974
2021-04-26,85.0,376.0,13,325.0,1.0,91.0,93.0,91.0,96.0,106.0,111.0,129.0,4,26,0,8246186.0,5865.503,6637.868,708135.9,15643.101
2021-04-27,80.0,368.0,21,286.0,3.0,85.0,91.0,93.0,91.0,107.0,110.0,126.0,4,27,1,8245563.5,5696.696,6518.9165,708210.2,15643.249
2021-04-28,78.0,353.0,14,307.0,5.0,80.0,85.0,91.0,91.0,96.0,106.0,121.0,4,28,2,8244930.0,5527.652,6398.62,708269.1,15643.422
2021-04-29,73.0,339.0,15,216.0,0.0,78.0,80.0,85.0,93.0,91.0,102.0,122.0,4,29,3,8244286.5,5358.8784,6277.1616,708312.25,15643.637
2021-04-30,71.0,315.0,11,240.0,2.0,73.0,78.0,80.0,91.0,91.0,105.0,118.0,4,30,4,8243633.5,5190.138,6154.2666,708339.8,15643.879
2021-05-01,67.0,299.0,12,187.0,1.0,71.0,73.0,78.0,85.0,93.0,103.0,115.0,5,1,5,8242970.5,5021.297,6029.812,708352.3,15644.139
2021-05-02,69.0,308.0,11,183.0,1.0,67.0,71.0,73.0,80.0,91.0,104.0,113.0,5,2,6,8242299.0,4852.928,5904.0435,708349.4,15644.454
2021-05-03,70.0,316.0,11,250.0,1.0,69.0,67.0,71.0,78.0,85.0,106.0,111.0,5,3,0,8241618.0,4684.5596,5777.021,708332.0,15644.808
2021-05-04,69.0,292.0,6,316.0,1.0,70.0,69.0,67.0,73.0,80.0,107.0,110.0,5,4,1,8240928.5,4516.528,5648.7456,708300.1,15645.2
2021-05-05,65.0,284.0,17,283.0,3.0,69.0,70.0,69.0,71.0,78.0,96.0,106.0,5,5,2,8240231.0,4348.9688,5519.0635,708254.9,15645.637
2021-05-06,61.0,283.0,13,300.0,0.0,65.0,69.0,70.0,67.0,73.0,91.0,102.0,5,6,3,8239525.0,4181.8486,5388.0366,708194.94,15646.128
2021-05-07,62.0,272.0,15,237.0,3.0,61.0,65.0,69.0,69.0,71.0,91.0,105.0,5,7,4,8238810.0,4015.0657,5255.909,708121.25,15646.664
2021-05-08,58.0,275.0,10,191.0,0.0,62.0,61.0,65.0,70.0,67.0,93.0,103.0,5,8,5,8238089.0,3848.8562,5122.528,708033.6,15647.233
2021-05-09,57.0,274.0,16,287.0,0.0,58.0,62.0,61.0,69.0,69.0,91.0,104.0,5,9,6,8237360.0,3683.1191,4987.9243,707934.1,15647.864
2021-05-10,59.0,281.0,17,362.0,2.0,57.0,58.0,62.0,65.0,70.0,85.0,106.0,5,10,0,8236624.0,3518.5632,4852.4033,707821.06,15648.569
2021-05-11,54.0,281.0,17,298.0,1.0,59.0,57.0,58.0,61.0,69.0,80.0,107.0,5,11,1,8235881.0,3354.277,4715.507,707695.7,15649.303
2021-05-12,56.0,275.0,12,233.0,0.0,54.0,59.0,57.0,62.0,65.0,78.0,96.0,5,12,2,8235131.0,3190.8682,4577.754,707557.3,15650.091
2021-05-13,55.0,266.0,15,263.0,0.0,56.0,54.0,59.0,58.0,61.0,73.0,91.0,5,13,3,8234377.0,3028.269,4438.595,707408.0,15650.927
2021-05-14,51.0,251.0,12,251.0,0.0,55.0,56.0,54.0,57.0,62.0,71.0,91.0,5,14,4,8233615.0,2866.6484,4298.9473,707245.75,15651.831
2021-05-15,48.0,258.0,11,194.0,2.0,51.0,55.0,56.0,59.0,58.0,67.0,93.0,5,15,5,8232848.0,2705.8376,4158.321,707072.4,15652.79
2021-05-16,47.0,261.0,11,224.0,2.0,48.0,51.0,55.0,54.0,57.0,69.0,91.0,5,16,6,8232076.0,2546.073,4016.3188,706888.6,15653.792
2021-05-17,50.0,259.0,19,340.0,0.0,47.0,48.0,51.0,56.0,59.0,70.0,85.0,5,17,0,8231298.5,2387.1853,3873.7666,706692.44,15654.845
2021-05-18,47.0,245.0,19,329.0,0.0,50.0,47.0,48.0,55.0,54.0,69.0,80.0,5,18,1,8230516.5,2229.4114,3730.4043,706486.6,15655.957
2021-05-19,48.0,241.0,14,360.0,0.0,47.0,50.0,47.0,51.0,56.0,65.0,78.0,5,19,2,8229729.5,2072.7507,3586.1553,706270.06,15657.128
2021-05-20,49.0,248.0,24,329.0,2.0,48.0,47.0,50.0,48.0,55.0,61.0,73.0,5,20,3,8228938.5,1917.406,3441.188,706042.7,15658.359
2021-05-21,53.0,254.0,13,273.0,0.0,49.0,48.0,47.0,47.0,51.0,62.0,71.0,5,21,4,8228143.0,1762.6349,3295.8997,705805.6,15659.625
2021-05-22,45.0,233.0,14,249.0,0.0,53.0,49.0,48.0,50.0,48.0,58.0,67.0,5,22,5,8227344.5,1609.4496,3149.526,705559.9,15660.952
2021-05-23,46.0,236.0,13,281.0,2.0,45.0,53.0,49.0,47.0,47.0,57.0,69.0,5,23,6,8226542.5,1457.5465,3002.602,705303.56,15662.342
2021-05-24,47.0,244.0,17,380.0,1.0,46.0,45.0,53.0,48.0,50.0,59.0,70.0,5,24,0,8225736.0,1306.5881,2855.3267,705038.44,15663.776
2021-05-25,49.0,242.0,16,424.0,1.0,47.0,46.0,45.0,49.0,47.0,54.0,69.0,5,25,1,8224927.5,1157.2494,2707.1492,704764.8,15665.26
2021-05-26,50.0,238.0,19,485.0,3.0,49.0,47.0,46.0,53.0,48.0,56.0,65.0,5,26,2,8224115.5,1008.72046,2558.9414,704481.56,15666.787
2021-05-27,42.0,234.0,17,520.0,1.0,50.0,49.0,47.0,45.0,49.0,55.0,61.0,5,27,3,8223301.5,862.04724,2410.2139,704190.44,15668.376
2021-05-28,45.0,234.0,19,430.0,0.0,42.0,50.0,49.0,46.0,53.0,51.0,62.0,5,28,4,8222484.5,716.28503,2260.9817,703890.94,15670.01
2021-05-29,43.0,235.0,17,386.0,1.0,45.0,42.0,50.0,47.0,45.0,48.0,58.0,5,29,5,8221666.0,572.17615,2111.5356,703583.56,15671.687
2021-05-30,41.0,233.0,18,401.0,2.0,43.0,45.0,42.0,49.0,46.0,47.0,57.0,5,30,6,8220845.5,429.45068,1961.616,703268.75,15673.418
2021-05-31,42.0,234.0,20,515.0,0.0,41.0,43.0,45.0,50.0,47.0,50.0,59.0,5,31,0,8220023.5,287.97363,1811.4209,702946.44,15675.193
