,date,MV Beds Occupied,Hospital Cases,New Admissions,New COVID-19 Cases,Vax_index
0,2020-04-02,1494.0,12135.0,2932.0,4097,0.32999999999999996
1,2020-04-03,1788.0,13635.0,2564.0,4102,0.32999999999999996
2,2020-04-04,1950.0,15469.0,2593.0,3405,0.32999999999999996
3,2020-04-05,2097.0,16657.0,2592.0,3094,0.32999999999999996
4,2020-04-06,2264.0,17154.0,2679.0,4407,0.32999999999999996
5,2020-04-07,2472.0,17814.0,2744.0,4605,0.32999999999999996
6,2020-04-08,2561.0,18152.0,2619.0,4315,0.32999999999999996
7,2020-04-09,2546.0,18423.0,2340.0,4076,0.32999999999999996
8,2020-04-10,2820.0,18669.0,2196.0,3590,0.32999999999999996
9,2020-04-11,2865.0,18604.0,1955.0,3085,0.32999999999999996
10,2020-04-12,2881.0,18974.0,1791.0,2958,0.32999999999999996
11,2020-04-13,2872.0,18621.0,1912.0,3463,0.32999999999999996
12,2020-04-14,2849.0,18552.0,1859.0,3568,0.32999999999999996
13,2020-04-15,2847.0,17934.0,1608.0,4240,0.32999999999999996
14,2020-04-16,2838.0,17783.0,1777.0,4360,0.32999999999999996
15,2020-04-17,2780.0,16728.0,1674.0,4088,0.32999999999999996
16,2020-04-18,2868.0,16850.0,1411.0,4142,0.32999999999999996
17,2020-04-19,2820.0,16928.0,1475.0,3494,0.32999999999999996
18,2020-04-20,2780.0,16654.0,1522.0,3698,0.32999999999999996
19,2020-04-21,2701.0,16517.0,1495.0,3996,0.32999999999999996
20,2020-04-22,2646.0,16018.0,1310.0,4812,0.32999999999999996
21,2020-04-23,2563.0,15402.0,1289.0,4574,0.32999999999999996
22,2020-04-24,2414.0,14642.0,1277.0,4352,0.32999999999999996
23,2020-04-25,2405.0,14202.0,1080.0,3381,0.32999999999999996
24,2020-04-26,2309.0,14174.0,1208.0,3137,0.32999999999999996
25,2020-04-27,2194.0,14255.0,1344.0,4056,0.32999999999999996
26,2020-04-28,2093.0,13565.0,1296.0,4113,0.32999999999999996
27,2020-04-29,2045.0,13224.0,1295.0,4737,0.32999999999999996
28,2020-04-30,1991.0,12922.0,1227.0,4314,0.32999999999999996
29,2020-05-01,1954.0,12623.0,1081.0,4109,0.32999999999999996
30,2020-05-02,1844.0,12314.0,980.0,2762,0.32999999999999996
31,2020-05-03,1795.0,12119.0,1044.0,2648,0.32999999999999996
32,2020-05-04,1724.0,12020.0,1063.0,2851,0.32999999999999996
33,2020-05-05,1662.0,11754.0,959.0,3148,0.32999999999999996
34,2020-05-06,1610.0,11227.0,1040.0,3264,0.32999999999999996
35,2020-05-07,1493.0,10726.0,998.0,3205,0.32999999999999996
36,2020-05-08,1446.0,10249.0,743.0,2622,0.32999999999999996
37,2020-05-09,1398.0,10176.0,798.0,1797,0.32999999999999996
38,2020-05-10,1362.0,9893.0,756.0,2013,0.32999999999999996
39,2020-05-11,1316.0,10109.0,866.0,3088,0.32999999999999996
40,2020-05-12,1247.0,9791.0,844.0,2940,0.32999999999999996
41,2020-05-13,1198.0,9602.0,804.0,2899,0.32999999999999996
42,2020-05-14,1162.0,9231.0,763.0,2222,0.32999999999999996
43,2020-05-15,1200.0,9079.0,738.0,2145,0.32999999999999996
44,2020-05-16,1101.0,8643.0,671.0,1781,0.32999999999999996
45,2020-05-17,1064.0,8611.0,673.0,1593,0.32999999999999996
46,2020-05-18,1010.0,8668.0,733.0,2226,0.32999999999999996
47,2020-05-19,976.0,8518.0,752.0,2602,0.32999999999999996
48,2020-05-20,921.0,8115.0,732.0,2359,0.32999999999999996
49,2020-05-21,894.0,7903.0,715.0,2277,0.32999999999999996
50,2020-05-22,852.0,7761.0,638.0,1798,0.32999999999999996
51,2020-05-23,815.0,7428.0,504.0,1309,0.32999999999999996
52,2020-05-24,786.0,7415.0,497.0,1206,0.32999999999999996
53,2020-05-25,771.0,7448.0,498.0,1389,0.32999999999999996
54,2020-05-26,756.0,7305.0,578.0,1461,0.32999999999999996
55,2020-05-27,696.0,6836.0,589.0,1616,0.32999999999999996
56,2020-05-28,663.0,6528.0,570.0,1575,0.32999999999999996
57,2020-05-29,630.0,6250.0,499.0,1374,0.32999999999999996
58,2020-05-30,628.0,5972.0,466.0,1010,0.32999999999999996
59,2020-05-31,606.0,5933.0,446.0,984,0.32999999999999996
60,2020-06-01,584.0,5954.0,522.0,1319,0.32999999999999996
61,2020-06-02,553.0,5827.0,553.0,1365,0.32999999999999996
62,2020-06-03,523.0,5600.0,491.0,1251,0.32999999999999996
63,2020-06-04,494.0,5398.0,458.0,1147,0.32999999999999996
64,2020-06-05,481.0,5213.0,380.0,1020,0.32999999999999996
65,2020-06-06,473.0,5004.0,306.0,723,0.32999999999999996
66,2020-06-07,448.0,4820.0,323.0,668,0.32999999999999996
67,2020-06-08,443.0,4830.0,348.0,990,0.32999999999999996
68,2020-06-09,427.0,4665.0,397.0,1066,0.32999999999999996
69,2020-06-10,384.0,4447.0,402.0,1086,0.32999999999999996
70,2020-06-11,334.0,4179.0,330.0,915,0.32999999999999996
71,2020-06-12,336.0,4136.0,298.0,938,0.32999999999999996
72,2020-06-13,339.0,4000.0,265.0,785,0.32999999999999996
73,2020-06-14,343.0,3973.0,306.0,752,0.32999999999999996
74,2020-06-15,327.0,3920.0,365.0,944,0.32999999999999996
75,2020-06-16,327.0,3934.0,354.0,996,0.32999999999999996
76,2020-06-17,300.0,3826.0,334.0,914,0.32999999999999996
77,2020-06-18,299.0,3681.0,312.0,938,0.32999999999999996
78,2020-06-19,283.0,3575.0,253.0,818,0.32999999999999996
79,2020-06-20,297.0,3423.0,184.0,626,0.32999999999999996
80,2020-06-21,265.0,3373.0,215.0,550,0.32999999999999996
81,2020-06-22,296.0,3417.0,318.0,821,0.32999999999999996
82,2020-06-23,266.0,3288.0,275.0,727,0.32999999999999996
83,2020-06-24,264.0,3223.0,262.0,732,0.32999999999999996
84,2020-06-25,236.0,3066.0,256.0,643,0.32999999999999996
85,2020-06-26,226.0,2859.0,248.0,640,0.32999999999999996
86,2020-06-27,233.0,2819.0,209.0,506,0.32999999999999996
87,2020-06-28,236.0,2818.0,155.0,413,0.32999999999999996
88,2020-06-29,228.0,3024.0,172.0,666,0.32999999999999996
89,2020-06-30,238.0,2665.0,189.0,578,0.32999999999999996
90,2020-07-01,220.0,2509.0,201.0,607,0.32999999999999996
91,2020-07-02,211.0,2410.0,149.0,561,0.32999999999999996
92,2020-07-03,202.0,2294.0,146.0,536,0.32999999999999996
93,2020-07-04,186.0,2152.0,120.0,385,0.32999999999999996
94,2020-07-05,190.0,2100.0,131.0,544,0.32999999999999996
95,2020-07-06,188.0,2099.0,150.0,664,0.32999999999999996
96,2020-07-07,178.0,2010.0,148.0,565,0.32999999999999996
97,2020-07-08,164.0,1888.0,141.0,682,0.32999999999999996
98,2020-07-09,167.0,1801.0,136.0,688,0.32999999999999996
99,2020-07-10,162.0,1746.0,104.0,524,0.32999999999999996
100,2020-07-11,152.0,1640.0,97.0,432,0.32999999999999996
101,2020-07-12,139.0,1611.0,72.0,351,0.32999999999999996
102,2020-07-13,138.0,1612.0,137.0,694,0.32999999999999996
103,2020-07-14,123.0,1506.0,122.0,661,0.32999999999999996
104,2020-07-15,136.0,1489.0,116.0,726,0.32999999999999996
105,2020-07-16,118.0,1348.0,114.0,644,0.32999999999999996
106,2020-07-17,122.0,1346.0,83.0,548,0.32999999999999996
107,2020-07-18,118.0,1321.0,48.0,473,0.32999999999999996
108,2020-07-19,119.0,1301.0,72.0,419,0.32999999999999996
109,2020-07-20,112.0,1278.0,86.0,769,0.32999999999999996
110,2020-07-21,106.0,1188.0,79.0,697,0.32999999999999996
111,2020-07-22,97.0,1305.0,82.0,764,0.32999999999999996
112,2020-07-23,101.0,1095.0,109.0,741,0.32999999999999996
113,2020-07-24,92.0,1018.0,93.0,720,0.32999999999999996
114,2020-07-25,82.0,977.0,65.0,499,0.32999999999999996
115,2020-07-26,81.0,965.0,64.0,518,0.32999999999999996
116,2020-07-27,83.0,945.0,82.0,824,0.32999999999999996
117,2020-07-28,78.0,944.0,69.0,796,0.32999999999999996
118,2020-07-29,72.0,927.0,63.0,994,0.32999999999999996
119,2020-07-30,70.0,898.0,75.0,879,0.32999999999999996
120,2020-07-31,71.0,870.0,55.0,644,0.32999999999999996
121,2020-08-01,74.0,879.0,50.0,508,0.32999999999999996
122,2020-08-02,72.0,847.0,57.0,518,0.32999999999999996
123,2020-08-03,67.0,842.0,74.0,963,0.32999999999999996
124,2020-08-04,65.0,807.0,58.0,965,0.32999999999999996
125,2020-08-05,63.0,805.0,60.0,973,0.32999999999999996
126,2020-08-06,61.0,756.0,52.0,1005,0.32999999999999996
127,2020-08-07,57.0,711.0,60.0,892,0.32999999999999996
128,2020-08-08,55.0,650.0,78.0,648,0.32999999999999996
129,2020-08-09,56.0,611.0,53.0,569,0.32999999999999996
130,2020-08-10,60.0,714.0,50.0,1375,0.32999999999999996
131,2020-08-11,63.0,672.0,63.0,1247,0.32999999999999996
132,2020-08-12,68.0,642.0,51.0,1126,0.32999999999999996
133,2020-08-13,64.0,652.0,60.0,1036,0.32999999999999996
134,2020-08-14,63.0,642.0,55.0,1059,0.32999999999999996
135,2020-08-15,68.0,630.0,38.0,656,0.32999999999999996
136,2020-08-16,69.0,634.0,39.0,534,0.32999999999999996
137,2020-08-17,67.0,626.0,46.0,1159,0.32999999999999996
138,2020-08-18,64.0,597.0,56.0,955,0.32999999999999996
139,2020-08-19,63.0,571.0,58.0,1109,0.32999999999999996
140,2020-08-20,64.0,551.0,45.0,1254,0.32999999999999996
141,2020-08-21,64.0,528.0,49.0,1031,0.32999999999999996
142,2020-08-22,66.0,594.0,25.0,732,0.32999999999999996
143,2020-08-23,65.0,522.0,44.0,704,0.32999999999999996
144,2020-08-24,62.0,522.0,41.0,1156,0.32999999999999996
145,2020-08-25,62.0,500.0,60.0,1085,0.32999999999999996
146,2020-08-26,55.0,485.0,52.0,1181,0.32999999999999996
147,2020-08-27,62.0,492.0,69.0,1356,0.32999999999999996
148,2020-08-28,52.0,469.0,44.0,1395,0.32999999999999996
149,2020-08-29,56.0,478.0,52.0,1051,0.32999999999999996
150,2020-08-30,52.0,479.0,38.0,987,0.32999999999999996
151,2020-08-31,54.0,495.0,52.0,1279,0.32999999999999996
152,2020-09-01,59.0,496.0,58.0,1962,0.32999999999999996
153,2020-09-02,59.0,451.0,79.0,2696,0.32999999999999996
154,2020-09-03,58.0,468.0,69.0,2716,0.32999999999999996
155,2020-09-04,54.0,474.0,67.0,2637,0.32999999999999996
156,2020-09-05,50.0,471.0,94.0,2200,0.32999999999999996
157,2020-09-06,52.0,483.0,85.0,2079,0.32999999999999996
158,2020-09-07,62.0,555.0,84.0,3530,0.32999999999999996
159,2020-09-08,64.0,535.0,99.0,3071,0.32999999999999996
160,2020-09-09,64.0,557.0,136.0,2893,0.32999999999999996
161,2020-09-10,62.0,572.0,143.0,3143,0.32999999999999996
162,2020-09-11,129.0,622.0,135.0,2893,0.32999999999999996
163,2020-09-12,70.0,663.0,143.0,2224,0.32999999999999996
164,2020-09-13,74.0,691.0,153.0,1722,0.32999999999999996
165,2020-09-14,88.0,812.0,172.0,2941,0.32999999999999996
166,2020-09-15,101.0,891.0,194.0,3057,0.32999999999999996
167,2020-09-16,107.0,929.0,183.0,3778,0.32999999999999996
168,2020-09-17,108.0,984.0,199.0,3979,0.32999999999999996
169,2020-09-18,115.0,1020.0,205.0,4290,0.32999999999999996
170,2020-09-19,123.0,1081.0,204.0,4215,0.32999999999999996
171,2020-09-20,142.0,1174.0,237.0,4652,0.32999999999999996
172,2020-09-21,154.0,1299.0,275.0,4727,0.32999999999999996
173,2020-09-22,179.0,1378.0,268.0,5400,0.32999999999999996
174,2020-09-23,192.0,1439.0,314.0,5933,0.32999999999999996
175,2020-09-24,209.0,1546.0,288.0,6361,0.32999999999999996
176,2020-09-25,227.0,1686.0,274.0,6105,0.32999999999999996
177,2020-09-26,223.0,1689.0,245.0,5704,0.32999999999999996
178,2020-09-27,233.0,1793.0,241.0,6084,0.32999999999999996
179,2020-09-28,245.0,1955.0,308.0,8641,0.32999999999999996
180,2020-09-29,259.0,1954.0,310.0,8832,0.32999999999999996
181,2020-09-30,282.0,2036.0,328.0,10663,0.32999999999999996
182,2020-10-01,285.0,2069.0,368.0,11444,0.32999999999999996
183,2020-10-02,311.0,2180.0,371.0,11719,0.32999999999999996
184,2020-10-03,307.0,2290.0,386.0,9820,0.32999999999999996
185,2020-10-04,310.0,2435.0,478.0,9966,0.32999999999999996
186,2020-10-05,331.0,2705.0,472.0,14218,0.32999999999999996
187,2020-10-06,349.0,2903.0,524.0,14458,0.32999999999999996
188,2020-10-07,376.0,3066.0,491.0,15418,0.32999999999999996
189,2020-10-08,368.0,3179.0,513.0,15452,0.32999999999999996
190,2020-10-09,367.0,3238.0,544.0,13159,0.32999999999999996
191,2020-10-10,396.0,3369.0,515.0,10301,0.32999999999999996
192,2020-10-11,401.0,3604.0,628.0,9781,0.32999999999999996
193,2020-10-12,426.0,3827.0,664.0,16420,0.32999999999999996
194,2020-10-13,441.0,4105.0,764.0,15660,0.32999999999999996
195,2020-10-14,468.0,4313.0,706.0,16646,0.32999999999999996
196,2020-10-15,482.0,4569.0,792.0,15428,0.32999999999999996
197,2020-10-16,482.0,4854.0,632.0,14761,0.32999999999999996
198,2020-10-17,495.0,5029.0,785.0,12487,0.32999999999999996
199,2020-10-18,504.0,5202.0,870.0,11982,0.32999999999999996
200,2020-10-19,529.0,5644.0,861.0,22369,0.32999999999999996
201,2020-10-20,560.0,6072.0,925.0,21638,0.32999999999999996
202,2020-10-21,572.0,6271.0,997.0,21762,0.32999999999999996
203,2020-10-22,564.0,6345.0,987.0,19866,0.32999999999999996
204,2020-10-23,602.0,6842.0,997.0,18359,0.32999999999999996
205,2020-10-24,632.0,7176.0,990.0,13713,0.32999999999999996
206,2020-10-25,663.0,7612.0,1186.0,13353,0.32999999999999996
207,2020-10-26,682.0,7856.0,1279.0,23033,0.32999999999999996
208,2020-10-27,743.0,8595.0,1190.0,20762,0.32999999999999996
209,2020-10-28,788.0,9070.0,1239.0,20547,0.32999999999999996
210,2020-10-29,803.0,9127.0,1345.0,20257,0.32999999999999996
211,2020-10-30,801.0,9295.0,1109.0,19899,0.32999999999999996
212,2020-10-31,816.0,9782.0,1240.0,14565,0.32999999999999996
213,2020-11-01,804.0,9623.0,1280.0,13611,0.32999999999999996
214,2020-11-02,883.0,10397.0,1331.0,28394,0.32999999999999996
215,2020-11-03,954.0,10971.0,1246.0,22690,0.32999999999999996
216,2020-11-04,997.0,11037.0,1382.0,21053,0.32999999999999996
217,2020-11-05,986.0,10994.0,1346.0,21206,0.32999999999999996
218,2020-11-06,984.0,11181.0,1182.0,21179,0.32999999999999996
219,2020-11-07,1003.0,11514.0,1319.0,16888,0.32999999999999996
220,2020-11-08,1017.0,11680.0,1488.0,18272,0.32999999999999996
221,2020-11-09,1048.0,12259.0,1551.0,28560,0.32999999999999996
222,2020-11-10,1010.0,12033.0,1592.0,24836,0.32999999999999996
223,2020-11-11,1081.0,12730.0,1711.0,25065,0.32999999999999996
224,2020-11-12,1088.0,12967.0,1666.0,22320,0.32999999999999996
225,2020-11-13,1158.0,13328.0,1433.0,22008,0.32999999999999996
226,2020-11-14,1162.0,13399.0,1388.0,16290,0.32999999999999996
227,2020-11-15,1194.0,13886.0,1467.0,14422,0.32999999999999996
228,2020-11-16,1198.0,14313.0,1560.0,24136,0.32999999999999996
229,2020-11-17,1228.0,14411.0,1491.0,20677,0.32999999999999996
230,2020-11-18,1242.0,14490.0,1571.0,18545,0.32999999999999996
231,2020-11-19,1241.0,14479.0,1484.0,15797,0.32999999999999996
232,2020-11-20,1241.0,14236.0,1316.0,14960,0.32999999999999996
233,2020-11-21,1248.0,14118.0,1255.0,10806,0.32999999999999996
234,2020-11-22,1259.0,14354.0,1333.0,10216,0.32999999999999996
235,2020-11-23,1299.0,14712.0,1385.0,16472,0.32999999999999996
236,2020-11-24,1306.0,14506.0,1277.0,14266,0.32999999999999996
237,2020-11-25,1300.0,14240.0,1415.0,14155,0.32999999999999996
238,2020-11-26,1264.0,13908.0,1198.0,12459,0.32999999999999996
239,2020-11-27,1242.0,13754.0,1055.0,12459,0.32999999999999996
240,2020-11-28,1204.0,13208.0,1065.0,9347,0.32999999999999996
241,2020-11-29,1214.0,13521.0,1215.0,9068,0.32999999999999996
242,2020-11-30,1185.0,13756.0,1216.0,15228,0.32999999999999996
243,2020-12-01,1182.0,13507.0,1271.0,13731,0.32999999999999996
244,2020-12-02,1149.0,13212.0,1262.0,13662,0.32999999999999996
245,2020-12-03,1094.0,12896.0,1337.0,12762,0.32999999999999996
246,2020-12-04,1113.0,12987.0,1248.0,13065,0.32999999999999996
247,2020-12-05,1086.0,12968.0,1186.0,10302,0.32999999999999996
248,2020-12-06,1087.0,13189.0,1311.0,11036,0.32999999999999996
249,2020-12-07,1109.0,13616.0,1466.0,17662,0.32999999999999996
250,2020-12-08,1118.0,13629.0,1528.0,16937,0.32999999999999996
251,2020-12-09,1094.0,13467.0,1550.0,17744,0.32999999999999996
252,2020-12-10,1110.0,13796.0,1524.0,18850,0.32999999999999996
253,2020-12-11,1117.0,13901.0,1450.0,20177,0.32999999999999996
254,2020-12-12,1087.0,13927.0,1587.0,16268,0.32999999999999996
255,2020-12-13,1123.0,14460.0,1581.0,18409,0.32999999999999996
256,2020-12-14,1127.0,15053.0,1746.0,30019,0.32999999999999996
257,2020-12-15,1159.0,15031.0,1730.0,29652,0.32999999999999996
258,2020-12-16,1163.0,15465.0,1796.0,30650,0.32999999999999996
259,2020-12-17,1188.0,15741.0,1873.0,30159,0.32999999999999996
260,2020-12-18,1190.0,15866.0,1672.0,32426,0.32999999999999996
261,2020-12-19,1239.0,16183.0,1812.0,22195,0.32999999999999996
262,2020-12-20,1267.0,16633.0,1976.0,29556,0.32999999999999996
263,2020-12-21,1327.0,17709.0,2115.0,43446,0.32999999999999996
264,2020-12-22,1339.0,18063.0,2203.0,41741,0.32999999999999996
265,2020-12-23,1374.0,17834.0,1980.0,38383,0.32999999999999996
266,2020-12-24,1427.0,18227.0,1795.0,29287,0.32999999999999996
267,2020-12-25,1437.0,17701.0,1952.0,12926,0.32999999999999996
268,2020-12-26,1498.0,18350.0,2298.0,37462,0.32999999999999996
269,2020-12-27,1556.0,19277.0,2572.0,43250,0.32999999999999996
270,2020-12-28,1641.0,20426.0,2795.0,40845,0.32999999999999996
271,2020-12-29,1728.0,21787.0,2886.0,74058,0.32999999999999996
272,2020-12-30,1854.0,22713.0,2861.0,64243,0.32999999999999996
273,2020-12-31,1899.0,22728.0,2536.0,47824,0.32999999999999996
274,2021-01-01,1940.0,22534.0,3010.0,28879,0.32999999999999996
275,2021-01-02,2017.0,23557.0,3145.0,55428,0.32999999999999996
276,2021-01-03,2181.0,24957.0,3351.0,50664,0.32999999999999996
277,2021-01-04,2310.0,26626.0,3587.0,70920,0.32999999999999996
278,2021-01-05,2378.0,26467.0,3697.0,59600,0.32999999999999996
279,2021-01-06,2550.0,27727.0,3967.0,52752,0.32999999999999996
280,2021-01-07,2654.0,28246.0,3849.0,48132,0.32999999999999996
281,2021-01-08,2814.0,29346.0,3549.0,43494,0.32999999999999996
282,2021-01-09,2860.0,29462.0,3718.0,36419,0.32999999999999996
283,2021-01-10,2963.0,30758.0,3571.0,33749,0.32999999999999996
284,2021-01-11,3055.0,32070.0,3894.0,53519,0.32999999999999996
285,2021-01-12,3175.0,32202.0,4134.0,45968,0.32999999999999996
286,2021-01-13,3307.0,32689.0,3840.0,42303,0.32999999999999996
287,2021-01-14,3351.0,32925.0,3678.0,39658,0.32999999999999996
288,2021-01-15,3464.0,33362.0,3295.0,37879,0.32999999999999996
289,2021-01-16,3525.0,32923.0,3569.0,28413,0.32999999999999996
290,2021-01-17,3533.0,33352.0,3424.0,26976,0.32999999999999996
291,2021-01-18,3570.0,34336.0,3711.0,41935,0.32999999999999996
292,2021-01-19,3603.0,34015.0,3768.0,37055,0.32999999999999996
293,2021-01-20,3603.0,33886.0,3679.0,32679,0.32999999999999996
294,2021-01-21,3607.0,33235.0,3237.0,29633,0.32999999999999996
295,2021-01-22,3727.0,33412.0,3016.0,27741,0.32999999999999996
296,2021-01-23,3731.0,32614.0,2780.0,20425,0.32999999999999996
297,2021-01-24,3736.0,32907.0,2824.0,15883,0.32999999999999996
298,2021-01-25,3694.0,32938.0,2648.0,27972,0.32999999999999996
299,2021-01-26,3634.0,32337.0,2799.0,25210,0.32999999999999996
300,2021-01-27,3602.0,30846.0,2742.0,23899,0.32999999999999996
301,2021-01-28,3585.0,30333.0,2719.0,22523,0.32999999999999996
302,2021-01-29,3506.0,29359.0,2379.0,20363,0.32999999999999996
303,2021-01-30,3486.0,28571.0,2193.0,15524,0.32999999999999996
304,2021-01-31,3366.0,28112.0,2183.0,14138,0.32999999999999996
305,2021-02-01,3414.0,28539.0,2347.0,20765,0.3086325
306,2021-02-02,3324.0,27397.0,2222.0,18193,0.3086325
307,2021-02-03,3328.0,26374.0,2096.0,17948,0.3086325
308,2021-02-04,3275.0,25334.0,1907.0,16717,0.3086325
309,2021-02-05,3217.0,24402.0,1757.0,14461,0.3086325
310,2021-02-06,3099.0,23042.0,1679.0,10951,0.3086325
311,2021-02-07,3047.0,22991.0,1675.0,10457,0.3086325
312,2021-02-08,2980.0,23020.0,1739.0,14370,0.3086325
313,2021-02-09,2911.0,22067.0,1531.0,12696,0.3086325
314,2021-02-10,2872.0,20926.0,1535.0,12272,0.3086325
315,2021-02-11,2780.0,19983.0,1440.0,11637,0.3086325
316,2021-02-12,2688.0,19009.0,1318.0,10986,0.3086325
317,2021-02-13,2592.0,17694.0,1240.0,8025,0.3086325
318,2021-02-14,2611.0,17787.0,1364.0,7781,0.3086325
319,2021-02-15,2577.0,17730.0,1322.0,12953,0.3086325
320,2021-02-16,2484.0,17093.0,1311.0,11268,0.3086325
321,2021-02-17,2393.0,16458.0,1233.0,10419,0.3086325
322,2021-02-18,2316.0,15633.0,1149.0,10303,0.3086325
323,2021-02-19,2251.0,15018.0,1068.0,9246,0.3086325
324,2021-02-20,2142.0,14316.0,904.0,7161,0.3086325
325,2021-02-21,2122.0,14142.0,1008.0,7033,0.3086325
326,2021-02-22,2072.0,14137.0,980.0,10279,0.3086325
327,2021-02-23,1950.0,13489.0,976.0,8536,0.3086325
328,2021-02-24,1931.0,13007.0,874.0,7621,0.3086325
329,2021-02-25,1866.0,12449.0,832.0,6934,0.3086325
330,2021-02-26,1808.0,11781.0,718.0,5883,0.3086325
331,2021-02-27,1747.0,11090.0,624.0,4254,0.3086325
332,2021-02-28,1630.0,10663.0,662.0,4112,0.3086325
333,2021-03-01,1658.0,10765.0,704.0,6215,0.287265
334,2021-03-02,1556.0,10121.0,683.0,5950,0.287265
335,2021-03-03,1507.0,9594.0,607.0,5305,0.287265
336,2021-03-04,1454.0,9092.0,596.0,5011,0.287265
337,2021-03-05,1417.0,8594.0,487.0,4728,0.287265
338,2021-03-06,1326.0,8021.0,528.0,3832,0.287265
339,2021-03-07,1273.0,7812.0,461.0,3677,0.287265
340,2021-03-08,1236.0,7847.0,501.0,5818,0.287265
341,2021-03-09,1187.0,7451.0,483.0,5488,0.287265
342,2021-03-10,1137.0,6975.0,494.0,5222,0.287265
343,2021-03-11,1101.0,6687.0,449.0,4848,0.287265
344,2021-03-12,1023.0,6391.0,386.0,4767,0.287265
345,2021-03-13,1000.0,6072.0,385.0,3592,0.287265
346,2021-03-14,963.0,6039.0,357.0,3707,0.287265
347,2021-03-15,930.0,5976.0,431.0,5643,0.287265
348,2021-03-16,882.0,5664.0,364.0,4933,0.287265
349,2021-03-17,846.0,5397.0,343.0,5048,0.287265
350,2021-03-18,797.0,5083.0,351.0,4689,0.287265
351,2021-03-19,749.0,4841.0,283.0,4333,0.287265
352,2021-03-20,710.0,4589.0,287.0,3514,0.287265
353,2021-03-21,692.0,4492.0,279.0,4679,0.287265
354,2021-03-22,676.0,4501.0,294.0,5400,0.287265
355,2021-03-23,647.0,4245.0,295.0,4566,0.287265
356,2021-03-24,613.0,4005.0,277.0,5321,0.287265
357,2021-03-25,566.0,3763.0,288.0,4674,0.287265
358,2021-03-26,559.0,3712.0,245.0,3803,0.287265
359,2021-03-27,537.0,3676.0,217.0,3136,0.287265
360,2021-03-28,532.0,3438.0,221.0,4477,0.287265
361,2021-03-29,532.0,3466.0,206.0,3422,0.287265
362,2021-03-30,518.0,3283.0,217.0,3135,0.287265
363,2021-03-31,501.0,3084.0,225.0,3340,0.287265
364,2021-04-01,470.0,2928.0,180.0,3067,0.26589749999999995
365,2021-04-02,436.0,2784.0,178.0,2248,0.26589749999999995
366,2021-04-03,433.0,2677.0,179.0,2121,0.26589749999999995
367,2021-04-04,422.0,2672.0,156.0,2042,0.26589749999999995
368,2021-04-05,416.0,2680.0,188.0,2314,0.26589749999999995
369,2021-04-06,406.0,2588.0,183.0,2756,0.26589749999999995
370,2021-04-07,393.0,2486.0,189.0,2752,0.26589749999999995
371,2021-04-08,377.0,2382.0,167.0,2651,0.26589749999999995
372,2021-04-09,362.0,2321.0,167.0,2482,0.26589749999999995
373,2021-04-10,342.0,2190.0,151.0,2009,0.26589749999999995
374,2021-04-11,343.0,2096.0,175.0,2020,0.26589749999999995
375,2021-04-12,337.0,2108.0,173.0,2399,0.26589749999999995
376,2021-04-13,333.0,2057.0,153.0,2060,0.26589749999999995
377,2021-04-14,315.0,1972.0,156.0,2068,0.26589749999999995
378,2021-04-15,294.0,1885.0,127.0,1959,0.26589749999999995
379,2021-04-16,298.0,1844.0,118.0,1963,0.26589749999999995
380,2021-04-17,292.0,1735.0,135.0,1398,0.26589749999999995
381,2021-04-18,283.0,1691.0,112.0,2281,0.26589749999999995
382,2021-04-19,291.0,1732.0,138.0,2268,0.26589749999999995
383,2021-04-20,273.0,1649.0,98.0,2112,0.26589749999999995
384,2021-04-21,249.0,1609.0,126.0,2298,0.26589749999999995
385,2021-04-22,237.0,1523.0,92.0,2032,0.26589749999999995
386,2021-04-23,221.0,1478.0,124.0,1701,0.26589749999999995
387,2021-04-24,220.0,1401.0,99.0,1300,0.26589749999999995
388,2021-04-25,211.0,1377.0,107.0,1897,0.26589749999999995
389,2021-04-26,208.0,1393.0,108.0,2267,0.26589749999999995
390,2021-04-27,196.0,1310.0,128.0,1809,0.26589749999999995
391,2021-04-28,188.0,1278.0,89.0,2153,0.26589749999999995
392,2021-04-29,178.0,1235.0,80.0,1901,0.26589749999999995
393,2021-04-30,170.0,1161.0,82.0,1528,0.26589749999999995
394,2021-05-01,167.0,1071.0,68.0,1211,0.24453
395,2021-05-02,172.0,1082.0,92.0,1305,0.24453
396,2021-05-03,168.0,1096.0,98.0,1806,0.24453
397,2021-05-04,162.0,1093.0,76.0,2200,0.24453
398,2021-05-05,161.0,1032.0,96.0,2203,0.24453
399,2021-05-06,144.0,976.0,88.0,1967,0.24453
400,2021-05-07,145.0,973.0,77.0,1657,0.24453
401,2021-05-08,135.0,948.0,80.0,1301,0.24453
402,2021-05-09,131.0,933.0,76.0,1985,0.24453
403,2021-05-10,135.0,944.0,76.0,2325,0.24453
404,2021-05-11,126.0,921.0,79.0,1872,0.24453
405,2021-05-12,123.0,907.0,93.0,1869,0.24453
406,2021-05-13,119.0,845.0,74.0,1737,0.24453
407,2021-05-14,115.0,818.0,72.0,1540,0.24453
408,2021-05-15,115.0,810.0,70.0,1306,0.24453
409,2021-05-16,116.0,801.0,59.0,1587,0.24453
410,2021-05-17,117.0,798.0,74.0,2341,0.24453
411,2021-05-18,114.0,749.0,90.0,2241,0.24453
412,2021-05-19,113.0,757.0,93.0,2261,0.24453
413,2021-05-20,115.0,749.0,98.0,2000,0.24453
414,2021-05-21,117.0,766.0,85.0,1872,0.24453
415,2021-05-22,113.0,730.0,75.0,1606,0.24453
416,2021-05-23,111.0,756.0,77.0,1918,0.24453
417,2021-05-24,113.0,797.0,98.0,2750,0.24453
418,2021-05-25,117.0,765.0,88.0,2797,0.24453
419,2021-05-26,115.0,745.0,95.0,3179,0.24453
420,2021-05-27,110.0,742.0,83.0,3075,0.24453
421,2021-05-28,116.0,743.0,92.0,2929,0.24453
422,2021-05-29,112.0,748.0,69.0,2462,0.24453
423,2021-05-30,115.0,755.0,80.0,2598,0.24453
424,2021-05-31,110.0,773.0,98.0,3170,0.24453
425,2021-06-01,123.0,776.0,115.0,4515,0.22316249999999999
426,2021-06-02,116.0,801.0,101.0,5039,0.22316249999999999
427,2021-06-03,124.0,779.0,93.0,5131,0.22316249999999999
428,2021-06-04,119.0,805.0,96.0,4886,0.22316249999999999
429,2021-06-05,124.0,782.0,96.0,3964,0.22316249999999999
430,2021-06-06,131.0,807.0,121.0,4730,0.22316249999999999
431,2021-06-07,133.0,860.0,131.0,6791,0.22316249999999999
432,2021-06-08,140.0,879.0,147.0,6630,0.22316249999999999
433,2021-06-09,141.0,876.0,158.0,6919,0.22316249999999999
434,2021-06-10,140.0,906.0,162.0,6718,0.22316249999999999
435,2021-06-11,146.0,884.0,144.0,6510,0.22316249999999999
436,2021-06-12,152.0,915.0,137.0,5422,0.22316249999999999
437,2021-06-13,171.0,947.0,187.0,6075,0.22316249999999999
438,2021-06-14,170.0,993.0,185.0,8941,0.22316249999999999
439,2021-06-15,187.0,1030.0,188.0,9153,0.22316249999999999
440,2021-06-16,192.0,1057.0,177.0,9411,0.22316249999999999
441,2021-06-17,197.0,1122.0,202.0,9523,0.22316249999999999
442,2021-06-18,210.0,1170.0,185.0,8772,0.22316249999999999
443,2021-06-19,203.0,1143.0,178.0,7127,0.22316249999999999
444,2021-06-20,196.0,1168.0,171.0,8203,0.22316249999999999
445,2021-06-21,212.0,1290.0,181.0,12707,0.22316249999999999
446,2021-06-22,229.0,1301.0,182.0,13563,0.22316249999999999
447,2021-06-23,227.0,1255.0,214.0,14806,0.22316249999999999
448,2021-06-24,240.0,1274.0,194.0,15084,0.22316249999999999
449,2021-06-25,238.0,1284.0,206.0,14901,0.22316249999999999
450,2021-06-26,236.0,1276.0,223.0,13486,0.22316249999999999
451,2021-06-27,244.0,1331.0,226.0,15407,0.22316249999999999
452,2021-06-28,272.0,1465.0,244.0,23511,0.22316249999999999
453,2021-06-29,259.0,1445.0,283.0,23250,0.22316249999999999
454,2021-06-30,264.0,1500.0,331.0,23941,0.22316249999999999
455,2021-07-01,279.0,1560.0,295.0,24267,0.201795
456,2021-07-02,297.0,1611.0,307.0,22287,0.201795
457,2021-07-03,296.0,1636.0,323.0,20638,0.201795
458,2021-07-04,305.0,1744.0,390.0,21806,0.201795
459,2021-07-05,330.0,1888.0,416.0,30215,0.201795
460,2021-07-06,353.0,1998.0,458.0,31627,0.201795
461,2021-07-07,377.0,2144.0,461.0,34274,0.201795
462,2021-07-08,376.0,2209.0,488.0,29929,0.201795
463,2021-07-09,393.0,2352.0,451.0,29050,0.201795
464,2021-07-10,398.0,2429.0,442.0,25411,0.201795
465,2021-07-11,408.0,2564.0,502.0,27418,0.201795
466,2021-07-12,433.0,2798.0,610.0,40477,0.201795
467,2021-07-13,470.0,2970.0,621.0,43247,0.201795
468,2021-07-14,489.0,3110.0,636.0,50320,0.201795
469,2021-07-15,493.0,3241.0,658.0,57583,0.201795
470,2021-07-16,512.0,3367.0,593.0,51138,0.201795
471,2021-07-17,514.0,3442.0,622.0,35281,0.201795
472,2021-07-18,512.0,3546.0,698.0,33164,0.201795
473,2021-07-19,543.0,3813.0,752.0,43401,0.201795
474,2021-07-20,544.0,3894.0,805.0,35947,0.201795
475,2021-07-21,567.0,4063.0,783.0,31676,0.201795
476,2021-07-22,612.0,4230.0,827.0,27711,0.201795
477,2021-07-23,625.0,4401.0,725.0,24586,0.201795
478,2021-07-24,659.0,4476.0,734.0,20276,0.201795
479,2021-07-25,675.0,4725.0,836.0,19657,0.201795
480,2021-07-26,712.0,5055.0,830.0,26541,0.201795
481,2021-07-27,738.0,5163.0,816.0,26027,0.201795
482,2021-07-28,748.0,5182.0,728.0,26925,0.201795
483,2021-07-29,765.0,5056.0,758.0,25361,0.201795
484,2021-07-30,785.0,5111.0,650.0,22109,0.201795
485,2021-07-31,789.0,5057.0,593.0,18450,0.201795
486,2021-08-01,769.0,5090.0,645.0,18714,0.18042750000000002
487,2021-08-02,791.0,5309.0,686.0,26580,0.18042750000000002
488,2021-08-03,780.0,5116.0,680.0,27062,0.18042750000000002
489,2021-08-04,772.0,4944.0,747.0,28895,0.18042750000000002
490,2021-08-05,770.0,4894.0,693.0,28126,0.18042750000000002
491,2021-08-06,765.0,4879.0,657.0,24851,0.18042750000000002
492,2021-08-07,760.0,4817.0,630.0,19957,0.18042750000000002
493,2021-08-08,765.0,4939.0,651.0,20157,0.18042750000000002
494,2021-08-09,762.0,5098.0,665.0,28292,0.18042750000000002
495,2021-08-10,782.0,5096.0,760.0,27610,0.18042750000000002
496,2021-08-11,777.0,5073.0,747.0,29135,0.18042750000000002
497,2021-08-12,783.0,5029.0,758.0,27690,0.18042750000000002
498,2021-08-13,793.0,5076.0,694.0,24992,0.18042750000000002
499,2021-08-14,797.0,4973.0,689.0,21336,0.18042750000000002
500,2021-08-15,800.0,5115.0,719.0,21280,0.18042750000000002
501,2021-08-16,816.0,5429.0,776.0,30861,0.18042750000000002
502,2021-08-17,825.0,5437.0,832.0,31095,0.18042750000000002
503,2021-08-18,812.0,5514.0,795.0,31426,0.18042750000000002
504,2021-08-19,835.0,5554.0,824.0,29081,0.18042750000000002
505,2021-08-20,857.0,5576.0,733.0,25555,0.18042750000000002
506,2021-08-21,858.0,5575.0,757.0,22605,0.18042750000000002
507,2021-08-22,863.0,5749.0,726.0,22409,0.18042750000000002
508,2021-08-23,845.0,6000.0,831.0,30333,0.18042750000000002
509,2021-08-24,857.0,5911.0,818.0,28212,0.18042750000000002
510,2021-08-25,871.0,5922.0,843.0,27901,0.18042750000000002
511,2021-08-26,872.0,5893.0,777.0,26482,0.18042750000000002
512,2021-08-27,874.0,5889.0,749.0,24253,0.18042750000000002
513,2021-08-28,835.0,5756.0,688.0,20138,0.18042750000000002
514,2021-08-29,850.0,5855.0,701.0,19152,0.18042750000000002
515,2021-08-30,859.0,6002.0,808.0,24973,0.18042750000000002
516,2021-08-31,879.0,6293.0,798.0,33565,0.18042750000000002
517,2021-09-01,890.0,6236.0,835.0,31600,0.15906
518,2021-09-02,897.0,6186.0,788.0,30636,0.15906
519,2021-09-03,889.0,6195.0,688.0,28730,0.15906
520,2021-09-04,880.0,6043.0,752.0,23409,0.15906
521,2021-09-05,878.0,6167.0,691.0,23457,0.15906
522,2021-09-06,909.0,6375.0,831.0,33135,0.15906
523,2021-09-07,885.0,6244.0,801.0,27938,0.15906
524,2021-09-08,896.0,6302.0,900.0,25659,0.15906
525,2021-09-09,887.0,6254.0,790.0,24440,0.15906
526,2021-09-10,898.0,6400.0,680.0,21031,0.15906
527,2021-09-11,865.0,6206.0,649.0,16956,0.15906
528,2021-09-12,884.0,6253.0,658.0,17879,0.15906
529,2021-09-13,886.0,6424.0,688.0,25199,0.15906
530,2021-09-14,888.0,6344.0,701.0,22641,0.15906
531,2021-09-15,910.0,6306.0,691.0,22414,0.15906
532,2021-09-16,849.0,6081.0,672.0,22320,0.15906
533,2021-09-17,844.0,5910.0,540.0,22375,0.15906
534,2021-09-18,829.0,5688.0,560.0,20926,0.15906
535,2021-09-19,824.0,5695.0,572.0,24789,0.15906
536,2021-09-20,811.0,5727.0,606.0,32121,0.15906
537,2021-09-21,774.0,5543.0,602.0,30547,0.15906
538,2021-09-22,783.0,5406.0,572.0,28788,0.15906
539,2021-09-23,757.0,5214.0,577.0,28340,0.15906
540,2021-09-24,730.0,5036.0,557.0,25754,0.15906
541,2021-09-25,723.0,5100.0,520.0,23389,0.15906
542,2021-09-26,689.0,4949.0,535.0,26814,0.15906
543,2021-09-27,685.0,5121.0,617.0,34595,0.15906
544,2021-09-28,681.0,5126.0,596.0,29628,0.15906
545,2021-09-29,671.0,5017.0,625.0,28689,0.15906
546,2021-09-30,672.0,4916.0,552.0,26808,0.15906
547,2021-10-01,671.0,4799.0,520.0,24134,0.13769250000000005
548,2021-10-02,630.0,4652.0,549.0,21873,0.13769250000000005
549,2021-10-03,639.0,4778.0,577.0,27138,0.13769250000000005
550,2021-10-04,632.0,4909.0,627.0,36475,0.13769250000000005
551,2021-10-05,661.0,5006.0,658.0,32269,0.13769250000000005
552,2021-10-06,663.0,5009.0,632.0,32547,0.13769250000000005
553,2021-10-07,665.0,4962.0,634.0,32158,0.13769250000000005
554,2021-10-08,647.0,4975.0,619.0,29848,0.13769250000000005
555,2021-10-09,639.0,4921.0,613.0,27180,0.13769250000000005
556,2021-10-10,622.0,5077.0,606.0,31499,0.13769250000000005
557,2021-10-11,621.0,5206.0,685.0,43115,0.13769250000000005
558,2021-10-12,657.0,5213.0,760.0,40892,0.13769250000000005
559,2021-10-13,657.0,5246.0,752.0,40547,0.13769250000000005
560,2021-10-14,655.0,5289.0,730.0,39262,0.13769250000000005
561,2021-10-15,673.0,5363.0,752.0,36631,0.13769250000000005
562,2021-10-16,681.0,5385.0,743.0,31639,0.13769250000000005
563,2021-10-17,695.0,5623.0,828.0,37501,0.13769250000000005
564,2021-10-18,703.0,5938.0,896.0,49257,0.13769250000000005
565,2021-10-19,733.0,6099.0,894.0,44630,0.13769250000000005
566,2021-10-20,746.0,6299.0,903.0,43963,0.13769250000000005
567,2021-10-21,750.0,6366.0,799.0,38581,0.13769250000000005
568,2021-10-22,746.0,6405.0,760.0,34506,0.13769250000000005
569,2021-10-23,728.0,6386.0,756.0,29747,0.13769250000000005
570,2021-10-24,745.0,6515.0,829.0,30091,0.13769250000000005
571,2021-10-25,776.0,6801.0,865.0,39958,0.13769250000000005
572,2021-10-26,803.0,6883.0,911.0,35276,0.13769250000000005
573,2021-10-27,799.0,6951.0,955.0,36524,0.13769250000000005
574,2021-10-28,794.0,7019.0,888.0,35076,0.13769250000000005
575,2021-10-29,809.0,7113.0,840.0,33995,0.13769250000000005
576,2021-10-30,812.0,7155.0,741.0,28243,0.13769250000000005
577,2021-10-31,815.0,7311.0,860.0,29564,0.13769250000000005
578,2021-11-01,859.0,7535.0,899.0,37663,0.11632500000000004
579,2021-11-02,859.0,7510.0,891.0,31328,0.11632500000000004
580,2021-11-03,854.0,7291.0,807.0,29396,0.11632500000000004
581,2021-11-04,867.0,7201.0,717.0,27379,0.11632500000000004
582,2021-11-05,860.0,7072.0,686.0,24405,0.11632500000000004
583,2021-11-06,856.0,6874.0,688.0,22581,0.11632500000000004
584,2021-11-07,846.0,6910.0,739.0,25447,0.11632500000000004
585,2021-11-08,869.0,7075.0,850.0,36138,0.11632500000000004
586,2021-11-09,865.0,7053.0,808.0,34679,0.11632500000000004
587,2021-11-10,846.0,6961.0,821.0,35390,0.11632500000000004
588,2021-11-11,842.0,6861.0,797.0,33700,0.11632500000000004
589,2021-11-12,838.0,6777.0,729.0,31337,0.11632500000000004
590,2021-11-13,830.0,6639.0,655.0,27358,0.11632500000000004
591,2021-11-14,841.0,6707.0,678.0,29599,0.11632500000000004
592,2021-11-15,821.0,6864.0,695.0,42477,0.11632500000000004
593,2021-11-16,796.0,6623.0,713.0,38656,0.11632500000000004
594,2021-11-17,792.0,6412.0,727.0,38257,0.11632500000000004
595,2021-11-18,779.0,6336.0,697.0,37099,0.11632500000000004
596,2021-11-19,769.0,6310.0,637.0,33184,0.11632500000000004
597,2021-11-20,764.0,6191.0,611.0,29868,0.11632500000000004
598,2021-11-21,776.0,6322.0,648.0,31761,0.11632500000000004
599,2021-11-22,785.0,6424.0,602.0,42869,0.11632500000000004
600,2021-11-23,780.0,6257.0,659.0,41015,0.11632500000000004
601,2021-11-24,783.0,6062.0,752.0,39881,0.11632500000000004
602,2021-11-25,790.0,6068.0,650.0,37143,0.11632500000000004
603,2021-11-26,796.0,5992.0,620.0,33666,0.11632500000000004
604,2021-11-27,787.0,5852.0,609.0,28459,0.11632500000000004
605,2021-11-28,793.0,5890.0,607.0,33857,0.11632500000000004
606,2021-11-29,793.0,6094.0,669.0,47939,0.11632500000000004
607,2021-11-30,806.0,6123.0,699.0,47632,0.11632500000000004
608,2021-12-01,773.0,5829.0,698.0,47263,0.0949575
609,2021-12-02,774.0,5915.0,719.0,43045,0.0949575
610,2021-12-03,783.0,5851.0,624.0,39222,0.0949575
611,2021-12-04,775.0,5784.0,635.0,33380,0.0949575
612,2021-12-05,770.0,5903.0,728.0,35037,0.0949575
613,2021-12-06,793.0,5992.0,736.0,51123,0.0949575
614,2021-12-07,779.0,6027.0,799.0,48146,0.0949575
615,2021-12-08,778.0,6053.0,754.0,50059,0.0949575
616,2021-12-09,792.0,6130.0,799.0,48817,0.0949575
617,2021-12-10,793.0,6088.0,707.0,45018,0.0949575
618,2021-12-11,785.0,6095.0,696.0,41940,0.0949575
619,2021-12-12,788.0,6223.0,772.0,46367,0.0949575
620,2021-12-13,795.0,6395.0,794.0,76507,0.0949575
621,2021-12-14,795.0,6434.0,815.0,90717,0.0949575
622,2021-12-15,786.0,6358.0,805.0,99655,0.0949575
623,2021-12-16,783.0,6405.0,777.0,93804,0.0949575
624,2021-12-17,789.0,6321.0,743.0,84967,0.0949575
625,2021-12-18,767.0,6287.0,735.0,78930,0.0949575
626,2021-12-19,767.0,6434.0,926.0,78497,0.0949575
627,2021-12-20,768.0,6688.0,1061.0,117577,0.0949575
628,2021-12-21,757.0,6902.0,1098.0,129599,0.0949575
629,2021-12-22,745.0,7080.0,1246.0,138142,0.0949575
630,2021-12-23,747.0,7114.0,1252.0,137021,0.0949575
631,2021-12-24,742.0,7366.0,1020.0,117562,0.0949575
632,2021-12-25,745.0,7166.0,1281.0,59912,0.0949575
633,2021-12-26,758.0,7536.0,1374.0,98918,0.0949575
634,2021-12-27,776.0,8474.0,1751.0,155567,0.0949575
635,2021-12-28,758.0,9546.0,2082.0,170586,0.0949575
636,2021-12-29,771.0,10462.0,2370.0,224031,0.0949575
637,2021-12-30,782.0,11452.0,2114.0,192825,0.0949575
638,2021-12-31,789.0,12395.0,1781.0,152887,0.0949575
