covidOccupiedMVBeds,cumAdmissions,hospitalCases,newAdmissions
1494.0,26264,12135.0,2932
1788.0,28828,13635.0,2564
1950.0,31421,15469.0,2593
2097.0,34013,16657.0,2592
2264.0,36692,17154.0,2679
2472.0,39436,17814.0,2744
2561.0,42055,18152.0,2619
2546.0,44395,18423.0,2340
2820.0,46591,18669.0,2196
2865.0,48546,18604.0,1955
2881.0,50337,18974.0,1791
2872.0,52249,18621.0,1912
2849.0,54108,18552.0,1859
2847.0,55716,17934.0,1608
2838.0,57493,17783.0,1777
2780.0,59167,16728.0,1674
2868.0,60578,16850.0,1411
2820.0,62053,16928.0,1475
2780.0,63575,16654.0,1522
2701.0,65070,16517.0,1495
2646.0,66380,16018.0,1310
2563.0,67669,15402.0,1289
2414.0,68946,14642.0,1277
2405.0,70026,14202.0,1080
2309.0,71234,14174.0,1208
2194.0,72578,14255.0,1344
2093.0,73874,13565.0,1296
2045.0,75169,13224.0,1295
1991.0,76396,12922.0,1227
1954.0,77477,12623.0,1081
1844.0,78457,12314.0,980
1795.0,79501,12119.0,1044
1724.0,80564,12020.0,1063
1662.0,81523,11754.0,959
1610.0,82563,11227.0,1040
1493.0,83561,10726.0,998
1446.0,84304,10249.0,743
1398.0,85102,10176.0,798
1362.0,85858,9893.0,756
1316.0,86724,10109.0,866
1247.0,87568,9791.0,844
1198.0,88372,9602.0,804
1162.0,89135,9231.0,763
1200.0,89873,9079.0,738
1101.0,90544,8643.0,671
1064.0,91217,8611.0,673
1010.0,91950,8668.0,733
976.0,92702,8518.0,752
921.0,93434,8115.0,732
894.0,94149,7903.0,715
852.0,94787,7761.0,638
815.0,95291,7428.0,504
786.0,95788,7415.0,497
771.0,96286,7448.0,498
756.0,96864,7305.0,578
696.0,97453,6836.0,589
663.0,98023,6528.0,570
630.0,98522,6250.0,499
628.0,98988,5972.0,466
606.0,99434,5933.0,446
584.0,99956,5954.0,522
553.0,100509,5827.0,553
523.0,101000,5600.0,491
494.0,101458,5398.0,458
481.0,101838,5213.0,380
473.0,102144,5004.0,306
448.0,102467,4820.0,323
443.0,102815,4830.0,348
427.0,103212,4665.0,397
384.0,103614,4447.0,402
334.0,103944,4179.0,330
336.0,104242,4136.0,298
339.0,104507,4000.0,265
343.0,104813,3973.0,306
327.0,105178,3920.0,365
327.0,105532,3934.0,354
300.0,105866,3826.0,334
299.0,106178,3681.0,312
283.0,106431,3575.0,253
297.0,106615,3423.0,184
265.0,106830,3373.0,215
296.0,107148,3417.0,318
266.0,107423,3288.0,275
264.0,107685,3223.0,262
236.0,107941,3066.0,256
226.0,108189,2859.0,248
233.0,108398,2819.0,209
236.0,108553,2818.0,155
228.0,108725,3024.0,172
238.0,108914,2665.0,189
220.0,109115,2509.0,201
211.0,109264,2410.0,149
202.0,109410,2294.0,146
186.0,109530,2152.0,120
190.0,109661,2100.0,131
188.0,109811,2099.0,150
178.0,109959,2010.0,148
164.0,110100,1888.0,141
167.0,110236,1801.0,136
162.0,110340,1746.0,104
152.0,110437,1640.0,97
139.0,110509,1611.0,72
138.0,110646,1612.0,137
123.0,110768,1506.0,122
136.0,110884,1489.0,116
118.0,110998,1348.0,114
122.0,111081,1346.0,83
118.0,111129,1321.0,48
119.0,111201,1301.0,72
112.0,111287,1278.0,86
106.0,111366,1188.0,79
97.0,111448,1305.0,82
101.0,111557,1095.0,109
92.0,111650,1018.0,93
82.0,111715,977.0,65
81.0,111779,965.0,64
83.0,111861,945.0,82
78.0,111930,944.0,69
72.0,111993,927.0,63
70.0,112068,898.0,75
71.0,112123,870.0,55
74.0,112173,879.0,50
72.0,112230,847.0,57
67.0,112304,842.0,74
65.0,112362,807.0,58
63.0,112422,805.0,60
61.0,112474,756.0,52
57.0,112534,711.0,60
55.0,112612,650.0,78
56.0,112665,611.0,53
60.0,112715,714.0,50
63.0,112778,672.0,63
68.0,112829,642.0,51
64.0,112889,652.0,60
63.0,112944,642.0,55
68.0,112982,630.0,38
69.0,113021,634.0,39
67.0,113067,626.0,46
64.0,113123,597.0,56
63.0,113181,571.0,58
64.0,113226,551.0,45
64.0,113275,528.0,49
66.0,113300,594.0,25
65.0,113344,522.0,44
62.0,113385,522.0,41
62.0,113445,500.0,60
55.0,113497,485.0,52
62.0,113566,492.0,69
52.0,113610,469.0,44
56.0,113662,478.0,52
52.0,113700,479.0,38
54.0,113752,495.0,52
59.0,113810,496.0,58
59.0,113889,451.0,79
58.0,113958,468.0,69
54.0,114025,474.0,67
50.0,114119,471.0,94
52.0,114204,483.0,85
62.0,114288,555.0,84
64.0,114387,535.0,99
64.0,114523,557.0,136
62.0,114666,572.0,143
129.0,114801,622.0,135
70.0,114944,663.0,143
74.0,115097,691.0,153
88.0,115269,812.0,172
101.0,115463,891.0,194
107.0,115646,929.0,183
108.0,115845,984.0,199
115.0,116050,1020.0,205
123.0,116254,1081.0,204
142.0,116491,1174.0,237
154.0,116766,1299.0,275
179.0,117034,1378.0,268
192.0,117348,1439.0,314
209.0,117636,1546.0,288
227.0,117910,1686.0,274
223.0,118155,1689.0,245
233.0,118396,1793.0,241
245.0,118704,1955.0,308
259.0,119014,1954.0,310
282.0,119342,2036.0,328
285.0,119710,2069.0,368
311.0,120081,2180.0,371
307.0,120467,2290.0,386
310.0,120945,2435.0,478
331.0,121417,2705.0,472
349.0,121941,2903.0,524
376.0,122432,3066.0,491
368.0,122945,3179.0,513
367.0,123489,3238.0,544
396.0,124004,3369.0,515
401.0,124632,3604.0,628
426.0,125296,3827.0,664
441.0,126060,4105.0,764
468.0,126766,4313.0,706
482.0,127558,4569.0,792
482.0,128190,4854.0,632
495.0,128975,5029.0,785
504.0,129845,5202.0,870
529.0,130706,5644.0,861
560.0,131631,6072.0,925
572.0,132628,6271.0,997
564.0,133615,6345.0,987
602.0,134612,6842.0,997
632.0,135602,7176.0,990
663.0,136788,7612.0,1186
682.0,138067,7856.0,1279
743.0,139257,8595.0,1190
788.0,140496,9070.0,1239
803.0,141841,9127.0,1345
801.0,142950,9295.0,1109
816.0,144190,9782.0,1240
804.0,145470,9623.0,1280
883.0,146801,10397.0,1331
954.0,148047,10971.0,1246
997.0,149429,11037.0,1382
986.0,150775,10994.0,1346
984.0,151957,11181.0,1182
1003.0,153276,11514.0,1319
1017.0,154764,11680.0,1488
1048.0,156315,12259.0,1551
1010.0,157907,12033.0,1592
1081.0,159618,12730.0,1711
1088.0,161284,12967.0,1666
1158.0,162717,13328.0,1433
1162.0,164105,13399.0,1388
1194.0,165572,13886.0,1467
1198.0,167132,14313.0,1560
1228.0,168623,14411.0,1491
1242.0,170194,14490.0,1571
1241.0,171678,14479.0,1484
1241.0,172994,14236.0,1316
1248.0,174249,14118.0,1255
1259.0,175582,14354.0,1333
1299.0,176967,14712.0,1385
1306.0,178244,14506.0,1277
1300.0,179659,14240.0,1415
1264.0,180857,13908.0,1198
1242.0,181912,13754.0,1055
1204.0,182977,13208.0,1065
1214.0,184192,13521.0,1215
1185.0,185408,13756.0,1216
1182.0,186679,13507.0,1271
1149.0,187941,13212.0,1262
1094.0,189278,12896.0,1337
1113.0,190526,12987.0,1248
1086.0,191712,12968.0,1186
1087.0,193023,13189.0,1311
1109.0,194489,13616.0,1466
1118.0,196017,13629.0,1528
1094.0,197567,13467.0,1550
1110.0,199091,13796.0,1524
1117.0,200541,13901.0,1450
1087.0,202128,13927.0,1587
1123.0,203709,14460.0,1581
1127.0,205455,15053.0,1746
1159.0,207185,15031.0,1730
1163.0,208981,15465.0,1796
1188.0,210854,15741.0,1873
1190.0,212526,15866.0,1672
1239.0,214338,16183.0,1812
1267.0,216314,16633.0,1976
1327.0,218429,17709.0,2115
1339.0,220632,18063.0,2203
1374.0,222612,17834.0,1980
1427.0,224407,18227.0,1795
1437.0,226359,17701.0,1952
1498.0,228657,18350.0,2298
1556.0,231229,19277.0,2572
1641.0,234024,20426.0,2795
1728.0,236910,21787.0,2886
1854.0,239771,22713.0,2861
1899.0,242307,22728.0,2536
1940.0,245317,22534.0,3010
2017.0,248462,23557.0,3145
2181.0,251813,24957.0,3351
2310.0,255400,26626.0,3587
2378.0,259097,26467.0,3697
2550.0,263064,27727.0,3967
2654.0,266913,28246.0,3849
2814.0,270462,29346.0,3549
2860.0,274180,29462.0,3718
2963.0,277751,30758.0,3571
3055.0,281645,32070.0,3894
3175.0,285779,32202.0,4134
3307.0,289619,32689.0,3840
3351.0,293297,32925.0,3678
3464.0,296592,33362.0,3295
3525.0,300161,32923.0,3569
3533.0,303585,33352.0,3424
3570.0,307296,34336.0,3711
3603.0,311064,34015.0,3768
3603.0,314743,33886.0,3679
3607.0,317980,33235.0,3237
3727.0,320996,33412.0,3016
3731.0,323776,32614.0,2780
3736.0,326600,32907.0,2824
3694.0,329248,32938.0,2648
3634.0,332047,32337.0,2799
3602.0,334789,30846.0,2742
3585.0,337508,30333.0,2719
3506.0,339887,29359.0,2379
3486.0,342080,28571.0,2193
3366.0,344263,28112.0,2183
3414.0,346610,28539.0,2347
3324.0,348832,27397.0,2222
3328.0,350928,26374.0,2096
3275.0,352835,25334.0,1907
3217.0,354592,24402.0,1757
3099.0,356271,23042.0,1679
3047.0,357946,22991.0,1675
2980.0,359685,23020.0,1739
2911.0,361216,22067.0,1531
2872.0,362751,20926.0,1535
2780.0,364191,19983.0,1440
2688.0,365509,19009.0,1318
2592.0,366749,17694.0,1240
2611.0,368113,17787.0,1364
2577.0,369435,17730.0,1322
2484.0,370746,17093.0,1311
2393.0,371979,16458.0,1233
2316.0,373128,15633.0,1149
2251.0,374196,15018.0,1068
2142.0,375100,14316.0,904
2122.0,376108,14142.0,1008
2072.0,377088,14137.0,980
1950.0,378064,13489.0,976
1931.0,378938,13007.0,874
1866.0,379770,12449.0,832
1808.0,380488,11781.0,718
1747.0,381112,11090.0,624
1630.0,381774,10663.0,662
1658.0,382478,10765.0,704
1556.0,383161,10121.0,683
1507.0,383768,9594.0,607
1454.0,384364,9092.0,596
1417.0,384851,8594.0,487
1326.0,385379,8021.0,528
1273.0,385840,7812.0,461
1236.0,386341,7847.0,501
1187.0,386824,7451.0,483
1137.0,387318,6975.0,494
1101.0,387767,6687.0,449
1023.0,388153,6391.0,386
1000.0,388538,6072.0,385
963.0,388895,6039.0,357
930.0,389326,5976.0,431
882.0,389690,5664.0,364
846.0,390033,5397.0,343
797.0,390384,5083.0,351
749.0,390667,4841.0,283
710.0,390954,4589.0,287
692.0,391233,4492.0,279
676.0,391527,4501.0,294
647.0,391822,4245.0,295
613.0,392099,4005.0,277
566.0,392387,3763.0,288
559.0,392632,3712.0,245
537.0,392849,3676.0,217
532.0,393070,3438.0,221
532.0,393276,3466.0,206
518.0,393493,3283.0,217
501.0,393718,3084.0,225
470.0,393898,2928.0,180
436.0,394076,2784.0,178
433.0,394255,2677.0,179
422.0,394411,2672.0,156
416.0,394599,2680.0,188
406.0,394782,2588.0,183
393.0,394971,2486.0,189
377.0,395138,2382.0,167
362.0,395305,2321.0,167
342.0,395456,2190.0,151
343.0,395631,2096.0,175
337.0,395804,2108.0,173
333.0,395957,2057.0,153
315.0,396113,1972.0,156
294.0,396240,1885.0,127
298.0,396358,1844.0,118
292.0,396493,1735.0,135
283.0,396605,1691.0,112
291.0,396743,1732.0,138
273.0,396841,1649.0,98
249.0,396967,1609.0,126
237.0,397059,1523.0,92
221.0,397183,1478.0,124
220.0,397282,1401.0,99
211.0,397389,1377.0,107
208.0,397497,1393.0,108
196.0,397625,1310.0,128
188.0,397714,1278.0,89
178.0,397794,1235.0,80
170.0,397876,1161.0,82
167.0,397944,1071.0,68
172.0,398036,1082.0,92
168.0,398134,1096.0,98
162.0,398210,1093.0,76
161.0,398306,1032.0,96
144.0,398394,976.0,88
145.0,398471,973.0,77
135.0,398551,948.0,80
131.0,398627,933.0,76
135.0,398703,944.0,76
126.0,398782,921.0,79
123.0,398875,907.0,93
119.0,398949,845.0,74
115.0,399021,818.0,72
115.0,399091,810.0,70
116.0,399150,801.0,59
117.0,399224,798.0,74
114.0,399314,749.0,90
113.0,399407,757.0,93
115.0,399505,749.0,98
117.0,399590,766.0,85
113.0,399665,730.0,75
111.0,399742,756.0,77
113.0,399840,797.0,98
117.0,399928,765.0,88
115.0,400023,745.0,95
110.0,400106,742.0,83
116.0,400198,743.0,92
112.0,400267,748.0,69
115.0,400347,755.0,80
110.0,400445,773.0,98
123.0,400560,776.0,115
116.0,400661,801.0,101
124.0,400754,779.0,93
119.0,400850,805.0,96
124.0,400946,782.0,96
131.0,401067,807.0,121
133.0,401198,860.0,131
140.0,401345,879.0,147
141.0,401503,876.0,158
140.0,401665,906.0,162
146.0,401809,884.0,144
152.0,401946,915.0,137
171.0,402133,947.0,187
170.0,402318,993.0,185
187.0,402506,1030.0,188
192.0,402683,1057.0,177
197.0,402885,1122.0,202
210.0,403070,1170.0,185
203.0,403248,1143.0,178
196.0,403419,1168.0,171
212.0,403600,1290.0,181
229.0,403782,1301.0,182
227.0,403996,1255.0,214
240.0,404190,1274.0,194
238.0,404396,1284.0,206
236.0,404619,1276.0,223
244.0,404845,1331.0,226
272.0,405089,1465.0,244
259.0,405372,1445.0,283
264.0,405703,1500.0,331
279.0,405998,1560.0,295
297.0,406305,1611.0,307
296.0,406628,1636.0,323
305.0,407018,1744.0,390
330.0,407434,1888.0,416
353.0,407892,1998.0,458
377.0,408353,2144.0,461
376.0,408841,2209.0,488
393.0,409292,2352.0,451
398.0,409734,2429.0,442
408.0,410236,2564.0,502
433.0,410846,2798.0,610
470.0,411467,2970.0,621
489.0,412103,3110.0,636
493.0,412761,3241.0,658
512.0,413354,3367.0,593
514.0,413976,3442.0,622
512.0,414674,3546.0,698
543.0,415426,3813.0,752
544.0,416231,3894.0,805
567.0,417014,4063.0,783
612.0,417841,4230.0,827
625.0,418566,4401.0,725
659.0,419300,4476.0,734
675.0,420136,4725.0,836
712.0,420966,5055.0,830
738.0,421782,5163.0,816
748.0,422510,5182.0,728
765.0,423268,5056.0,758
785.0,423918,5111.0,650
789.0,424511,5057.0,593
769.0,425156,5090.0,645
791.0,425842,5309.0,686
780.0,426522,5116.0,680
772.0,427269,4944.0,747
770.0,427962,4894.0,693
765.0,428619,4879.0,657
760.0,429249,4817.0,630
765.0,429900,4939.0,651
762.0,430565,5098.0,665
782.0,431325,5096.0,760
777.0,432072,5073.0,747
783.0,432830,5029.0,758
793.0,433524,5076.0,694
797.0,434213,4973.0,689
800.0,434932,5115.0,719
816.0,435708,5429.0,776
825.0,436540,5437.0,832
812.0,437335,5514.0,795
835.0,438159,5554.0,824
857.0,438892,5576.0,733
858.0,439649,5575.0,757
863.0,440375,5749.0,726
845.0,441206,6000.0,831
857.0,442024,5911.0,818
871.0,442867,5922.0,843
872.0,443644,5893.0,777
874.0,444393,5889.0,749
835.0,445081,5756.0,688
850.0,445782,5855.0,701
859.0,446590,6002.0,808
879.0,447388,6293.0,798
890.0,448223,6236.0,835
897.0,449011,6186.0,788
889.0,449699,6195.0,688
880.0,450451,6043.0,752
878.0,451142,6167.0,691
909.0,451973,6375.0,831
885.0,452774,6244.0,801
896.0,453674,6302.0,900
887.0,454464,6254.0,790
898.0,455144,6400.0,680
865.0,455793,6206.0,649
884.0,456451,6253.0,658
886.0,457139,6424.0,688
888.0,457840,6344.0,701
910.0,458531,6306.0,691
849.0,459203,6081.0,672
844.0,459743,5910.0,540
829.0,460303,5688.0,560
824.0,460875,5695.0,572
811.0,461481,5727.0,606
774.0,462083,5543.0,602
783.0,462655,5406.0,572
757.0,463232,5214.0,577
730.0,463789,5036.0,557
723.0,464309,5100.0,520
689.0,464844,4949.0,535
685.0,465461,5121.0,617
681.0,466057,5126.0,596
671.0,466682,5017.0,625
672.0,467234,4916.0,552
671.0,467754,4799.0,520
630.0,468303,4652.0,549
639.0,468880,4778.0,577
632.0,469507,4909.0,627
661.0,470165,5006.0,658
663.0,470797,5009.0,632
665.0,471431,4962.0,634
647.0,472050,4975.0,619
639.0,472663,4921.0,613
622.0,473269,5077.0,606
621.0,473954,5206.0,685
657.0,474714,5213.0,760
657.0,475466,5246.0,752
655.0,476196,5289.0,730
673.0,476948,5363.0,752
681.0,477691,5385.0,743
695.0,478519,5623.0,828
703.0,479415,5938.0,896
733.0,480309,6099.0,894
746.0,481212,6299.0,903
750.0,482011,6366.0,799
746.0,482771,6405.0,760
728.0,483527,6386.0,756
745.0,484356,6515.0,829
776.0,485221,6801.0,865
803.0,486132,6883.0,911
799.0,487087,6951.0,955
794.0,487975,7019.0,888
809.0,488815,7113.0,840
812.0,489556,7155.0,741
815.0,490416,7311.0,860
859.0,491315,7535.0,899
859.0,492206,7510.0,891
854.0,493013,7291.0,807
867.0,493730,7201.0,717
860.0,494416,7072.0,686
856.0,495104,6874.0,688
846.0,495843,6910.0,739
869.0,496693,7075.0,850
865.0,497501,7053.0,808
846.0,498322,6961.0,821
842.0,499119,6861.0,797
838.0,499848,6777.0,729
830.0,500503,6639.0,655
841.0,501181,6707.0,678
821.0,501876,6864.0,695
796.0,502589,6623.0,713
792.0,503316,6412.0,727
779.0,504013,6336.0,697
769.0,504650,6310.0,637
764.0,505261,6191.0,611
776.0,505909,6322.0,648
785.0,506511,6424.0,602
780.0,507170,6257.0,659
783.0,507922,6062.0,752
790.0,508572,6068.0,650
796.0,509192,5992.0,620
787.0,509801,5852.0,609
793.0,510408,5890.0,607
793.0,511077,6094.0,669
806.0,511776,6123.0,699
773.0,512474,5829.0,698
774.0,513193,5915.0,719
783.0,513817,5851.0,624
775.0,514452,5784.0,635
770.0,515180,5903.0,728
793.0,515916,5992.0,736
779.0,516715,6027.0,799
778.0,517469,6053.0,754
792.0,518268,6130.0,799
793.0,518975,6088.0,707
785.0,519671,6095.0,696
788.0,520443,6223.0,772
795.0,521237,6395.0,794
795.0,522052,6434.0,815
786.0,522857,6358.0,805
783.0,523634,6405.0,777
789.0,524377,6321.0,743
767.0,525112,6287.0,735
767.0,526038,6434.0,926
768.0,527099,6688.0,1061
757.0,528197,6902.0,1098
745.0,529443,7080.0,1246
747.0,530695,7114.0,1252
742.0,531715,7366.0,1020
745.0,532996,7166.0,1281
758.0,534370,7536.0,1374
776.0,536121,8474.0,1751
758.0,538203,9546.0,2082
771.0,540573,10462.0,2370
782.0,542687,11452.0,2114
789.0,544468,12395.0,1781
765.0,546287,12615.0,1819
769.0,548168,13151.0,1881
777.0,550387,14210.0,2219
797.0,552488,15044.0,2101
769.0,554627,15659.0,2139
762.0,556670,16058.0,2043
728.0,558442,16163.0,1772
708.0,560304,16034.0,1862
704.0,562279,16399.0,1975
707.0,564459,17120.0,2180
686.0,566586,16939.0,2127
672.0,568541,16881.0,1955
666.0,570457,16716.0,1916
637.0,572149,16537.0,1692
608.0,573753,16281.0,1604
619.0,575521,16372.0,1768
623.0,577329,16621.0,1808
614.0,579123,16218.0,1794
586.0,580901,15742.0,1778
573.0,582599,15302.0,1698
552.0,584052,14865.0,1453
545.0,585329,14320.0,1277
524.0,586864,14334.0,1535
521.0,588457,14563.0,1593
501.0,590138,14088.0,1681
493.0,591827,13948.0,1689
481.0,593330,13651.0,1503
467.0,594672,13462.0,1342
458.0,595997,12672.0,1325
457.0,597282,12992.0,1285
449.0,598733,13331.0,1451
449.0,600270,12896.0,1537
432.0,601721,12577.0,1451
429.0,603013,12423.0,1292
425.0,604199,12032.0,1186
409.0,605276,11604.0,1077
391.0,606487,11529.0,1211
395.0,607721,11710.0,1234
385.0,608987,11471.0,1266
384.0,610207,11071.0,1220
384.0,611374,10734.0,1167
372.0,612370,10367.0,996
360.0,613359,10010.0,989
348.0,614388,10049.0,1029
355.0,615520,10273.0,1132
323.0,616664,10019.0,1144
326.0,617784,9804.0,1120
303.0,618755,9600.0,971
303.0,619655,9258.0,900
296.0,620489,9187.0,834
304.0,621460,9058.0,971
292.0,622490,9229.0,1030
284.0,623466,8948.0,976
278.0,624442,8868.0,976
262.0,625426,8645.0,984
246.0,626267,8498.0,841
226.0,627155,8197.0,888
239.0,628104,8305.0,949
254.0,629249,8538.0,1145
245.0,630360,8486.0,1111
249.0,631544,8402.0,1184
234.0,632770,8210.0,1226
232.0,633814,8403.0,1044
231.0,634864,8400.0,1050
234.0,636124,8502.0,1260
239.0,637402,8923.0,1278
242.0,638791,9176.0,1389
235.0,640312,9163.0,1521
221.0,641726,9241.0,1414
221.0,643138,9369.0,1412
216.0,644506,9618.0,1368
215.0,646097,9908.0,1591
239.0,647748,10576.0,1651
235.0,649548,10877.0,1800
236.0,651371,11010.0,1823
249.0,653109,11346.0,1738
240.0,654738,11595.0,1629
231.0,656551,11638.0,1813
237.0,658344,12070.0,1793
252.0,660328,12753.0,1984
269.0,662426,13060.0,2098
260.0,664563,13248.0,2137
286.0,666569,13602.0,2006
290.0,668494,13842.0,1925
304.0,670363,13796.0,1869
303.0,672400,14465.0,2037
319.0,674680,15170.0,2280
325.0,676899,15411.0,2219
318.0,679254,15632.0,2355
311.0,681378,15648.0,2124
311.0,683224,15966.0,1846
308.0,685050,15739.0,1826
306.0,687153,15989.0,2103
306.0,689317,16466.0,2164
319.0,691625,16552.0,2308
317.0,693801,16587.0,2176
312.0,695800,16600.0,1999
315.0,697551,16366.0,1751
323.0,699253,15876.0,1702
329.0,701045,16039.0,1792
337.0,702954,16442.0,1909
339.0,704957,16131.0,2003
306.0,706855,15399.0,1898
299.0,708517,14955.0,1662
271.0,709933,14394.0,1416
285.0,711221,14335.0,1288
280.0,712568,14254.0,1347
274.0,714074,14183.0,1506
296.0,715509,14607.0,1435
309.0,716831,14164.0,1322
294.0,718095,13392.0,1264
283.0,719279,12883.0,1184
286.0,720366,12156.0,1087
287.0,721443,12083.0,1077
276.0,722581,11992.0,1138
276.0,723681,11320.0,1100
260.0,724763,10965.0,1082
252.0,725699,10432.0,936
259.0,726571,9938.0,872
265.0,727289,9499.0,718
256.0,728096,9355.0,807
248.0,728924,9326.0,828
237.0,729817,9243.0,893
241.0,730690,8950.0,873
224.0,731467,8596.0,777
211.0,732188,8170.0,721
199.0,732795,7768.0,607
199.0,733464,7715.0,669
187.0,734195,7647.0,731
175.0,734921,7363.0,726
170.0,735592,7034.0,671
162.0,736272,6602.0,680
162.0,736814,6366.0,542
168.0,737367,6147.0,553
170.0,737933,6158.0,566
159.0,738522,6024.0,589
173.0,739098,5733.0,576
161.0,739724,5425.0,626
165.0,740297,5356.0,573
171.0,740747,5187.0,450
164.0,741134,5065.0,387
156.0,741597,5047.0,463
150.0,742102,5010.0,505
142.0,742563,4639.0,461
137.0,743038,4489.0,475
134.0,743459,4365.0,421
134.0,743901,4197.0,442
127.0,744283,4013.0,382
124.0,744711,4018.0,428
121.0,745176,4091.0,465
119.0,745678,4036.0,502
123.0,746158,3800.0,480
126.0,746570,3841.0,412
125.0,746974,3849.0,404
111.0,747417,3835.0,443
113.0,747948,3965.0,531
120.0,748554,4126.0,606
116.0,749131,4108.0,577
124.0,749795,4096.0,664
127.0,750422,4082.0,627
117.0,751011,4262.0,589
125.0,751594,4257.0,583
126.0,752253,4408.0,659
128.0,752975,4602.0,722
130.0,753738,4722.0,763
132.0,754580,4843.0,842
130.0,755402,5008.0,822
120.0,756231,5037.0,829
138.0,757028,5183.0,797
139.0,757970,5436.0,942
150.0,759025,5726.0,1055
149.0,760180,6002.0,1155
149.0,761313,6177.0,1133
154.0,762523,6401.0,1210
168.0,763595,6752.0,1072
177.0,764606,6973.0,1011
188.0,765882,7455.0,1276
192.0,767320,7822.0,1438
205.0,768774,8120.0,1454
200.0,770346,8587.0,1572
211.0,771942,8928.0,1596
219.0,773268,9389.0,1326
213.0,774642,9632.0,1374
218.0,776437,9956.0,1795
223.0,778348,10658.0,1911
229.0,780274,11049.0,1926
217.0,782219,11465.0,1945
232.0,784186,11878.0,1967
228.0,785882,12283.0,1696
229.0,787483,12440.0,1601
250.0,789372,12879.0,1889
264.0,791377,13336.0,2005
264.0,793322,13621.0,1945
274.0,795268,13741.0,1946
282.0,797107,13807.0,1839
287.0,798594,13975.0,1487
305.0,799967,13701.0,1373
292.0,801661,13840.0,1694
307.0,803415,14044.0,1754
318.0,805249,13837.0,1834
287.0,806964,13545.0,1715
283.0,808514,13375.0,1550
292.0,809745,13182.0,1231
279.0,810884,12475.0,1139
300.0,812191,12591.0,1307
303.0,813536,12529.0,1345
290.0,814854,12113.0,1318
273.0,816051,11914.0,1197
268.0,817216,11437.0,1165
253.0,818212,11149.0,996
241.0,819148,10529.0,936
232.0,820286,10431.0,1138
245.0,821406,10417.0,1120
240.0,822468,10177.0,1062
232.0,823527,9817.0,1059
231.0,824544,9498.0,1017
229.0,825454,9152.0,910
221.0,826229,8806.0,775
217.0,827128,8805.0,899
222.0,828103,8888.0,975
233.0,829076,8624.0,973
216.0,830085,8487.0,1009
206.0,830986,8327.0,901
196.0,831726,8072.0,740
192.0,832488,7993.0,762
191.0,833247,8158.0,759
198.0,834108,8088.0,861
195.0,834926,7832.0,818
207.0,835714,7486.0,788
184.0,836406,7421.0,692
182.0,837054,7045.0,648
166.0,837639,6760.0,585
164.0,838244,6687.0,605
162.0,838914,6803.0,670
135.0,839621,6436.0,707
150.0,840264,6302.0,643
141.0,840910,6249.0,646
135.0,841422,5845.0,512
135.0,841897,5765.0,475
138.0,842436,5717.0,539
144.0,843038,5768.0,602
141.0,843650,5743.0,612
144.0,844230,5658.0,580
152.0,844764,5554.0,534
143.0,845230,5334.0,466
135.0,845669,5183.0,439
120.0,846140,5209.0,471
127.0,846666,5221.0,526
135.0,847203,5060.0,537
117.0,847744,4864.0,541
127.0,848252,4881.0,508
122.0,848674,4797.0,422
129.0,849082,4650.0,408
132.0,849581,4692.0,499
124.0,850100,4666.0,519
148.0,850680,4630.0,580
140.0,851266,4540.0,586
132.0,851819,4571.0,553
122.0,852295,4543.0,476
117.0,852779,4467.0,484
127.0,853334,4556.0,555
123.0,854115,4696.0,781
136.0,854941,4886.0,826
145.0,855799,5142.0,858
152.0,856645,5366.0,846
153.0,857349,5604.0,704
150.0,858076,5773.0,727
160.0,859047,6045.0,971
157.0,860045,6439.0,998
161.0,861090,6758.0,1045
160.0,862224,7024.0,1134
160.0,863382,7281.0,1158
155.0,864252,7672.0,870
161.0,865343,8069.0,1091
172.0,866605,8374.0,1262
189.0,867949,8854.0,1344
192.0,869367,9287.0,1418
195.0,870626,9631.0,1259
192.0,871789,9922.0,1163
199.0,872735,10070.0,946
207.0,873620,10049.0,885
201.0,874872,10181.0,1252
209.0,876147,10397.0,1275
224.0,877354,10522.0,1207
221.0,878504,10608.0,1150
232.0,879751,10524.0,1247
224.0,880729,10420.0,978
221.0,881629,10502.0,900
217.0,882835,10584.0,1206
207.0,883956,10688.0,1121
200.0,885057,10594.0,1101
206.0,886121,10387.0,1064
193.0,887174,10129.0,1053
194.0,888005,9935.0,831
197.0,888790,9777.0,785
195.0,889674,9755.0,884
203.0,890544,9692.0,870
229.0,891407,9373.0,863
222.0,892264,9131.0,857
220.0,893037,8860.0,773
217.0,893595,8663.0,558
214.0,894113,8324.0,518
205.0,894753,8235.0,640
181.0,895383,8019.0,630
182.0,896072,7591.0,689
175.0,896643,7296.0,571
166.0,897211,6969.0,568
161.0,897621,6641.0,410
151.0,898017,6358.0,396
152.0,898517,6234.0,500
154.0,899115,6075.0,598
150.0,899665,5905.0,550
150.0,900200,5647.0,535
149.0,900750,5547.0,550
137.0,901185,5372.0,435
139.0,901555,5258.0,370
139.0,902000,5269.0,445
130.0,902522,5284.0,522
132.0,903016,5165.0,494
122.0,903558,5010.0,542
124.0,904074,4842.0,516
129.0,904511,4771.0,437
123.0,904906,4696.0,395
120.0,905340,4706.0,434
103.0,905843,4709.0,503
134.0,906390,4678.0,547
117.0,906926,4600.0,536
122.0,907448,4701.0,522
129.0,907891,4638.0,443
125.0,908329,4568.0,438
128.0,908886,4639.0,557
111.0,909525,4775.0,639
117.0,910186,4847.0,661
128.0,910776,4964.0,590
134.0,911359,4990.0,583
135.0,911827,5027.0,468
124.0,912325,5022.0,498
127.0,912914,5155.0,589
129.0,913638,5285.0,724
127.0,914417,5382.0,779
119.0,915165,5501.0,748
118.0,915862,5632.0,697
113.0,916469,5771.0,607
112.0,917051,5920.0,582
118.0,917923,6057.0,872
129.0,918888,6171.0,965
142.0,919914,6369.0,1026
150.0,920877,6720.0,963
155.0,921941,6924.0,1064
156.0,922775,7157.0,834
163.0,923574,7396.0,799
166.0,924750,7688.0,1176
175.0,926046,8006.0,1296
171.0,927422,8340.0,1376
174.0,928715,8643.0,1293
180.0,929951,8919.0,1236
178.0,930850,9047.0,899
177.0,931630,9044.0,780
162.0,932474,8979.0,844
178.0,933462,9178.0,988
187.0,934596,9250.0,1134
209.0,935841,9459.0,1245
213.0,937066,9535.0,1225
223.0,938006,9530.0,940
208.0,938729,9360.0,723
220.0,939513,9417.0,784
227.0,940429,9431.0,916
218.0,941421,9291.0,992
212.0,942343,9332.0,922
202.0,943242,9072.0,899
209.0,943947,8671.0,705
202.0,944575,8547.0,628
189.0,945351,8396.0,776
195.0,946088,8368.0,737
191.0,946749,8034.0,661
182.0,947441,7743.0,692
169.0,948105,7421.0,664
166.0,948615,7164.0,510
147.0,949032,6863.0,417
137.0,949599,6780.0,567
153.0,950198,6721.0,599
148.0,950763,6593.0,565
146.0,951358,6299.0,595
142.0,951976,5996.0,618
133.0,952423,5888.0,447
138.0,952916,5706.0,493
146.0,953506,5697.0,590
142.0,954123,5817.0,617
136.0,954818,5639.0,695
126.0,955524,5632.0,706
133.0,956178,5683.0,654
131.0,956736,5708.0,558
140.0,957298,5750.0,562
145.0,958003,5834.0,705
142.0,958744,5959.0,741
136.0,959496,6015.0,752
136.0,960276,6055.0,780
142.0,960989,6197.0,713
139.0,961562,6288.0,573
137.0,962230,6203.0,668
134.0,962977,6332.0,747
128.0,963802,6484.0,825
132.0,964619,6405.0,817
117.0,965387,6382.0,768
118.0,966205,6403.0,818
133.0,966848,6455.0,643
128.0,967591,6473.0,743
123.0,968457,6725.0,866
129.0,969406,6953.0,949
140.0,970318,7031.0,912
137.0,971296,7209.0,978
139.0,972255,7277.0,959
134.0,973040,7371.0,785
137.0,973789,7484.0,749
146.0,974701,7665.0,912
149.0,975684,7919.0,983
154.0,976651,7906.0,967
164.0,977530,8015.0,879
155.0,978375,8107.0,845
156.0,979040,7598.0,665
156.0,979769,7486.0,729
163.0,980662,7580.0,893
168.0,981595,7622.0,933
169.0,982537,7598.0,942
175.0,983530,7507.0,993
166.0,984477,7522.0,947
158.0,985227,7468.0,750
141.0,985970,7330.0,743
147.0,986844,7470.0,874
152.0,987883,7572.0,1039
158.0,988928,7588.0,1045
166.0,990050,7655.0,1122
167.0,991028,7619.0,978
180.0,991811,7935.0,783
167.0,992681,7866.0,870
188.0,993752,7989.0,1071
174.0,994941,8253.0,1189
183.0,996041,8362.0,1100
184.0,997052,8434.0,1011
179.0,998128,8378.0,1076
172.0,998970,8340.0,842
176.0,999823,8339.0,853
174.0,1000872,8441.0,1049
175.0,1001891,8631.0,1019
173.0,1002956,8576.0,1065
172.0,1003984,8387.0,1028
176.0,1004995,8403.0,1011
170.0,1005757,8304.0,762
178.0,1006487,8234.0,730
179.0,1007312,8265.0,825
179.0,1008198,8316.0,886
185.0,1009132,8080.0,934
192.0,1010153,7963.0,1021
193.0,1011000,7777.0,847
186.0,1011699,7759.0,699
164.0,1012417,7520.0,718
170.0,1013188,7556.0,771
166.0,1013958,7566.0,770
165.0,1014744,7455.0,786
165.0,1015518,7005.0,774
137.0,1016137,6829.0,619
144.0,1016657,6599.0,520
145.0,1017183,6462.0,526
136.0,1017795,6372.0,612
143.0,1018514,7029.0,719
138.0,1019237,6593.0,723
135.0,1019865,6428.0,628
138.0,1020485,6277.0,620
143.0,1020977,6013.0,492
142.0,1021486,5793.0,509
152.0,1022062,5764.0,576
134.0,1022721,5756.0,659
126.0,1023278,5619.0,557
118.0,1023844,5590.0,566
114.0,1024337,5412.0,493
112.0,1024765,5182.0,428
109.0,1025176,4988.0,411
120.0,1025746,4978.0,570
99.0,1026271,5043.0,525
96.0,1026782,4924.0,511
101.0,1027321,4809.0,539
105.0,1027846,4710.0,525
94.0,1028250,4631.0,404
94.0,1028644,4395.0,394
110.0,1029072,4554.0,428
110.0,1029589,4592.0,517
118.0,1030094,4646.0,505
124.0,1030544,4585.0,450
113.0,1030987,4431.0,443
100.0,1031393,4350.0,406
104.0,1031775,4253.0,382
107.0,1032135,4224.0,360
102.0,1032591,4292.0,456
97.0,1033048,4223.0,457
100.0,1033507,4207.0,459
88.0,1033913,3980.0,406
102.0,1034222,3928.0,309
105.0,1034493,3825.0,271
99.0,1034838,3802.0,345
96.0,1035212,3719.0,374
102.0,1035595,3632.0,383
89.0,1035945,3550.0,350
90.0,1036288,3471.0,343
92.0,1036541,3362.0,253
88.0,1036788,3246.0,247
84.0,1037116,3207.0,328
81.0,1037480,3133.0,364
85.0,1037861,3114.0,381
81.0,1038201,3116.0,340
82.0,1038523,3009.0,322
79.0,1038769,2983.0,246
79.0,1038988,2820.0,219
75.0,1039245,2772.0,257
67.0,1039544,2831.0,299
69.0,1039861,2775.0,317
77.0,1040151,2780.0,290
