,date,cumAdmissions,hospitalCases,covidOccupiedMVBeds,Vax_index,dailyCases
0,2020-04-02,21387,9506.0,1330.0,0.32999999999999996,4097
1,2020-04-03,23390,10833.0,1395.0,0.32999999999999996,4102
2,2020-04-04,25378,12566.0,1596.0,0.32999999999999996,3405
3,2020-04-05,27464,13220.0,1825.0,0.32999999999999996,3094
4,2020-04-06,29650,13920.0,1889.0,0.32999999999999996,4407
5,2020-04-07,31835,15172.0,2133.0,0.32999999999999996,4605
6,2020-04-08,34007,14024.0,1972.0,0.32999999999999996,4315
7,2020-04-09,35989,15035.0,2067.0,0.32999999999999996,4076
8,2020-04-10,37696,13912.0,2402.0,0.32999999999999996,3590
9,2020-04-11,39304,14763.0,2407.0,0.32999999999999996,3085
10,2020-04-12,40828,15830.0,2330.0,0.32999999999999996,2958
11,2020-04-13,42382,15580.0,2309.0,0.32999999999999996,3463
12,2020-04-14,43742,15383.0,2374.0,0.32999999999999996,3568
13,2020-04-15,45022,14928.0,2441.0,0.32999999999999996,4240
14,2020-04-16,46539,14363.0,2366.0,0.32999999999999996,4360
15,2020-04-17,47921,14023.0,2400.0,0.32999999999999996,4088
16,2020-04-18,49136,13801.0,2288.0,0.32999999999999996,4142
17,2020-04-19,50300,13908.0,2242.0,0.32999999999999996,3494
18,2020-04-20,51577,13117.0,2282.0,0.32999999999999996,3698
19,2020-04-21,52857,13143.0,2327.0,0.32999999999999996,3996
20,2020-04-22,53983,13631.0,2159.0,0.32999999999999996,4812
21,2020-04-23,55053,12854.0,2020.0,0.32999999999999996,4574
22,2020-04-24,56164,12550.0,2022.0,0.32999999999999996,4352
23,2020-04-25,57014,12005.0,1989.0,0.32999999999999996,3381
24,2020-04-26,58068,11743.0,1816.0,0.32999999999999996,3137
25,2020-04-27,59216,12682.0,1775.0,0.32999999999999996,4056
26,2020-04-28,60264,11637.0,1687.0,0.32999999999999996,4113
27,2020-04-29,61346,10750.0,1819.0,0.32999999999999996,4737
28,2020-04-30,62354,11062.0,1656.0,0.32999999999999996,4314
29,2020-05-01,63244,10230.0,1473.0,0.32999999999999996,4109
30,2020-05-02,64062,10161.0,1522.0,0.32999999999999996,2762
31,2020-05-03,64907,9820.0,1349.0,0.32999999999999996,2648
32,2020-05-04,65796,10034.0,1431.0,0.32999999999999996,2851
33,2020-05-05,66605,10250.0,1311.0,0.32999999999999996,3148
34,2020-05-06,67458,8982.0,1288.0,0.32999999999999996,3264
35,2020-05-07,68312,9239.0,1188.0,0.32999999999999996,3205
36,2020-05-08,68874,8518.0,1123.0,0.32999999999999996,2622
37,2020-05-09,69501,8473.0,1174.0,0.32999999999999996,1797
38,2020-05-10,70103,8174.0,1034.0,0.32999999999999996,2013
39,2020-05-11,70731,8245.0,1019.0,0.32999999999999996,3088
40,2020-05-12,71420,8306.0,1005.0,0.32999999999999996,2940
41,2020-05-13,72021,8203.0,979.0,0.32999999999999996,2899
42,2020-05-14,72631,8010.0,915.0,0.32999999999999996,2222
43,2020-05-15,73235,7584.0,964.0,0.32999999999999996,2145
44,2020-05-16,73740,7045.0,811.0,0.32999999999999996,1781
45,2020-05-17,74289,7502.0,953.0,0.32999999999999996,1593
46,2020-05-18,74903,7298.0,824.0,0.32999999999999996,2226
47,2020-05-19,75422,7173.0,774.0,0.32999999999999996,2602
48,2020-05-20,76010,7121.0,723.0,0.32999999999999996,2359
49,2020-05-21,76628,6761.0,635.0,0.32999999999999996,2277
50,2020-05-22,77125,6315.0,661.0,0.32999999999999996,1798
51,2020-05-23,77527,6204.0,648.0,0.32999999999999996,1309
52,2020-05-24,77945,6470.0,598.0,0.32999999999999996,1206
53,2020-05-25,78333,6305.0,565.0,0.32999999999999996,1389
54,2020-05-26,78800,6123.0,621.0,0.32999999999999996,1461
55,2020-05-27,79244,5825.0,591.0,0.32999999999999996,1616
56,2020-05-28,79700,5754.0,506.0,0.32999999999999996,1575
57,2020-05-29,80131,5379.0,516.0,0.32999999999999996,1374
58,2020-05-30,80524,4935.0,469.0,0.32999999999999996,1010
59,2020-05-31,80860,4626.0,485.0,0.32999999999999996,984
60,2020-06-01,81217,4520.0,376.0,0.32999999999999996,1319
61,2020-06-02,81629,4404.0,431.0,0.32999999999999996,1365
62,2020-06-03,81995,4322.0,413.0,0.32999999999999996,1251
63,2020-06-04,82343,4283.0,392.0,0.32999999999999996,1147
64,2020-06-05,82652,4169.0,386.0,0.32999999999999996,1020
65,2020-06-06,82875,3866.0,384.0,0.32999999999999996,723
66,2020-06-07,83121,3780.0,362.0,0.32999999999999996,668
67,2020-06-08,83409,3817.0,369.0,0.32999999999999996,990
68,2020-06-09,83696,3580.0,389.0,0.32999999999999996,1066
69,2020-06-10,84008,3615.0,305.0,0.32999999999999996,1086
70,2020-06-11,84270,3426.0,252.0,0.32999999999999996,915
71,2020-06-12,84509,3403.0,251.0,0.32999999999999996,938
72,2020-06-13,84717,3302.0,280.0,0.32999999999999996,785
73,2020-06-14,84968,3268.0,280.0,0.32999999999999996,752
74,2020-06-15,85258,2933.0,258.0,0.32999999999999996,944
75,2020-06-16,85531,2993.0,261.0,0.32999999999999996,996
76,2020-06-17,85813,3285.0,239.0,0.32999999999999996,914
77,2020-06-18,86069,2950.0,246.0,0.32999999999999996,938
78,2020-06-19,86268,2711.0,240.0,0.32999999999999996,818
79,2020-06-20,86417,2854.0,245.0,0.32999999999999996,626
80,2020-06-21,86598,2865.0,206.0,0.32999999999999996,550
81,2020-06-22,86836,2816.0,225.0,0.32999999999999996,821
82,2020-06-23,87056,2667.0,206.0,0.32999999999999996,727
83,2020-06-24,87238,2544.0,215.0,0.32999999999999996,732
84,2020-06-25,87422,2593.0,184.0,0.32999999999999996,643
85,2020-06-26,87595,2304.0,172.0,0.32999999999999996,640
86,2020-06-27,87764,2339.0,178.0,0.32999999999999996,506
87,2020-06-28,87883,2333.0,180.0,0.32999999999999996,413
88,2020-06-29,88026,2410.0,184.0,0.32999999999999996,666
89,2020-06-30,88161,2204.0,194.0,0.32999999999999996,578
90,2020-07-01,88313,2017.0,179.0,0.32999999999999996,607
91,2020-07-02,88434,1906.0,165.0,0.32999999999999996,561
92,2020-07-03,88556,1810.0,144.0,0.32999999999999996,536
93,2020-07-04,88662,1661.0,147.0,0.32999999999999996,385
94,2020-07-05,88770,1743.0,151.0,0.32999999999999996,544
95,2020-07-06,88894,1743.0,163.0,0.32999999999999996,664
96,2020-07-07,89020,1635.0,144.0,0.32999999999999996,565
97,2020-07-08,89139,1513.0,120.0,0.32999999999999996,682
98,2020-07-09,89255,1518.0,127.0,0.32999999999999996,688
99,2020-07-10,89338,1483.0,130.0,0.32999999999999996,524
100,2020-07-11,89415,1282.0,136.0,0.32999999999999996,432
101,2020-07-12,89474,1195.0,88.0,0.32999999999999996,351
102,2020-07-13,89593,1370.0,108.0,0.32999999999999996,694
103,2020-07-14,89691,1207.0,86.0,0.32999999999999996,661
104,2020-07-15,89786,1280.0,96.0,0.32999999999999996,726
105,2020-07-16,89886,1064.0,93.0,0.32999999999999996,644
106,2020-07-17,89949,1079.0,105.0,0.32999999999999996,548
107,2020-07-18,89992,1063.0,95.0,0.32999999999999996,473
108,2020-07-19,90047,1113.0,103.0,0.32999999999999996,419
109,2020-07-20,90120,1067.0,88.0,0.32999999999999996,769
110,2020-07-21,90179,1028.0,96.0,0.32999999999999996,697
111,2020-07-22,90246,1123.0,79.0,0.32999999999999996,764
112,2020-07-23,90325,910.0,85.0,0.32999999999999996,741
113,2020-07-24,90396,874.0,73.0,0.32999999999999996,720
114,2020-07-25,90442,816.0,71.0,0.32999999999999996,499
115,2020-07-26,90489,789.0,69.0,0.32999999999999996,518
116,2020-07-27,90561,790.0,66.0,0.32999999999999996,824
117,2020-07-28,90619,776.0,67.0,0.32999999999999996,796
118,2020-07-29,90669,766.0,53.0,0.32999999999999996,994
119,2020-07-30,90735,691.0,50.0,0.32999999999999996,879
120,2020-07-31,90775,723.0,56.0,0.32999999999999996,644
121,2020-08-01,90812,710.0,52.0,0.32999999999999996,508
122,2020-08-02,90854,746.0,54.0,0.32999999999999996,518
123,2020-08-03,90914,653.0,51.0,0.32999999999999996,963
124,2020-08-04,90962,680.0,57.0,0.32999999999999996,965
125,2020-08-05,91013,636.0,47.0,0.32999999999999996,973
126,2020-08-06,91053,655.0,48.0,0.32999999999999996,1005
127,2020-08-07,91108,653.0,52.0,0.32999999999999996,892
128,2020-08-08,91158,543.0,39.0,0.32999999999999996,648
129,2020-08-09,91204,509.0,50.0,0.32999999999999996,569
130,2020-08-10,91241,596.0,45.0,0.32999999999999996,1375
131,2020-08-11,91297,529.0,50.0,0.32999999999999996,1247
132,2020-08-12,91336,550.0,53.0,0.32999999999999996,1126
133,2020-08-13,91381,567.0,52.0,0.32999999999999996,1036
134,2020-08-14,91425,546.0,52.0,0.32999999999999996,1059
135,2020-08-15,91458,519.0,52.0,0.32999999999999996,656
136,2020-08-16,91488,527.0,57.0,0.32999999999999996,534
137,2020-08-17,91524,460.0,50.0,0.32999999999999996,1159
138,2020-08-18,91569,490.0,56.0,0.32999999999999996,955
139,2020-08-19,91613,469.0,50.0,0.32999999999999996,1109
140,2020-08-20,91654,446.0,54.0,0.32999999999999996,1254
141,2020-08-21,91693,415.0,55.0,0.32999999999999996,1031
142,2020-08-22,91713,526.0,55.0,0.32999999999999996,732
143,2020-08-23,91753,410.0,48.0,0.32999999999999996,704
144,2020-08-24,91779,422.0,48.0,0.32999999999999996,1156
145,2020-08-25,91828,419.0,42.0,0.32999999999999996,1085
146,2020-08-26,91867,405.0,48.0,0.32999999999999996,1181
147,2020-08-27,91932,405.0,47.0,0.32999999999999996,1356
148,2020-08-28,91964,401.0,43.0,0.32999999999999996,1395
149,2020-08-29,92007,382.0,43.0,0.32999999999999996,1051
150,2020-08-30,92040,368.0,42.0,0.32999999999999996,987
151,2020-08-31,92079,366.0,48.0,0.32999999999999996,1279
152,2020-09-01,92134,416.0,50.0,0.32999999999999996,1962
153,2020-09-02,92199,306.0,38.0,0.32999999999999996,2696
154,2020-09-03,92245,383.0,41.0,0.32999999999999996,2716
155,2020-09-04,92296,397.0,42.0,0.32999999999999996,2637
156,2020-09-05,92367,420.0,41.0,0.32999999999999996,2200
157,2020-09-06,92430,405.0,44.0,0.32999999999999996,2079
158,2020-09-07,92506,489.0,53.0,0.32999999999999996,3530
159,2020-09-08,92580,472.0,55.0,0.32999999999999996,3071
160,2020-09-09,92683,462.0,39.0,0.32999999999999996,2893
161,2020-09-10,92793,417.0,45.0,0.32999999999999996,3143
162,2020-09-11,92892,499.0,117.0,0.32999999999999996,2893
163,2020-09-12,93002,457.0,57.0,0.32999999999999996,2224
164,2020-09-13,93133,579.0,67.0,0.32999999999999996,1722
165,2020-09-14,93252,707.0,67.0,0.32999999999999996,2941
166,2020-09-15,93403,702.0,68.0,0.32999999999999996,3057
167,2020-09-16,93555,750.0,100.0,0.32999999999999996,3778
168,2020-09-17,93700,733.0,92.0,0.32999999999999996,3979
169,2020-09-18,93855,814.0,83.0,0.32999999999999996,4290
170,2020-09-19,94024,846.0,107.0,0.32999999999999996,4215
171,2020-09-20,94200,1015.0,131.0,0.32999999999999996,4652
172,2020-09-21,94407,1022.0,123.0,0.32999999999999996,4727
173,2020-09-22,94609,1070.0,122.0,0.32999999999999996,5400
174,2020-09-23,94837,1226.0,164.0,0.32999999999999996,5933
175,2020-09-24,95053,1309.0,188.0,0.32999999999999996,6361
176,2020-09-25,95271,1360.0,157.0,0.32999999999999996,6105
177,2020-09-26,95462,1456.0,193.0,0.32999999999999996,5704
178,2020-09-27,95661,1441.0,212.0,0.32999999999999996,6084
179,2020-09-28,95908,1630.0,187.0,0.32999999999999996,8641
180,2020-09-29,96167,1629.0,226.0,0.32999999999999996,8832
181,2020-09-30,96402,1619.0,212.0,0.32999999999999996,10663
182,2020-10-01,96709,1655.0,251.0,0.32999999999999996,11444
183,2020-10-02,96993,1747.0,261.0,0.32999999999999996,11719
184,2020-10-03,97314,1960.0,240.0,0.32999999999999996,9820
185,2020-10-04,97691,2055.0,259.0,0.32999999999999996,9966
186,2020-10-05,98057,2443.0,269.0,0.32999999999999996,14218
187,2020-10-06,98463,2313.0,264.0,0.32999999999999996,14458
188,2020-10-07,98836,2517.0,271.0,0.32999999999999996,15418
189,2020-10-08,99254,2602.0,309.0,0.32999999999999996,15452
190,2020-10-09,99724,2816.0,287.0,0.32999999999999996,13159
191,2020-10-10,100147,3002.0,318.0,0.32999999999999996,10301
192,2020-10-11,100660,3107.0,346.0,0.32999999999999996,9781
193,2020-10-12,101193,3268.0,303.0,0.32999999999999996,16420
194,2020-10-13,101812,3249.0,398.0,0.32999999999999996,15660
195,2020-10-14,102420,3557.0,398.0,0.32999999999999996,16646
196,2020-10-15,103081,3702.0,408.0,0.32999999999999996,15428
197,2020-10-16,103621,3761.0,381.0,0.32999999999999996,14761
198,2020-10-17,104288,4185.0,358.0,0.32999999999999996,12487
199,2020-10-18,105002,4307.0,415.0,0.32999999999999996,11982
200,2020-10-19,105641,4616.0,432.0,0.32999999999999996,22369
201,2020-10-20,106409,4937.0,442.0,0.32999999999999996,21638
202,2020-10-21,107245,5189.0,473.0,0.32999999999999996,21762
203,2020-10-22,108008,5581.0,442.0,0.32999999999999996,19866
204,2020-10-23,108805,5628.0,490.0,0.32999999999999996,18359
205,2020-10-24,109648,5718.0,503.0,0.32999999999999996,13713
206,2020-10-25,110630,6585.0,529.0,0.32999999999999996,13353
207,2020-10-26,111681,6637.0,539.0,0.32999999999999996,23033
208,2020-10-27,112686,7095.0,636.0,0.32999999999999996,20762
209,2020-10-28,113730,7284.0,646.0,0.32999999999999996,20547
210,2020-10-29,114876,7504.0,658.0,0.32999999999999996,20257
211,2020-10-30,115747,7980.0,655.0,0.32999999999999996,19899
212,2020-10-31,116762,7814.0,680.0,0.32999999999999996,14565
213,2020-11-01,117807,7622.0,601.0,0.32999999999999996,13611
214,2020-11-02,118789,8583.0,702.0,0.32999999999999996,28394
215,2020-11-03,119694,9148.0,766.0,0.32999999999999996,22690
216,2020-11-04,120793,9172.0,750.0,0.32999999999999996,21053
217,2020-11-05,121880,9095.0,793.0,0.32999999999999996,21206
218,2020-11-06,122850,9017.0,775.0,0.32999999999999996,21179
219,2020-11-07,123878,9295.0,776.0,0.32999999999999996,16888
220,2020-11-08,125057,9580.0,762.0,0.32999999999999996,18272
221,2020-11-09,126308,10111.0,842.0,0.32999999999999996,28560
222,2020-11-10,127514,9524.0,802.0,0.32999999999999996,24836
223,2020-11-11,128862,10018.0,796.0,0.32999999999999996,25065
224,2020-11-12,130179,10629.0,728.0,0.32999999999999996,22320
225,2020-11-13,131415,11475.0,884.0,0.32999999999999996,22008
226,2020-11-14,132516,11159.0,849.0,0.32999999999999996,16290
227,2020-11-15,133714,11007.0,855.0,0.32999999999999996,14422
228,2020-11-16,134954,11614.0,951.0,0.32999999999999996,24136
229,2020-11-17,136030,12425.0,860.0,0.32999999999999996,20677
230,2020-11-18,137307,11608.0,945.0,0.32999999999999996,18545
231,2020-11-19,138455,12092.0,1059.0,0.32999999999999996,15797
232,2020-11-20,139517,12304.0,1013.0,0.32999999999999996,14960
233,2020-11-21,140490,11619.0,1040.0,0.32999999999999996,10806
234,2020-11-22,141468,11979.0,1026.0,0.32999999999999996,10216
235,2020-11-23,142520,11658.0,1019.0,0.32999999999999996,16472
236,2020-11-24,143511,12396.0,1012.0,0.32999999999999996,14266
237,2020-11-25,144594,11895.0,1025.0,0.32999999999999996,14155
238,2020-11-26,145454,10648.0,907.0,0.32999999999999996,12459
239,2020-11-27,146294,11667.0,1009.0,0.32999999999999996,12459
240,2020-11-28,147132,10492.0,935.0,0.32999999999999996,9347
241,2020-11-29,148074,10861.0,1010.0,0.32999999999999996,9068
242,2020-11-30,149058,10674.0,863.0,0.32999999999999996,15228
243,2020-12-01,150116,11015.0,904.0,0.32999999999999996,13731
244,2020-12-02,151101,10525.0,922.0,0.32999999999999996,13662
245,2020-12-03,152118,10343.0,788.0,0.32999999999999996,12762
246,2020-12-04,153150,10504.0,899.0,0.32999999999999996,13065
247,2020-12-05,154121,10599.0,816.0,0.32999999999999996,10302
248,2020-12-06,155232,10834.0,856.0,0.32999999999999996,11036
249,2020-12-07,156331,11559.0,878.0,0.32999999999999996,17662
250,2020-12-08,157601,11004.0,818.0,0.32999999999999996,16937
251,2020-12-09,158888,11010.0,896.0,0.32999999999999996,17744
252,2020-12-10,160147,10677.0,909.0,0.32999999999999996,18850
253,2020-12-11,161417,11241.0,870.0,0.32999999999999996,20177
254,2020-12-12,162650,11098.0,856.0,0.32999999999999996,16268
255,2020-12-13,163982,11274.0,849.0,0.32999999999999996,18409
256,2020-12-14,165342,12182.0,870.0,0.32999999999999996,30019
257,2020-12-15,166822,12111.0,871.0,0.32999999999999996,29652
258,2020-12-16,168226,12624.0,905.0,0.32999999999999996,30650
259,2020-12-17,169735,13131.0,900.0,0.32999999999999996,30159
260,2020-12-18,171169,12974.0,973.0,0.32999999999999996,32426
261,2020-12-19,172744,13037.0,991.0,0.32999999999999996,22195
262,2020-12-20,174444,13577.0,987.0,0.32999999999999996,29556
263,2020-12-21,176261,13251.0,1094.0,0.32999999999999996,43446
264,2020-12-22,178129,14811.0,1028.0,0.32999999999999996,41741
265,2020-12-23,179794,14661.0,969.0,0.32999999999999996,38383
266,2020-12-24,181365,14207.0,1122.0,0.32999999999999996,29287
267,2020-12-25,183061,14099.0,1071.0,0.32999999999999996,12926
268,2020-12-26,185053,13991.0,1044.0,0.32999999999999996,37462
269,2020-12-27,187188,14925.0,1233.0,0.32999999999999996,43250
270,2020-12-28,189563,16305.0,1157.0,0.32999999999999996,40845
271,2020-12-29,192090,17553.0,1307.0,0.32999999999999996,74058
272,2020-12-30,194289,18281.0,1458.0,0.32999999999999996,64243
273,2020-12-31,196168,17545.0,1463.0,0.32999999999999996,47824
274,2021-01-01,198414,19051.0,1500.0,0.32999999999999996,28879
275,2021-01-02,200658,19108.0,1605.0,0.32999999999999996,55428
276,2021-01-03,203230,20890.0,1738.0,0.32999999999999996,50664
277,2021-01-04,205819,21344.0,1764.0,0.32999999999999996,70920
278,2021-01-05,208524,20405.0,1965.0,0.32999999999999996,59600
279,2021-01-06,211640,22607.0,1963.0,0.32999999999999996,52752
280,2021-01-07,214782,23703.0,2156.0,0.32999999999999996,48132
281,2021-01-08,217580,23657.0,2271.0,0.32999999999999996,43494
282,2021-01-09,220409,23653.0,2199.0,0.32999999999999996,36419
283,2021-01-10,223148,25657.0,2346.0,0.32999999999999996,33749
284,2021-01-11,226046,25016.0,2317.0,0.32999999999999996,53519
285,2021-01-12,228991,26348.0,2639.0,0.32999999999999996,45968
286,2021-01-13,231820,27260.0,2610.0,0.32999999999999996,42303
287,2021-01-14,234522,27580.0,2654.0,0.32999999999999996,39658
288,2021-01-15,236985,27817.0,2894.0,0.32999999999999996,37879
289,2021-01-16,239712,28396.0,2923.0,0.32999999999999996,28413
290,2021-01-17,242208,27883.0,2844.0,0.32999999999999996,26976
291,2021-01-18,245150,29798.0,2844.0,0.32999999999999996,41935
292,2021-01-19,247988,27743.0,2916.0,0.32999999999999996,37055
293,2021-01-20,250838,28010.0,3020.0,0.32999999999999996,32679
294,2021-01-21,253142,26555.0,2956.0,0.32999999999999996,29633
295,2021-01-22,255436,29559.0,3081.0,0.32999999999999996,27741
296,2021-01-23,257666,26797.0,2909.0,0.32999999999999996,20425
297,2021-01-24,259756,28335.0,3119.0,0.32999999999999996,15883
298,2021-01-25,261697,26475.0,2883.0,0.32999999999999996,27972
299,2021-01-26,263924,26634.0,2949.0,0.32999999999999996,25210
300,2021-01-27,265980,24660.0,2600.0,0.32999999999999996,23899
301,2021-01-28,267976,25254.0,2710.0,0.32999999999999996,22523
302,2021-01-29,269874,24856.0,2744.0,0.32999999999999996,20363
303,2021-01-30,271539,23739.0,2795.0,0.32999999999999996,15524
304,2021-01-31,273181,23208.0,2463.0,0.32999999999999996,14138
305,2021-02-01,275002,22763.0,2885.0,0.3086325,20765
306,2021-02-02,276741,22027.0,2674.0,0.3086325,18193
307,2021-02-03,278427,21256.0,2563.0,0.3086325,17948
308,2021-02-04,279892,20883.0,2570.0,0.3086325,16717
309,2021-02-05,281243,20154.0,2553.0,0.3086325,14461
310,2021-02-06,282501,19317.0,2411.0,0.3086325,10951
311,2021-02-07,283870,20025.0,2485.0,0.3086325,10457
312,2021-02-08,285270,19038.0,2431.0,0.3086325,14370
313,2021-02-09,286458,17573.0,2178.0,0.3086325,12696
314,2021-02-10,287766,16964.0,2134.0,0.3086325,12272
315,2021-02-11,288912,16636.0,2194.0,0.3086325,11637
316,2021-02-12,289961,15359.0,2120.0,0.3086325,10986
317,2021-02-13,290951,14163.0,1921.0,0.3086325,8025
318,2021-02-14,292060,13929.0,1985.0,0.3086325,7781
319,2021-02-15,293128,14325.0,2042.0,0.3086325,12953
320,2021-02-16,294137,13177.0,1919.0,0.3086325,11268
321,2021-02-17,295106,12739.0,1880.0,0.3086325,10419
322,2021-02-18,296037,12608.0,1762.0,0.3086325,10303
323,2021-02-19,296896,12708.0,1799.0,0.3086325,9246
324,2021-02-20,297667,11312.0,1597.0,0.3086325,7161
325,2021-02-21,298457,10597.0,1772.0,0.3086325,7033
326,2021-02-22,299215,10969.0,1625.0,0.3086325,10279
327,2021-02-23,299958,11255.0,1578.0,0.3086325,8536
328,2021-02-24,300662,10407.0,1402.0,0.3086325,7621
329,2021-02-25,301319,9850.0,1417.0,0.3086325,6934
330,2021-02-26,301880,9652.0,1455.0,0.3086325,5883
331,2021-02-27,302360,8974.0,1198.0,0.3086325,4254
332,2021-02-28,302842,8451.0,1244.0,0.3086325,4112
333,2021-03-01,303452,8485.0,1395.0,0.287265,6215
334,2021-03-02,303993,8216.0,1357.0,0.287265,5950
335,2021-03-03,304489,7500.0,1216.0,0.287265,5305
336,2021-03-04,304994,7512.0,1177.0,0.287265,5011
337,2021-03-05,305400,7236.0,1194.0,0.287265,4728
338,2021-03-06,305828,7088.0,1215.0,0.287265,3832
339,2021-03-07,306197,6270.0,993.0,0.287265,3677
340,2021-03-08,306604,6543.0,980.0,0.287265,5818
341,2021-03-09,306983,6227.0,1001.0,0.287265,5488
342,2021-03-10,307385,5850.0,1010.0,0.287265,5222
343,2021-03-11,307729,5306.0,857.0,0.287265,4848
344,2021-03-12,308024,5273.0,845.0,0.287265,4767
345,2021-03-13,308317,5153.0,752.0,0.287265,3592
346,2021-03-14,308601,4992.0,754.0,0.287265,3707
347,2021-03-15,308961,4898.0,776.0,0.287265,5643
348,2021-03-16,309258,4833.0,688.0,0.287265,4933
349,2021-03-17,309520,4485.0,688.0,0.287265,5048
350,2021-03-18,309807,4282.0,626.0,0.287265,4689
351,2021-03-19,310031,3908.0,653.0,0.287265,4333
352,2021-03-20,310274,3554.0,590.0,0.287265,3514
353,2021-03-21,310499,3564.0,545.0,0.287265,4679
354,2021-03-22,310737,3693.0,598.0,0.287265,5400
355,2021-03-23,310971,3331.0,485.0,0.287265,4566
356,2021-03-24,311192,3495.0,469.0,0.287265,5321
357,2021-03-25,311429,3147.0,437.0,0.287265,4674
358,2021-03-26,311633,3060.0,508.0,0.287265,3803
359,2021-03-27,311802,3091.0,432.0,0.287265,3136
360,2021-03-28,311986,2670.0,422.0,0.287265,4477
361,2021-03-29,312150,2876.0,447.0,0.287265,3422
362,2021-03-30,312333,2702.0,417.0,0.287265,3135
363,2021-03-31,312523,2530.0,447.0,0.287265,3340
364,2021-04-01,312674,2401.0,354.0,0.26589749999999995,3067
365,2021-04-02,312809,2092.0,289.0,0.26589749999999995,2248
366,2021-04-03,312954,2040.0,327.0,0.26589749999999995,2121
367,2021-04-04,313082,2116.0,331.0,0.26589749999999995,2042
368,2021-04-05,313235,2122.0,334.0,0.26589749999999995,2314
369,2021-04-06,313398,1835.0,313.0,0.26589749999999995,2756
370,2021-04-07,313559,1894.0,270.0,0.26589749999999995,2752
371,2021-04-08,313695,1896.0,266.0,0.26589749999999995,2651
372,2021-04-09,313838,1676.0,275.0,0.26589749999999995,2482
373,2021-04-10,313962,1671.0,261.0,0.26589749999999995,2009
374,2021-04-11,314114,1582.0,244.0,0.26589749999999995,2020
375,2021-04-12,314259,1694.0,255.0,0.26589749999999995,2399
376,2021-04-13,314386,1507.0,276.0,0.26589749999999995,2060
377,2021-04-14,314514,1436.0,248.0,0.26589749999999995,2068
378,2021-04-15,314618,1421.0,194.0,0.26589749999999995,1959
379,2021-04-16,314711,1402.0,232.0,0.26589749999999995,1963
380,2021-04-17,314826,1366.0,227.0,0.26589749999999995,1398
381,2021-04-18,314908,1336.0,227.0,0.26589749999999995,2281
382,2021-04-19,315027,1337.0,215.0,0.26589749999999995,2268
383,2021-04-20,315114,1287.0,218.0,0.26589749999999995,2112
384,2021-04-21,315216,1329.0,195.0,0.26589749999999995,2298
385,2021-04-22,315296,1213.0,199.0,0.26589749999999995,2032
386,2021-04-23,315395,1198.0,166.0,0.26589749999999995,1701
387,2021-04-24,315479,1126.0,152.0,0.26589749999999995,1300
388,2021-04-25,315571,1121.0,176.0,0.26589749999999995,1897
389,2021-04-26,315661,1078.0,155.0,0.26589749999999995,2267
390,2021-04-27,315769,1101.0,160.0,0.26589749999999995,1809
391,2021-04-28,315842,962.0,152.0,0.26589749999999995,2153
392,2021-04-29,315898,955.0,126.0,0.26589749999999995,1901
393,2021-04-30,315954,964.0,122.0,0.26589749999999995,1528
394,2021-05-01,316004,777.0,101.0,0.24453,1211
395,2021-05-02,316076,750.0,118.0,0.24453,1305
396,2021-05-03,316160,836.0,113.0,0.24453,1806
397,2021-05-04,316225,827.0,106.0,0.24453,2200
398,2021-05-05,316300,775.0,110.0,0.24453,2203
399,2021-05-06,316364,776.0,99.0,0.24453,1967
400,2021-05-07,316416,793.0,101.0,0.24453,1657
401,2021-05-08,316485,756.0,95.0,0.24453,1301
402,2021-05-09,316544,751.0,85.0,0.24453,1985
403,2021-05-10,316606,701.0,91.0,0.24453,2325
404,2021-05-11,316671,700.0,95.0,0.24453,1872
405,2021-05-12,316742,664.0,76.0,0.24453,1869
406,2021-05-13,316803,632.0,93.0,0.24453,1737
407,2021-05-14,316855,620.0,82.0,0.24453,1540
408,2021-05-15,316911,554.0,67.0,0.24453,1306
409,2021-05-16,316956,562.0,67.0,0.24453,1587
410,2021-05-17,317016,640.0,87.0,0.24453,2341
411,2021-05-18,317091,587.0,68.0,0.24453,2241
412,2021-05-19,317168,534.0,82.0,0.24453,2261
413,2021-05-20,317234,545.0,67.0,0.24453,2000
414,2021-05-21,317300,545.0,77.0,0.24453,1872
415,2021-05-22,317355,524.0,81.0,0.24453,1606
416,2021-05-23,317413,540.0,73.0,0.24453,1918
417,2021-05-24,317490,584.0,87.0,0.24453,2750
418,2021-05-25,317554,599.0,87.0,0.24453,2797
419,2021-05-26,317630,581.0,89.0,0.24453,3179
420,2021-05-27,317683,565.0,59.0,0.24453,3075
421,2021-05-28,317748,544.0,83.0,0.24453,2929
422,2021-05-29,317798,557.0,82.0,0.24453,2462
423,2021-05-30,317852,543.0,82.0,0.24453,2598
424,2021-05-31,317929,607.0,73.0,0.24453,3170
425,2021-06-01,318020,661.0,76.0,0.22316249999999999,4515
426,2021-06-02,318109,669.0,94.0,0.22316249999999999,5039
427,2021-06-03,318185,668.0,100.0,0.22316249999999999,5131
428,2021-06-04,318257,681.0,91.0,0.22316249999999999,4886
429,2021-06-05,318332,697.0,92.0,0.22316249999999999,3964
430,2021-06-06,318428,676.0,104.0,0.22316249999999999,4730
431,2021-06-07,318538,692.0,83.0,0.22316249999999999,6791
432,2021-06-08,318654,700.0,103.0,0.22316249999999999,6630
433,2021-06-09,318779,692.0,110.0,0.22316249999999999,6919
434,2021-06-10,318918,728.0,107.0,0.22316249999999999,6718
435,2021-06-11,319044,757.0,106.0,0.22316249999999999,6510
436,2021-06-12,319150,694.0,128.0,0.22316249999999999,5422
437,2021-06-13,319297,792.0,150.0,0.22316249999999999,6075
438,2021-06-14,319455,779.0,118.0,0.22316249999999999,8941
439,2021-06-15,319601,829.0,151.0,0.22316249999999999,9153
440,2021-06-16,319746,832.0,130.0,0.22316249999999999,9411
441,2021-06-17,319893,994.0,143.0,0.22316249999999999,9523
442,2021-06-18,320048,1016.0,160.0,0.22316249999999999,8772
443,2021-06-19,320188,982.0,146.0,0.22316249999999999,7127
444,2021-06-20,320332,1008.0,173.0,0.22316249999999999,8203
445,2021-06-21,320481,1114.0,166.0,0.22316249999999999,12707
446,2021-06-22,320630,1052.0,184.0,0.22316249999999999,13563
447,2021-06-23,320793,955.0,178.0,0.22316249999999999,14806
448,2021-06-24,320954,1015.0,190.0,0.22316249999999999,15084
449,2021-06-25,321117,1016.0,164.0,0.22316249999999999,14901
450,2021-06-26,321299,1062.0,154.0,0.22316249999999999,13486
451,2021-06-27,321483,1080.0,165.0,0.22316249999999999,15407
452,2021-06-28,321676,1216.0,209.0,0.22316249999999999,23511
453,2021-06-29,321914,1147.0,191.0,0.22316249999999999,23250
454,2021-06-30,322185,1181.0,191.0,0.22316249999999999,23941
455,2021-07-01,322426,1345.0,216.0,0.201795,24267
456,2021-07-02,322672,1322.0,218.0,0.201795,22287
457,2021-07-03,322937,1274.0,213.0,0.201795,20638
458,2021-07-04,323250,1484.0,265.0,0.201795,21806
459,2021-07-05,323599,1435.0,246.0,0.201795,30215
460,2021-07-06,323970,1605.0,265.0,0.201795,31627
461,2021-07-07,324346,1761.0,300.0,0.201795,34274
462,2021-07-08,324712,1794.0,304.0,0.201795,29929
463,2021-07-09,325084,1918.0,306.0,0.201795,29050
464,2021-07-10,325463,1885.0,305.0,0.201795,25411
465,2021-07-11,325863,2008.0,313.0,0.201795,27418
466,2021-07-12,326365,2201.0,323.0,0.201795,40477
467,2021-07-13,326881,2424.0,349.0,0.201795,43247
468,2021-07-14,327334,2438.0,374.0,0.201795,50320
469,2021-07-15,327855,2557.0,381.0,0.201795,57583
470,2021-07-16,328314,2776.0,430.0,0.201795,51138
471,2021-07-17,328840,2847.0,414.0,0.201795,35281
472,2021-07-18,329425,2821.0,403.0,0.201795,33164
473,2021-07-19,330050,3179.0,439.0,0.201795,43401
474,2021-07-20,330720,2989.0,444.0,0.201795,35947
475,2021-07-21,331345,3236.0,443.0,0.201795,31676
476,2021-07-22,331956,3533.0,482.0,0.201795,27711
477,2021-07-23,332532,3671.0,485.0,0.201795,24586
478,2021-07-24,333101,3779.0,515.0,0.201795,20276
479,2021-07-25,333783,3708.0,572.0,0.201795,19657
480,2021-07-26,334398,4327.0,579.0,0.201795,26541
481,2021-07-27,335044,4182.0,606.0,0.201795,26027
482,2021-07-28,335635,4124.0,617.0,0.201795,26925
483,2021-07-29,336224,3872.0,619.0,0.201795,25361
484,2021-07-30,336739,4323.0,619.0,0.201795,22109
485,2021-07-31,337201,4308.0,671.0,0.201795,18450
486,2021-08-01,337746,4003.0,623.0,0.18042750000000002,18714
487,2021-08-02,338318,4141.0,592.0,0.18042750000000002,26580
488,2021-08-03,338897,4046.0,631.0,0.18042750000000002,27062
489,2021-08-04,339516,3990.0,625.0,0.18042750000000002,28895
490,2021-08-05,340056,3948.0,658.0,0.18042750000000002,28126
491,2021-08-06,340600,4028.0,621.0,0.18042750000000002,24851
492,2021-08-07,341131,4108.0,595.0,0.18042750000000002,19957
493,2021-08-08,341632,3995.0,608.0,0.18042750000000002,20157
494,2021-08-09,342154,3917.0,606.0,0.18042750000000002,28292
495,2021-08-10,342770,4089.0,680.0,0.18042750000000002,27610
496,2021-08-11,343406,4191.0,649.0,0.18042750000000002,29135
497,2021-08-12,344008,4263.0,673.0,0.18042750000000002,27690
498,2021-08-13,344589,3962.0,645.0,0.18042750000000002,24992
499,2021-08-14,345170,3912.0,662.0,0.18042750000000002,21336
500,2021-08-15,345758,4006.0,671.0,0.18042750000000002,21280
501,2021-08-16,346408,4374.0,657.0,0.18042750000000002,30861
502,2021-08-17,347079,4621.0,674.0,0.18042750000000002,31095
503,2021-08-18,347742,4301.0,622.0,0.18042750000000002,31426
504,2021-08-19,348466,4607.0,679.0,0.18042750000000002,29081
505,2021-08-20,349064,4234.0,766.0,0.18042750000000002,25555
506,2021-08-21,349642,4559.0,738.0,0.18042750000000002,22605
507,2021-08-22,350258,4585.0,722.0,0.18042750000000002,22409
508,2021-08-23,350971,4661.0,651.0,0.18042750000000002,30333
509,2021-08-24,351588,4626.0,700.0,0.18042750000000002,28212
510,2021-08-25,352305,4658.0,711.0,0.18042750000000002,27901
511,2021-08-26,352940,4418.0,698.0,0.18042750000000002,26482
512,2021-08-27,353559,4717.0,730.0,0.18042750000000002,24253
513,2021-08-28,354151,4488.0,713.0,0.18042750000000002,20138
514,2021-08-29,354741,4546.0,681.0,0.18042750000000002,19152
515,2021-08-30,355413,4699.0,688.0,0.18042750000000002,24973
516,2021-08-31,356067,5201.0,730.0,0.18042750000000002,33565
517,2021-09-01,356738,4873.0,742.0,0.15906,31600
518,2021-09-02,357338,4975.0,739.0,0.15906,30636
519,2021-09-03,357875,4935.0,716.0,0.15906,28730
520,2021-09-04,358483,4786.0,740.0,0.15906,23409
521,2021-09-05,359051,4929.0,720.0,0.15906,23457
522,2021-09-06,359724,4982.0,767.0,0.15906,33135
523,2021-09-07,360372,4991.0,753.0,0.15906,27938
524,2021-09-08,361130,5187.0,765.0,0.15906,25659
525,2021-09-09,361793,5109.0,733.0,0.15906,24440
526,2021-09-10,362325,5137.0,743.0,0.15906,21031
527,2021-09-11,362850,5084.0,699.0,0.15906,16956
528,2021-09-12,363369,5101.0,733.0,0.15906,17879
529,2021-09-13,363899,5091.0,647.0,0.15906,25199
530,2021-09-14,364489,5139.0,743.0,0.15906,22641
531,2021-09-15,365016,5254.0,777.0,0.15906,22414
532,2021-09-16,365558,5048.0,764.0,0.15906,22320
533,2021-09-17,365984,4555.0,706.0,0.15906,22375
534,2021-09-18,366442,4733.0,698.0,0.15906,20926
535,2021-09-19,366915,4389.0,693.0,0.15906,24789
536,2021-09-20,367396,4227.0,672.0,0.15906,32121
537,2021-09-21,367911,4511.0,644.0,0.15906,30547
538,2021-09-22,368343,4336.0,703.0,0.15906,28788
539,2021-09-23,368802,4261.0,621.0,0.15906,28340
540,2021-09-24,369240,3894.0,664.0,0.15906,25754
541,2021-09-25,369641,4309.0,605.0,0.15906,23389
542,2021-09-26,370071,3988.0,572.0,0.15906,26814
543,2021-09-27,370570,4190.0,593.0,0.15906,34595
544,2021-09-28,371044,4127.0,584.0,0.15906,29628
545,2021-09-29,371541,3754.0,556.0,0.15906,28689
546,2021-09-30,371989,3869.0,556.0,0.15906,26808
547,2021-10-01,372421,4019.0,553.0,0.13769250000000005,24134
548,2021-10-02,372857,3723.0,531.0,0.13769250000000005,21873
549,2021-10-03,373319,3873.0,549.0,0.13769250000000005,27138
550,2021-10-04,373807,4041.0,533.0,0.13769250000000005,36475
551,2021-10-05,374371,4026.0,528.0,0.13769250000000005,32269
552,2021-10-06,374901,4099.0,556.0,0.13769250000000005,32547
553,2021-10-07,375413,4060.0,563.0,0.13769250000000005,32158
554,2021-10-08,375889,3984.0,524.0,0.13769250000000005,29848
555,2021-10-09,376372,4130.0,497.0,0.13769250000000005,27180
556,2021-10-10,376887,3978.0,508.0,0.13769250000000005,31499
557,2021-10-11,377436,4158.0,470.0,0.13769250000000005,43115
558,2021-10-12,378049,4255.0,558.0,0.13769250000000005,40892
559,2021-10-13,378624,4153.0,568.0,0.13769250000000005,40547
560,2021-10-14,379197,4123.0,530.0,0.13769250000000005,39262
561,2021-10-15,379821,4288.0,510.0,0.13769250000000005,36631
562,2021-10-16,380427,4243.0,549.0,0.13769250000000005,31639
563,2021-10-17,381073,4432.0,577.0,0.13769250000000005,37501
564,2021-10-18,381807,4803.0,583.0,0.13769250000000005,49257
565,2021-10-19,382563,4943.0,593.0,0.13769250000000005,44630
566,2021-10-20,383304,4977.0,554.0,0.13769250000000005,43963
567,2021-10-21,383959,4793.0,564.0,0.13769250000000005,38581
568,2021-10-22,384568,5000.0,587.0,0.13769250000000005,34506
569,2021-10-23,385195,4879.0,644.0,0.13769250000000005,29747
570,2021-10-24,385884,5179.0,577.0,0.13769250000000005,30091
571,2021-10-25,386599,5582.0,642.0,0.13769250000000005,39958
572,2021-10-26,387339,5292.0,642.0,0.13769250000000005,35276
573,2021-10-27,388157,5651.0,664.0,0.13769250000000005,36524
574,2021-10-28,388913,6044.0,657.0,0.13769250000000005,35076
575,2021-10-29,389615,5711.0,664.0,0.13769250000000005,33995
576,2021-10-30,390214,5911.0,646.0,0.13769250000000005,28243
577,2021-10-31,390935,5387.0,675.0,0.13769250000000005,29564
578,2021-11-01,391704,6118.0,713.0,0.11632500000000004,37663
579,2021-11-02,392399,6175.0,715.0,0.11632500000000004,31328
580,2021-11-03,393041,6113.0,715.0,0.11632500000000004,29396
581,2021-11-04,393588,5840.0,752.0,0.11632500000000004,27379
582,2021-11-05,394164,5859.0,725.0,0.11632500000000004,24405
583,2021-11-06,394731,5590.0,696.0,0.11632500000000004,22581
584,2021-11-07,395323,5771.0,734.0,0.11632500000000004,25447
585,2021-11-08,396027,6163.0,669.0,0.11632500000000004,36138
586,2021-11-09,396676,5950.0,724.0,0.11632500000000004,34679
587,2021-11-10,397332,5561.0,707.0,0.11632500000000004,35390
588,2021-11-11,397958,5692.0,720.0,0.11632500000000004,33700
589,2021-11-12,398557,5606.0,711.0,0.11632500000000004,31337
590,2021-11-13,399079,5235.0,699.0,0.11632500000000004,27358
591,2021-11-14,399644,5238.0,699.0,0.11632500000000004,29599
592,2021-11-15,400217,5812.0,726.0,0.11632500000000004,42477
593,2021-11-16,400805,5698.0,722.0,0.11632500000000004,38656
594,2021-11-17,401418,5264.0,661.0,0.11632500000000004,38257
595,2021-11-18,402004,5140.0,660.0,0.11632500000000004,37099
596,2021-11-19,402571,5262.0,665.0,0.11632500000000004,33184
597,2021-11-20,403068,5125.0,627.0,0.11632500000000004,29868
598,2021-11-21,403581,5000.0,630.0,0.11632500000000004,31761
599,2021-11-22,404070,5361.0,633.0,0.11632500000000004,42869
600,2021-11-23,404583,5204.0,624.0,0.11632500000000004,41015
601,2021-11-24,405183,5230.0,687.0,0.11632500000000004,39881
602,2021-11-25,405691,5055.0,687.0,0.11632500000000004,37143
603,2021-11-26,406189,4824.0,682.0,0.11632500000000004,33666
604,2021-11-27,406680,4777.0,638.0,0.11632500000000004,28459
605,2021-11-28,407144,4855.0,662.0,0.11632500000000004,33857
606,2021-11-29,407668,4930.0,661.0,0.11632500000000004,47939
607,2021-11-30,408249,5094.0,707.0,0.11632500000000004,47632
608,2021-12-01,408817,4789.0,564.0,0.0949575,47263
609,2021-12-02,409379,4780.0,623.0,0.0949575,43045
610,2021-12-03,409902,5047.0,650.0,0.0949575,39222
611,2021-12-04,410422,4769.0,655.0,0.0949575,33380
612,2021-12-05,411009,5009.0,624.0,0.0949575,35037
613,2021-12-06,411580,5108.0,704.0,0.0949575,51123
614,2021-12-07,412238,5008.0,677.0,0.0949575,48146
615,2021-12-08,412869,4940.0,626.0,0.0949575,50059
616,2021-12-09,413483,5056.0,679.0,0.0949575,48817
617,2021-12-10,414072,4966.0,624.0,0.0949575,45018
618,2021-12-11,414649,5164.0,637.0,0.0949575,41940
619,2021-12-12,415285,5251.0,649.0,0.0949575,46367
620,2021-12-13,415918,5450.0,660.0,0.0949575,76507
621,2021-12-14,416576,5077.0,665.0,0.0949575,90717
622,2021-12-15,417212,5303.0,636.0,0.0949575,99655
623,2021-12-16,417851,5381.0,619.0,0.0949575,93804
624,2021-12-17,418450,5212.0,679.0,0.0949575,84967
625,2021-12-18,419041,5118.0,640.0,0.0949575,78930
626,2021-12-19,419779,5448.0,630.0,0.0949575,78497
627,2021-12-20,420600,5749.0,644.0,0.0949575,117577
628,2021-12-21,421486,5678.0,613.0,0.0949575,129599
629,2021-12-22,422446,6046.0,605.0,0.0949575,138142
630,2021-12-23,423464,6122.0,585.0,0.0949575,137021
631,2021-12-24,424357,6265.0,607.0,0.0949575,117562
632,2021-12-25,425374,5937.0,568.0,0.0949575,59912
633,2021-12-26,426464,6307.0,652.0,0.0949575,98918
634,2021-12-27,427843,7610.0,668.0,0.0949575,155567
635,2021-12-28,429477,8385.0,646.0,0.0949575,170586
636,2021-12-29,431291,9162.0,652.0,0.0949575,224031
637,2021-12-30,433035,9733.0,588.0,0.0949575,192825
638,2021-12-31,434541,10437.0,656.0,0.0949575,152887
639,2022-01-01,436078,10291.0,620.0,0.07359,99303
640,2022-01-02,437676,10287.0,645.0,0.07359,148609
641,2022-01-03,439480,12411.0,665.0,0.07359,193617
642,2022-01-04,441128,12729.0,618.0,0.07359,234873
643,2022-01-05,442934,13318.0,645.0,0.07359,183798
644,2022-01-06,444570,13742.0,642.0,0.07359,150786
645,2022-01-07,445983,14031.0,594.0,0.07359,105080
646,2022-01-08,447497,13693.0,549.0,0.07359,81221
647,2022-01-09,449135,14271.0,629.0,0.07359,83081
648,2022-01-10,450893,14632.0,569.0,0.07359,116343
649,2022-01-11,452608,14172.0,530.0,0.07359,100979
650,2022-01-12,454143,14484.0,617.0,0.07359,90000
651,2022-01-13,455731,14532.0,603.0,0.07359,84132
652,2022-01-14,457175,13823.0,559.0,0.07359,75174
653,2022-01-15,458481,13937.0,521.0,0.07359,67821
654,2022-01-16,459956,13499.0,491.0,0.07359,85599
655,2022-01-17,461362,13560.0,544.0,0.07359,114776
656,2022-01-18,462837,14098.0,504.0,0.07359,103308
657,2022-01-19,464314,13143.0,497.0,0.07359,97335
658,2022-01-20,465756,12637.0,464.0,0.07359,86951
659,2022-01-21,466956,12200.0,447.0,0.07359,79172
660,2022-01-22,467951,12483.0,453.0,0.07359,70483
661,2022-01-23,469249,11311.0,431.0,0.07359,88558
662,2022-01-24,470460,12200.0,408.0,0.07359,109233
663,2022-01-25,471906,11851.0,444.0,0.07359,96955
664,2022-01-26,473274,11201.0,422.0,0.07359,93211
665,2022-01-27,474453,11778.0,411.0,0.07359,82726
666,2022-01-28,475514,11281.0,395.0,0.07359,71682
667,2022-01-29,476651,11047.0,405.0,0.07359,63024
668,2022-01-30,477705,10931.0,385.0,0.07359,74980
669,2022-01-31,478855,11319.0,365.0,0.07359,88502
670,2022-02-01,480160,10468.0,402.0,0.0522225,78511
671,2022-02-02,481374,10323.0,356.0,0.0522225,73908
672,2022-02-03,482486,10077.0,375.0,0.0522225,64032
673,2022-02-04,483457,9756.0,370.0,0.0522225,52556
674,2022-02-05,484307,9956.0,352.0,0.0522225,43233
675,2022-02-06,485267,8941.0,311.0,0.0522225,50148
676,2022-02-07,486287,9775.0,330.0,0.0522225,62672
677,2022-02-08,487319,9033.0,325.0,0.0522225,55437
678,2022-02-09,488271,9215.0,314.0,0.0522225,51013
679,2022-02-10,489258,8565.0,299.0,0.0522225,41331
680,2022-02-11,490088,8041.0,333.0,0.0522225,34944
681,2022-02-12,490939,8048.0,296.0,0.0522225,29142
682,2022-02-13,491816,8012.0,267.0,0.0522225,32326
683,2022-02-14,492731,8199.0,268.0,0.0522225,42490
684,2022-02-15,493681,8021.0,255.0,0.0522225,40145
685,2022-02-16,494625,8070.0,272.0,0.0522225,39445
686,2022-02-17,495370,7495.0,253.0,0.0522225,34168
687,2022-02-18,496109,7569.0,252.0,0.0522225,24923
688,2022-02-19,496814,7008.0,240.0,0.0522225,26429
689,2022-02-20,497535,7421.0,271.0,0.0522225,28411
690,2022-02-21,498291,7343.0,253.0,0.0522225,33034
691,2022-02-22,499083,7194.0,226.0,0.0522225,28019
692,2022-02-23,499823,7195.0,211.0,0.0522225,26008
693,2022-02-24,500617,7159.0,233.0,0.0522225,21882
694,2022-02-25,501298,6684.0,199.0,0.0522225,19533
695,2022-02-26,501993,6803.0,168.0,0.0522225,17604
696,2022-02-27,502750,6888.0,197.0,0.0522225,22165
697,2022-02-28,503683,6978.0,210.0,0.0522225,31865
698,2022-03-01,504595,7366.0,181.0,0.030855,31864
699,2022-03-02,505502,6689.0,181.0,0.030855,33361
700,2022-03-03,506523,6656.0,166.0,0.030855,31533
701,2022-03-04,507366,6511.0,156.0,0.030855,30605
702,2022-03-05,508245,6732.0,157.0,0.030855,28509
703,2022-03-06,509303,6920.0,162.0,0.030855,35914
704,2022-03-07,510408,7177.0,169.0,0.030855,50982
705,2022-03-08,511573,7291.0,174.0,0.030855,52343
706,2022-03-09,512805,7461.0,189.0,0.030855,55491
707,2022-03-10,513929,7644.0,154.0,0.030855,54298
708,2022-03-11,515087,7696.0,178.0,0.030855,52270
709,2022-03-12,516183,7726.0,154.0,0.030855,49161
710,2022-03-13,517517,8010.0,148.0,0.030855,60271
711,2022-03-14,518891,8657.0,167.0,0.030855,79517
712,2022-03-15,520349,8810.0,165.0,0.030855,74101
713,2022-03-16,521887,9015.0,158.0,0.030855,73951
714,2022-03-17,523313,9519.0,189.0,0.030855,67687
715,2022-03-18,524699,9351.0,165.0,0.030855,61904
716,2022-03-19,526164,9004.0,170.0,0.030855,55211
717,2022-03-20,527598,9602.0,166.0,0.030855,66907
718,2022-03-21,529206,10975.0,207.0,0.030855,89907
719,2022-03-22,530919,11080.0,199.0,0.030855,81845
720,2022-03-23,532632,9986.0,189.0,0.030855,77600
721,2022-03-24,534240,10518.0,202.0,0.030855,68604
722,2022-03-25,535805,11158.0,234.0,0.030855,60256
723,2022-03-26,537318,11790.0,205.0,0.030855,51776
724,2022-03-27,538931,11985.0,206.0,0.030855,58000
725,2022-03-28,540884,12987.0,218.0,0.030855,78909
726,2022-03-29,542731,12865.0,261.0,0.030855,67441
727,2022-03-30,544632,12457.0,210.0,0.030855,62750
728,2022-03-31,546434,12742.0,192.0,0.030855,45879
729,2022-04-01,547961,13418.0,222.0,0.009487499999999899,40342
730,2022-04-02,549505,13005.0,219.0,0.009487499999999899,31609
731,2022-04-03,551130,13098.0,233.0,0.009487499999999899,35606
732,2022-04-04,552822,13181.0,221.0,0.009487499999999899,45140
733,2022-04-05,554640,13461.0,238.0,0.009487499999999899,40393
734,2022-04-06,556446,13481.0,216.0,0.009487499999999899,36891
735,2022-04-07,558001,13753.0,208.0,0.009487499999999899,31745
736,2022-04-08,559510,13142.0,241.0,0.009487499999999899,27391
737,2022-04-09,560833,13725.0,221.0,0.009487499999999899,23013
738,2022-04-10,562263,13452.0,240.0,0.009487499999999899,25641
739,2022-04-11,563902,13802.0,241.0,0.009487499999999899,30597
740,2022-04-12,565563,13032.0,248.0,0.009487499999999899,27382
741,2022-04-13,567151,12580.0,205.0,0.009487499999999899,25507
742,2022-04-14,568519,11838.0,230.0,0.009487499999999899,21434
743,2022-04-15,569694,11736.0,196.0,0.009487499999999899,17306
744,2022-04-16,570781,11323.0,197.0,0.009487499999999899,16091
745,2022-04-17,571897,11978.0,220.0,0.009487499999999899,16262
746,2022-04-18,573129,11558.0,202.0,0.009487499999999899,20566
747,2022-04-19,574238,12687.0,216.0,0.009487499999999899,20595
748,2022-04-20,575379,12173.0,228.0,0.009487499999999899,16973
749,2022-04-21,576390,10671.0,198.0,0.009487499999999899,14520
750,2022-04-22,577356,10806.0,173.0,0.009487499999999899,12526
751,2022-04-23,578256,10377.0,193.0,0.009487499999999899,10573
752,2022-04-24,579118,9722.0,203.0,0.009487499999999899,11867
753,2022-04-25,580052,9982.0,207.0,0.009487499999999899,13404
754,2022-04-26,581020,8984.0,187.0,0.009487499999999899,11293
755,2022-04-27,581902,9028.0,197.0,0.009487499999999899,10120
756,2022-04-28,582676,8560.0,169.0,0.009487499999999899,9056
757,2022-04-29,583381,7714.0,189.0,0.009487499999999899,7992
758,2022-04-30,583987,7713.0,193.0,0.009487499999999899,6863
759,2022-05-01,584613,7477.0,194.0,-0.011880000000000102,7718
760,2022-05-02,585278,7095.0,201.0,-0.011880000000000102,10343
761,2022-05-03,586046,7303.0,193.0,-0.011880000000000102,11155
762,2022-05-04,586749,7063.0,184.0,-0.011880000000000102,9783
763,2022-05-05,587417,7079.0,191.0,-0.011880000000000102,8592
764,2022-05-06,588035,6687.0,174.0,-0.011880000000000102,7518
765,2022-05-07,588561,6247.0,156.0,-0.011880000000000102,6354
766,2022-05-08,589118,6045.0,167.0,-0.011880000000000102,7664
767,2022-05-09,589773,6133.0,160.0,-0.011880000000000102,8876
768,2022-05-10,590353,6081.0,135.0,-0.011880000000000102,8154
769,2022-05-11,590907,5843.0,135.0,-0.011880000000000102,7265
770,2022-05-12,591449,4840.0,130.0,-0.011880000000000102,6376
771,2022-05-13,591882,5069.0,111.0,-0.011880000000000102,5794
772,2022-05-14,592334,5201.0,145.0,-0.011880000000000102,5139
773,2022-05-15,592782,4964.0,131.0,-0.011880000000000102,6730
774,2022-05-16,593274,4480.0,131.0,-0.011880000000000102,7883
775,2022-05-17,593707,4007.0,148.0,-0.011880000000000102,6833
776,2022-05-18,594249,4605.0,135.0,-0.011880000000000102,6392
777,2022-05-19,594726,4060.0,149.0,-0.011880000000000102,5785
778,2022-05-20,595100,4010.0,135.0,-0.011880000000000102,5049
779,2022-05-21,595413,3932.0,136.0,-0.011880000000000102,4243
780,2022-05-22,595807,4194.0,123.0,-0.011880000000000102,5151
781,2022-05-23,596200,4143.0,135.0,-0.011880000000000102,6248
782,2022-05-24,596577,3512.0,122.0,-0.011880000000000102,5593
783,2022-05-25,596978,3750.0,117.0,-0.011880000000000102,5189
784,2022-05-26,597322,3226.0,111.0,-0.011880000000000102,4819
785,2022-05-27,597680,3466.0,83.0,-0.011880000000000102,4494
786,2022-05-28,597998,2972.0,101.0,-0.011880000000000102,4153
787,2022-05-29,598363,3207.0,96.0,-0.011880000000000102,4687
788,2022-05-30,598747,3275.0,86.0,-0.011880000000000102,5928
789,2022-05-31,599124,3262.0,71.0,-0.011880000000000102,5734
790,2022-06-01,599482,2938.0,95.0,-0.0332475000000001,5711
791,2022-06-02,599798,2968.0,92.0,-0.0332475000000001,5081
792,2022-06-03,600130,3204.0,94.0,-0.0332475000000001,5581
793,2022-06-04,600504,3036.0,88.0,-0.0332475000000001,6278
794,2022-06-05,600897,3116.0,95.0,-0.0332475000000001,8350
795,2022-06-06,601381,3172.0,97.0,-0.0332475000000001,9798
796,2022-06-07,601850,3205.0,79.0,-0.0332475000000001,9484
797,2022-06-08,602376,3071.0,90.0,-0.0332475000000001,9952
798,2022-06-09,602874,3034.0,105.0,-0.0332475000000001,9589
799,2022-06-10,603344,3405.0,103.0,-0.0332475000000001,9153
800,2022-06-11,603799,3404.0,96.0,-0.0332475000000001,8468
801,2022-06-12,604312,3378.0,101.0,-0.0332475000000001,10718
802,2022-06-13,604866,3366.0,94.0,-0.0332475000000001,12954
803,2022-06-14,605491,3449.0,97.0,-0.0332475000000001,12660
804,2022-06-15,606203,3700.0,90.0,-0.0332475000000001,12387
805,2022-06-16,606917,3672.0,76.0,-0.0332475000000001,11915
806,2022-06-17,607609,3715.0,102.0,-0.0332475000000001,11640
807,2022-06-18,608270,4149.0,108.0,-0.0332475000000001,11634
808,2022-06-19,609039,4090.0,115.0,-0.0332475000000001,14524
809,2022-06-20,609832,4574.0,134.0,-0.0332475000000001,16918
810,2022-06-21,610795,4534.0,123.0,-0.0332475000000001,17531
811,2022-06-22,611700,4700.0,113.0,-0.0332475000000001,17764
812,2022-06-23,612607,4927.0,130.0,-0.0332475000000001,16698
813,2022-06-24,613463,5265.0,132.0,-0.0332475000000001,15626
814,2022-06-25,614316,5553.0,126.0,-0.0332475000000001,14478
815,2022-06-26,615365,5944.0,158.0,-0.0332475000000001,18039
816,2022-06-27,616543,5833.0,148.0,-0.0332475000000001,21896
817,2022-06-28,617699,6443.0,172.0,-0.0332475000000001,21869
818,2022-06-29,618989,6711.0,166.0,-0.0332475000000001,21720
819,2022-06-30,620270,6786.0,156.0,-0.0332475000000001,21513
820,2022-07-01,621286,7250.0,159.0,-0.05461500000000015,21067
821,2022-07-02,622451,7005.0,150.0,-0.05461500000000015,19586
822,2022-07-03,623909,8262.0,145.0,-0.05461500000000015,25172
823,2022-07-04,625475,8442.0,166.0,-0.05461500000000015,30388
824,2022-07-05,626966,8647.0,175.0,-0.05461500000000015,28118
825,2022-07-06,628473,9185.0,154.0,-0.05461500000000015,26741
826,2022-07-07,630117,9093.0,175.0,-0.05461500000000015,24049
827,2022-07-08,631551,9821.0,181.0,-0.05461500000000015,22173
828,2022-07-09,632836,9207.0,171.0,-0.05461500000000015,19354
829,2022-07-10,634306,10445.0,182.0,-0.05461500000000015,23046
830,2022-07-11,635877,10354.0,207.0,-0.05461500000000015,27198
831,2022-07-12,637418,10911.0,196.0,-0.05461500000000015,24377
832,2022-07-13,639022,11060.0,210.0,-0.05461500000000015,21639
833,2022-07-14,640528,10569.0,213.0,-0.05461500000000015,19340
834,2022-07-15,641685,10751.0,201.0,-0.05461500000000015,16626
835,2022-07-16,642845,11072.0,218.0,-0.05461500000000015,13677
836,2022-07-17,644181,10714.0,200.0,-0.05461500000000015,15702
837,2022-07-18,645548,11294.0,244.0,-0.05461500000000015,16919
838,2022-07-19,646978,10517.0,240.0,-0.05461500000000015,14866
839,2022-07-20,648394,10874.0,231.0,-0.05461500000000015,14533
840,2022-07-21,649690,10861.0,223.0,-0.05461500000000015,12791
841,2022-07-22,650685,10366.0,223.0,-0.05461500000000015,11177
842,2022-07-23,651662,9592.0,216.0,-0.05461500000000015,8909
843,2022-07-24,652758,9304.0,235.0,-0.05461500000000015,10216
844,2022-07-25,653829,10120.0,217.0,-0.05461500000000015,11929
845,2022-07-26,654867,8672.0,205.0,-0.05461500000000015,10482
846,2022-07-27,655850,9120.0,206.0,-0.05461500000000015,9435
847,2022-07-28,656737,8859.0,195.0,-0.05461500000000015,8339
848,2022-07-29,657456,8088.0,194.0,-0.05461500000000015,7585
849,2022-07-30,658217,8568.0,176.0,-0.05461500000000015,6612
850,2022-07-31,659146,8694.0,187.0,-0.05461500000000015,7672
851,2022-08-01,660056,8827.0,183.0,-0.07598250000000016,8814
852,2022-08-02,660884,8404.0,196.0,-0.07598250000000016,8165
853,2022-08-03,661749,8106.0,190.0,-0.07598250000000016,7419
854,2022-08-04,662583,7758.0,183.0,-0.07598250000000016,6524
855,2022-08-05,663285,7213.0,186.0,-0.07598250000000016,5859
856,2022-08-06,663934,7400.0,174.0,-0.07598250000000016,4852
857,2022-08-07,664657,7799.0,180.0,-0.07598250000000016,5897
858,2022-08-08,665477,7621.0,192.0,-0.07598250000000016,7226
859,2022-08-09,666269,7352.0,193.0,-0.07598250000000016,6462
860,2022-08-10,667076,6429.0,172.0,-0.07598250000000016,6003
861,2022-08-11,667804,6822.0,166.0,-0.07598250000000016,5446
862,2022-08-12,668384,6519.0,149.0,-0.07598250000000016,4781
863,2022-08-13,669012,6754.0,153.0,-0.07598250000000016,3978
864,2022-08-14,669649,6689.0,160.0,-0.07598250000000016,4781
865,2022-08-15,670332,6752.0,155.0,-0.07598250000000016,5606
866,2022-08-16,670975,6398.0,144.0,-0.07598250000000016,4845
867,2022-08-17,671603,6668.0,164.0,-0.07598250000000016,4421
868,2022-08-18,672136,6122.0,160.0,-0.07598250000000016,3989
869,2022-08-19,672633,5956.0,148.0,-0.07598250000000016,3492
870,2022-08-20,673110,5982.0,135.0,-0.07598250000000016,3059
871,2022-08-21,673587,5646.0,143.0,-0.07598250000000016,3547
872,2022-08-22,674107,5584.0,139.0,-0.07598250000000016,4575
873,2022-08-23,674641,5490.0,108.0,-0.07598250000000016,4076
874,2022-08-24,675176,5157.0,121.0,-0.07598250000000016,3913
875,2022-08-25,675719,5241.0,100.0,-0.07598250000000016,3266
876,2022-08-26,676152,4597.0,99.0,-0.07598250000000016,2997
877,2022-08-27,676565,4764.0,119.0,-0.07598250000000016,2606
878,2022-08-28,677005,4378.0,111.0,-0.07598250000000016,2882
879,2022-08-29,677496,4517.0,120.0,-0.07598250000000016,3936
880,2022-08-30,677975,4516.0,116.0,-0.07598250000000016,4473
881,2022-08-31,678453,4306.0,116.0,-0.07598250000000016,3975
882,2022-09-01,678911,4871.0,120.0,-0.0973500000000001,3760
883,2022-09-02,679299,3994.0,128.0,-0.0973500000000001,3239
884,2022-09-03,679654,4331.0,110.0,-0.0973500000000001,2971
885,2022-09-04,680034,4371.0,107.0,-0.0973500000000001,3759
886,2022-09-05,680474,4069.0,108.0,-0.0973500000000001,4385
887,2022-09-06,680906,4442.0,93.0,-0.0973500000000001,3940
888,2022-09-07,681345,4338.0,92.0,-0.0973500000000001,3749
889,2022-09-08,681747,3905.0,103.0,-0.0973500000000001,3250
890,2022-09-09,682109,4095.0,91.0,-0.0973500000000001,3103
891,2022-09-10,682461,4011.0,114.0,-0.0973500000000001,2861
892,2022-09-11,682864,3840.0,113.0,-0.0973500000000001,3890
893,2022-09-12,683290,4020.0,107.0,-0.0973500000000001,4758
894,2022-09-13,683785,4069.0,122.0,-0.0973500000000001,4601
895,2022-09-14,684261,3682.0,107.0,-0.0973500000000001,4453
896,2022-09-15,684720,3894.0,103.0,-0.0973500000000001,4200
897,2022-09-16,685119,3892.0,110.0,-0.0973500000000001,3729
898,2022-09-17,685519,3570.0,108.0,-0.0973500000000001,3188
899,2022-09-18,685962,3749.0,92.0,-0.0973500000000001,3943
900,2022-09-19,686593,3762.0,108.0,-0.0973500000000001,5702
901,2022-09-20,687257,4253.0,113.0,-0.0973500000000001,7200
902,2022-09-21,687978,4446.0,132.0,-0.0973500000000001,6940
903,2022-09-22,688699,4347.0,119.0,-0.0973500000000001,6294
904,2022-09-23,689263,4627.0,142.0,-0.0973500000000001,6006
905,2022-09-24,689904,4733.0,132.0,-0.0973500000000001,5309
906,2022-09-25,690738,4737.0,116.0,-0.0973500000000001,6737
907,2022-09-26,691603,5547.0,141.0,-0.0973500000000001,8042
908,2022-09-27,692418,5736.0,130.0,-0.0973500000000001,7644
909,2022-09-28,693397,5906.0,132.0,-0.0973500000000001,7806
910,2022-09-29,694342,6287.0,122.0,-0.0973500000000001,7352
911,2022-09-30,695058,6400.0,130.0,-0.0973500000000001,7099
912,2022-10-01,695933,6045.0,144.0,-0.11871750000000016,6564
913,2022-10-02,696842,6557.0,137.0,-0.11871750000000016,8623
914,2022-10-03,697949,7288.0,160.0,-0.11871750000000016,10881
915,2022-10-04,699094,7617.0,140.0,-0.11871750000000016,10246
916,2022-10-05,700023,7857.0,165.0,-0.11871750000000016,9544
917,2022-10-06,700971,8487.0,171.0,-0.11871750000000016,8819
918,2022-10-07,701714,8233.0,168.0,-0.11871750000000016,8333
919,2022-10-08,702393,8355.0,168.0,-0.11871750000000016,6581
920,2022-10-09,703381,8027.0,161.0,-0.11871750000000016,8014
921,2022-10-10,704429,8381.0,171.0,-0.11871750000000016,9835
922,2022-10-11,705393,8114.0,189.0,-0.11871750000000016,8781
923,2022-10-12,706324,7566.0,165.0,-0.11871750000000016,8124
924,2022-10-13,707320,8400.0,177.0,-0.11871750000000016,7563
925,2022-10-14,708098,8242.0,170.0,-0.11871750000000016,7343
926,2022-10-15,708796,8750.0,165.0,-0.11871750000000016,6005
927,2022-10-16,709751,7933.0,157.0,-0.11871750000000016,7257
928,2022-10-17,710684,9104.0,172.0,-0.11871750000000016,9301
929,2022-10-18,711544,8217.0,166.0,-0.11871750000000016,7666
930,2022-10-19,712438,8677.0,193.0,-0.11871750000000016,7042
931,2022-10-20,713256,8160.0,160.0,-0.11871750000000016,6075
932,2022-10-21,713945,8348.0,164.0,-0.11871750000000016,5759
933,2022-10-22,714559,7762.0,159.0,-0.11871750000000016,4527
934,2022-10-23,715285,8013.0,161.0,-0.11871750000000016,5011
935,2022-10-24,715993,8052.0,165.0,-0.11871750000000016,6147
936,2022-10-25,716697,7462.0,198.0,-0.11871750000000016,5181
937,2022-10-26,717336,7236.0,188.0,-0.11871750000000016,4924
938,2022-10-27,717969,7214.0,176.0,-0.11871750000000016,4372
939,2022-10-28,718436,7164.0,184.0,-0.11871750000000016,3916
940,2022-10-29,718847,6642.0,190.0,-0.11871750000000016,3227
941,2022-10-30,719387,6643.0,171.0,-0.11871750000000016,3827
942,2022-10-31,719918,6769.0,153.0,-0.11871750000000016,4633
943,2022-11-01,720474,6515.0,164.0,-0.1400850000000002,4091
944,2022-11-02,720970,5576.0,123.0,-0.1400850000000002,3599
945,2022-11-03,721439,5389.0,139.0,-0.1400850000000002,3261
946,2022-11-04,721784,5259.0,122.0,-0.1400850000000002,2760
947,2022-11-05,722097,5094.0,115.0,-0.1400850000000002,2374
948,2022-11-06,722508,5250.0,134.0,-0.1400850000000002,2917
949,2022-11-07,723013,4635.0,135.0,-0.1400850000000002,3879
950,2022-11-08,723454,4866.0,139.0,-0.1400850000000002,3380
951,2022-11-09,723901,4591.0,129.0,-0.1400850000000002,3185
952,2022-11-10,724366,4339.0,124.0,-0.1400850000000002,2806
953,2022-11-11,724720,4530.0,112.0,-0.1400850000000002,2562
954,2022-11-12,725025,4553.0,130.0,-0.1400850000000002,2172
955,2022-11-13,725431,4276.0,107.0,-0.1400850000000002,2647
956,2022-11-14,725860,4090.0,107.0,-0.1400850000000002,3494
957,2022-11-15,726292,4136.0,113.0,-0.1400850000000002,3160
958,2022-11-16,726778,3887.0,90.0,-0.1400850000000002,2933
959,2022-11-17,727218,4003.0,94.0,-0.1400850000000002,2703
960,2022-11-18,727608,3948.0,76.0,-0.1400850000000002,2501
961,2022-11-19,727936,3941.0,110.0,-0.1400850000000002,2207
962,2022-11-20,728286,3624.0,104.0,-0.1400850000000002,2613
963,2022-11-21,728709,3844.0,87.0,-0.1400850000000002,3549
964,2022-11-22,729192,3920.0,96.0,-0.1400850000000002,3451
965,2022-11-23,729638,4026.0,102.0,-0.1400850000000002,3240
966,2022-11-24,730079,3720.0,106.0,-0.1400850000000002,3007
967,2022-11-25,730409,3828.0,108.0,-0.1400850000000002,2638
968,2022-11-26,730785,3881.0,86.0,-0.1400850000000002,2304
969,2022-11-27,731252,3846.0,108.0,-0.1400850000000002,3152
970,2022-11-28,731809,3915.0,84.0,-0.1400850000000002,4237
971,2022-11-29,732310,3554.0,90.0,-0.1400850000000002,3972
972,2022-11-30,732753,3994.0,108.0,-0.1400850000000002,3608
973,2022-12-01,733210,3955.0,116.0,-0.16145250000000022,3214
974,2022-12-02,733567,3933.0,118.0,-0.16145250000000022,3275
975,2022-12-03,733970,3965.0,97.0,-0.16145250000000022,2481
976,2022-12-04,734450,4343.0,96.0,-0.16145250000000022,3409
977,2022-12-05,735039,4217.0,113.0,-0.16145250000000022,4850
978,2022-12-06,735660,4238.0,86.0,-0.16145250000000022,4761
979,2022-12-07,736238,4142.0,102.0,-0.16145250000000022,4640
980,2022-12-08,736848,4393.0,78.0,-0.16145250000000022,4092
981,2022-12-09,737348,4769.0,101.0,-0.16145250000000022,3824
982,2022-12-10,737785,5012.0,76.0,-0.16145250000000022,3286
983,2022-12-11,738491,5049.0,102.0,-0.16145250000000022,4223
984,2022-12-12,739253,4853.0,118.0,-0.16145250000000022,6356
985,2022-12-13,740022,5302.0,118.0,-0.16145250000000022,6483
986,2022-12-14,740752,5520.0,128.0,-0.16145250000000022,5962
987,2022-12-15,741592,5644.0,136.0,-0.16145250000000022,5549
988,2022-12-16,742274,5725.0,130.0,-0.16145250000000022,5525
989,2022-12-17,742903,5954.0,122.0,-0.16145250000000022,4273
990,2022-12-18,743850,6189.0,132.0,-0.16145250000000022,5212
991,2022-12-19,744887,6597.0,152.0,-0.16145250000000022,8240
992,2022-12-20,745951,7100.0,127.0,-0.16145250000000022,7836
993,2022-12-21,746920,6691.0,130.0,-0.16145250000000022,7042
994,2022-12-22,747881,7038.0,157.0,-0.16145250000000022,6241
995,2022-12-23,748609,7576.0,154.0,-0.16145250000000022,5225
996,2022-12-24,749174,7477.0,143.0,-0.16145250000000022,3777
997,2022-12-25,749801,7061.0,143.0,-0.16145250000000022,3382
998,2022-12-26,750573,7446.0,142.0,-0.16145250000000022,4499
999,2022-12-27,751461,7403.0,157.0,-0.16145250000000022,5977
1000,2022-12-28,752468,7664.0,183.0,-0.16145250000000022,7609
1001,2022-12-29,753444,8272.0,180.0,-0.16145250000000022,6953
1002,2022-12-30,754237,7777.0,189.0,-0.16145250000000022,5524
1003,2022-12-31,754820,7764.0,168.0,-0.16145250000000022,3891
1004,2023-01-01,755454,7669.0,171.0,-0.1828200000000002,3337
1005,2023-01-02,756233,7776.0,178.0,-0.1828200000000002,4636
1006,2023-01-03,757090,7427.0,159.0,-0.1828200000000002,5739
1007,2023-01-04,757830,7628.0,167.0,-0.1828200000000002,5009
1008,2023-01-05,758554,7634.0,135.0,-0.1828200000000002,4168
1009,2023-01-06,759166,7426.0,168.0,-0.1828200000000002,3412
1010,2023-01-07,759703,7130.0,145.0,-0.1828200000000002,2417
1011,2023-01-08,760355,6645.0,105.0,-0.1828200000000002,2501
1012,2023-01-09,760986,7000.0,151.0,-0.1828200000000002,3212
1013,2023-01-10,761562,6198.0,112.0,-0.1828200000000002,2802
1014,2023-01-11,762166,6162.0,131.0,-0.1828200000000002,2372
1015,2023-01-12,762716,6328.0,122.0,-0.1828200000000002,2204
1016,2023-01-13,763114,5924.0,111.0,-0.1828200000000002,1904
1017,2023-01-14,763458,5683.0,111.0,-0.1828200000000002,1327
1018,2023-01-15,763943,5566.0,83.0,-0.1828200000000002,1673
1019,2023-01-16,764441,5493.0,92.0,-0.1828200000000002,2307
1020,2023-01-17,764937,5310.0,105.0,-0.1828200000000002,1987
1021,2023-01-18,765420,5304.0,103.0,-0.1828200000000002,1901
1022,2023-01-19,765939,4736.0,102.0,-0.1828200000000002,1808
1023,2023-01-20,766320,4870.0,98.0,-0.1828200000000002,1699
1024,2023-01-21,766726,4736.0,95.0,-0.1828200000000002,1400
1025,2023-01-22,767244,4965.0,111.0,-0.1828200000000002,1747
1026,2023-01-23,767742,4556.0,110.0,-0.1828200000000002,2382
1027,2023-01-24,768287,4472.0,107.0,-0.1828200000000002,2550
1028,2023-01-25,768845,4675.0,98.0,-0.1828200000000002,2422
1029,2023-01-26,769379,4945.0,97.0,-0.1828200000000002,2338
1030,2023-01-27,769849,4590.0,82.0,-0.1828200000000002,2270
1031,2023-01-28,770295,5054.0,112.0,-0.1828200000000002,1802
1032,2023-01-29,770905,4745.0,113.0,-0.1828200000000002,2249
1033,2023-01-30,771549,4586.0,104.0,-0.1828200000000002,3270
1034,2023-01-31,772191,4979.0,109.0,-0.1828200000000002,3280
1035,2023-02-01,772864,4612.0,109.0,-0.20418750000000024,3214
1036,2023-02-02,773480,5091.0,124.0,-0.20418750000000024,2956
1037,2023-02-03,773947,4979.0,98.0,-0.20418750000000024,2751
1038,2023-02-04,774507,5078.0,105.0,-0.20418750000000024,2223
1039,2023-02-05,775148,5073.0,119.0,-0.20418750000000024,2616
1040,2023-02-06,775832,5346.0,90.0,-0.20418750000000024,3621
1041,2023-02-07,776491,5086.0,99.0,-0.20418750000000024,3395
1042,2023-02-08,777140,5227.0,103.0,-0.20418750000000024,3335
1043,2023-02-09,777837,4489.0,99.0,-0.20418750000000024,3043
1044,2023-02-10,778371,5262.0,113.0,-0.20418750000000024,3051
1045,2023-02-11,778990,5259.0,100.0,-0.20418750000000024,2396
1046,2023-02-12,779721,5552.0,108.0,-0.20418750000000024,2920
1047,2023-02-13,780506,5668.0,115.0,-0.20418750000000024,4548
1048,2023-02-14,781241,5560.0,122.0,-0.20418750000000024,4356
1049,2023-02-15,782059,5455.0,114.0,-0.20418750000000024,3894
1050,2023-02-16,782816,6018.0,111.0,-0.20418750000000024,4005
1051,2023-02-17,783443,5998.0,119.0,-0.20418750000000024,3780
1052,2023-02-18,784084,6129.0,124.0,-0.20418750000000024,2907
1053,2023-02-19,784880,6325.0,130.0,-0.20418750000000024,3435
1054,2023-02-20,785748,6247.0,129.0,-0.20418750000000024,4552
1055,2023-02-21,786558,6375.0,119.0,-0.20418750000000024,4326
1056,2023-02-22,787291,6694.0,145.0,-0.20418750000000024,3855
1057,2023-02-23,787970,6525.0,127.0,-0.20418750000000024,3475
1058,2023-02-24,788556,6279.0,133.0,-0.20418750000000024,3112
1059,2023-02-25,789180,6338.0,137.0,-0.20418750000000024,2529
1060,2023-02-26,789946,6145.0,136.0,-0.20418750000000024,2901
1061,2023-02-27,790716,6183.0,139.0,-0.20418750000000024,4319
1062,2023-02-28,791472,6460.0,145.0,-0.20418750000000024,4147
1063,2023-03-01,792286,6155.0,145.0,-0.22555500000000023,3973
1064,2023-03-02,793041,6061.0,93.0,-0.22555500000000023,3565
1065,2023-03-03,793665,6255.0,139.0,-0.22555500000000023,3421
1066,2023-03-04,794317,5507.0,125.0,-0.22555500000000023,2572
1067,2023-03-05,795023,6106.0,125.0,-0.22555500000000023,3155
1068,2023-03-06,795870,5882.0,132.0,-0.22555500000000023,4577
1069,2023-03-07,796705,5982.0,148.0,-0.22555500000000023,4455
1070,2023-03-08,797599,5991.0,144.0,-0.22555500000000023,4318
1071,2023-03-09,798422,6338.0,122.0,-0.22555500000000023,3961
1072,2023-03-10,799037,7014.0,139.0,-0.22555500000000023,3592
1073,2023-03-11,799734,6121.0,134.0,-0.22555500000000023,3084
1074,2023-03-12,800591,6573.0,146.0,-0.22555500000000023,4026
1075,2023-03-13,801535,6878.0,154.0,-0.22555500000000023,5289
1076,2023-03-14,802403,6613.0,139.0,-0.22555500000000023,5072
1077,2023-03-15,803181,6862.0,127.0,-0.22555500000000023,4371
1078,2023-03-16,804062,7120.0,129.0,-0.22555500000000023,4351
1079,2023-03-17,804724,6900.0,130.0,-0.22555500000000023,3718
1080,2023-03-18,805421,6870.0,134.0,-0.22555500000000023,3105
1081,2023-03-19,806242,6672.0,125.0,-0.22555500000000023,3683
1082,2023-03-20,807078,6880.0,136.0,-0.22555500000000023,4730
1083,2023-03-21,807890,6821.0,144.0,-0.22555500000000023,4747
1084,2023-03-22,808705,6833.0,135.0,-0.22555500000000023,4323
1085,2023-03-23,809508,7205.0,118.0,-0.22555500000000023,3969
1086,2023-03-24,810151,6719.0,132.0,-0.22555500000000023,3744
1087,2023-03-25,810705,7014.0,155.0,-0.22555500000000023,2748
1088,2023-03-26,811327,6894.0,155.0,-0.22555500000000023,3156
1089,2023-03-27,811986,6533.0,144.0,-0.22555500000000023,3924
1090,2023-03-28,812732,6500.0,144.0,-0.22555500000000023,3597
1091,2023-03-29,813560,6633.0,135.0,-0.22555500000000023,3438
1092,2023-03-30,814233,6437.0,129.0,-0.22555500000000023,3050
1093,2023-03-31,814841,6768.0,143.0,-0.22555500000000023,2509
1094,2023-04-01,815449,6003.0,120.0,-0.2469225000000002,2083
1095,2023-04-02,816094,5887.0,114.0,-0.2469225000000002,2249
1096,2023-04-03,816693,5946.0,118.0,-0.2469225000000002,2457
1097,2023-04-04,817334,5755.0,116.0,-0.2469225000000002,2185
1098,2023-04-05,817997,5446.0,130.0,-0.2469225000000002,2237
1099,2023-04-06,818536,5372.0,96.0,-0.2469225000000002,1966
1100,2023-04-07,818941,5335.0,107.0,-0.2469225000000002,1599
1101,2023-04-08,819355,5194.0,102.0,-0.2469225000000002,1531
1102,2023-04-09,819798,4836.0,115.0,-0.2469225000000002,1643
1103,2023-04-10,820438,5933.0,81.0,-0.2469225000000002,2133
1104,2023-04-11,821026,5571.0,111.0,-0.2469225000000002,2281
1105,2023-04-12,821526,4887.0,112.0,-0.2469225000000002,2055
1106,2023-04-13,822017,4990.0,114.0,-0.2469225000000002,1880
1107,2023-04-14,822404,4796.0,124.0,-0.2469225000000002,1553
1108,2023-04-15,822824,4347.0,105.0,-0.2469225000000002,1271
1109,2023-04-16,823269,4674.0,126.0,-0.2469225000000002,1788
1110,2023-04-17,823793,4823.0,112.0,-0.2469225000000002,2059
1111,2023-04-18,824239,4331.0,99.0,-0.2469225000000002,1803
1112,2023-04-19,824706,4560.0,88.0,-0.2469225000000002,1704
1113,2023-04-20,825113,3845.0,86.0,-0.2469225000000002,1488
1114,2023-04-21,825444,4091.0,92.0,-0.2469225000000002,1343
1115,2023-04-22,825767,3911.0,97.0,-0.2469225000000002,1191
1116,2023-04-23,826189,4000.0,102.0,-0.2469225000000002,1432
1117,2023-04-24,826613,3840.0,78.0,-0.2469225000000002,1706
1118,2023-04-25,827028,3796.0,80.0,-0.2469225000000002,1604
1119,2023-04-26,827482,3629.0,82.0,-0.2469225000000002,1569
1120,2023-04-27,827949,3491.0,74.0,-0.2469225000000002,1514
1121,2023-04-28,828282,3756.0,78.0,-0.2469225000000002,1369
1122,2023-04-29,828611,3641.0,69.0,-0.2469225000000002,1211
1123,2023-04-30,828966,3728.0,80.0,-0.2469225000000002,1240
1124,2023-05-01,829354,3637.0,91.0,-0.2682900000000003,1651
1125,2023-05-02,829764,3586.0,96.0,-0.2682900000000003,1777
1126,2023-05-03,830127,3662.0,86.0,-0.2682900000000003,1526
1127,2023-05-04,830488,3543.0,91.0,-0.2682900000000003,1479
1128,2023-05-05,830832,3522.0,85.0,-0.2682900000000003,1198
1129,2023-05-06,831143,3372.0,84.0,-0.2682900000000003,934
1130,2023-05-07,831449,3560.0,87.0,-0.2682900000000003,1108
1131,2023-05-08,831810,3379.0,81.0,-0.2682900000000003,1328
1132,2023-05-09,832172,3520.0,78.0,-0.2682900000000003,1447
1133,2023-05-10,832544,3519.0,89.0,-0.2682900000000003,1267
1134,2023-05-11,832850,3358.0,74.0,-0.2682900000000003,1196
1135,2023-05-12,833099,3450.0,80.0,-0.2682900000000003,948
1136,2023-05-13,833328,3090.0,84.0,-0.2682900000000003,782
1137,2023-05-14,833605,3124.0,75.0,-0.2682900000000003,1030
1138,2023-05-15,833917,3003.0,71.0,-0.2682900000000003,1138
1139,2023-05-16,834251,2671.0,90.0,-0.2682900000000003,1069
1140,2023-05-17,834530,3064.0,67.0,-0.2682900000000003,991
1141,2023-05-18,834817,2931.0,72.0,-0.2682900000000003,974
1142,2023-05-19,835009,2738.0,61.0,-0.2682900000000003,882
1143,2023-05-20,835185,2724.0,78.0,-0.2682900000000003,717
1144,2023-05-21,835429,2672.0,47.0,-0.2682900000000003,881
1145,2023-05-22,835720,2534.0,63.0,-0.2682900000000003,1095
1146,2023-05-23,836017,2472.0,61.0,-0.2682900000000003,1041
1147,2023-05-24,836288,2334.0,50.0,-0.2682900000000003,921
1148,2023-05-25,836558,2420.0,46.0,-0.2682900000000003,821
1149,2023-05-26,836755,2329.0,48.0,-0.2682900000000003,708
1150,2023-05-27,836939,2330.0,63.0,-0.2682900000000003,567
1151,2023-05-28,837161,2170.0,58.0,-0.2682900000000003,595
1152,2023-05-29,837410,2312.0,57.0,-0.2682900000000003,746
1153,2023-05-30,837685,2301.0,53.0,-0.2682900000000003,780
1154,2023-05-31,837909,2404.0,47.0,-0.2682900000000003,813
