Date,MV Beds Occupied,Hospital Cases,New Admissions,New COVID-19 Cases,New COVID-19 Deaths,New Vaccinations
2020-04-02,1494.0,12135.0,2932.0,4097.0,892.0,0.0
2020-04-03,1788.0,13635.0,2564.0,4102.0,927.0,0.0
2020-04-04,1950.0,15469.0,2593.0,3405.0,1023.0,0.0
2020-04-05,2097.0,16657.0,2592.0,3094.0,1063.0,0.0
2020-04-06,2264.0,17154.0,2679.0,4407.0,1025.0,0.0
2020-04-07,2472.0,17814.0,2744.0,4605.0,1145.0,0.0
2020-04-08,2561.0,18152.0,2619.0,4315.0,1286.0,0.0
2020-04-09,2546.0,18423.0,2340.0,4076.0,1177.0,0.0
2020-04-10,2820.0,18669.0,2196.0,3590.0,1163.0,0.0
2020-04-11,2865.0,18604.0,1955.0,3085.0,1203.0,0.0
2020-04-12,2881.0,18974.0,1791.0,2958.0,1208.0,0.0
2020-04-13,2872.0,18621.0,1912.0,3463.0,1076.0,0.0
2020-04-14,2849.0,18552.0,1859.0,3568.0,1080.0,0.0
2020-04-15,2847.0,17934.0,1608.0,4240.0,1100.0,0.0
2020-04-16,2838.0,17783.0,1777.0,4360.0,1147.0,0.0
2020-04-17,2780.0,16728.0,1674.0,4088.0,1107.0,0.0
2020-04-18,2868.0,16850.0,1411.0,4142.0,1030.0,0.0
2020-04-19,2820.0,16928.0,1475.0,3494.0,967.0,0.0
2020-04-20,2780.0,16654.0,1522.0,3698.0,992.0,0.0
2020-04-21,2701.0,16517.0,1495.0,3996.0,916.0,0.0
2020-04-22,2646.0,16018.0,1310.0,4812.0,939.0,0.0
2020-04-23,2563.0,15402.0,1289.0,4574.0,893.0,0.0
2020-04-24,2414.0,14642.0,1277.0,4352.0,874.0,0.0
2020-04-25,2405.0,14202.0,1080.0,3381.0,771.0,0.0
2020-04-26,2309.0,14174.0,1208.0,3137.0,763.0,0.0
2020-04-27,2194.0,14255.0,1344.0,4056.0,724.0,0.0
2020-04-28,2093.0,13565.0,1296.0,4113.0,701.0,0.0
2020-04-29,2045.0,13224.0,1295.0,4737.0,699.0,0.0
2020-04-30,1991.0,12922.0,1227.0,4314.0,660.0,0.0
2020-05-01,1954.0,12623.0,1081.0,4109.0,661.0,0.0
2020-05-02,1844.0,12314.0,980.0,2762.0,590.0,0.0
2020-05-03,1795.0,12119.0,1044.0,2648.0,556.0,0.0
2020-05-04,1724.0,12020.0,1063.0,2851.0,562.0,0.0
2020-05-05,1662.0,11754.0,959.0,3148.0,537.0,0.0
2020-05-06,1610.0,11227.0,1040.0,3264.0,524.0,0.0
2020-05-07,1493.0,10726.0,998.0,3205.0,535.0,0.0
2020-05-08,1446.0,10249.0,743.0,2622.0,482.0,0.0
2020-05-09,1398.0,10176.0,798.0,1797.0,463.0,0.0
2020-05-10,1362.0,9893.0,756.0,2013.0,423.0,0.0
2020-05-11,1316.0,10109.0,866.0,3088.0,355.0,0.0
2020-05-12,1247.0,9791.0,844.0,2940.0,380.0,0.0
2020-05-13,1198.0,9602.0,804.0,2899.0,373.0,0.0
2020-05-14,1162.0,9231.0,763.0,2222.0,373.0,0.0
2020-05-15,1200.0,9079.0,738.0,2145.0,359.0,0.0
2020-05-16,1101.0,8643.0,671.0,1781.0,351.0,0.0
2020-05-17,1064.0,8611.0,673.0,1593.0,316.0,0.0
2020-05-18,1010.0,8668.0,733.0,2226.0,344.0,0.0
2020-05-19,976.0,8518.0,752.0,2602.0,316.0,0.0
2020-05-20,921.0,8115.0,732.0,2359.0,303.0,0.0
2020-05-21,894.0,7903.0,715.0,2277.0,286.0,0.0
2020-05-22,852.0,7761.0,638.0,1798.0,256.0,0.0
2020-05-23,815.0,7428.0,504.0,1309.0,255.0,0.0
2020-05-24,786.0,7415.0,497.0,1206.0,234.0,0.0
2020-05-25,771.0,7448.0,498.0,1389.0,240.0,0.0
2020-05-26,756.0,7305.0,578.0,1461.0,260.0,0.0
2020-05-27,696.0,6836.0,589.0,1616.0,233.0,0.0
2020-05-28,663.0,6528.0,570.0,1575.0,241.0,0.0
2020-05-29,630.0,6250.0,499.0,1374.0,216.0,0.0
2020-05-30,628.0,5972.0,466.0,1010.0,188.0,0.0
2020-05-31,606.0,5933.0,446.0,984.0,175.0,0.0
2020-06-01,584.0,5954.0,522.0,1319.0,179.0,0.0
2020-06-02,553.0,5827.0,553.0,1365.0,204.0,0.0
2020-06-03,523.0,5600.0,491.0,1251.0,179.0,0.0
2020-06-04,494.0,5398.0,458.0,1147.0,163.0,0.0
2020-06-05,481.0,5213.0,380.0,1020.0,160.0,0.0
2020-06-06,473.0,5004.0,306.0,723.0,129.0,0.0
2020-06-07,448.0,4820.0,323.0,668.0,137.0,0.0
2020-06-08,443.0,4830.0,348.0,990.0,142.0,0.0
2020-06-09,427.0,4665.0,397.0,1066.0,127.0,0.0
2020-06-10,384.0,4447.0,402.0,1086.0,142.0,0.0
2020-06-11,334.0,4179.0,330.0,915.0,108.0,0.0
2020-06-12,336.0,4136.0,298.0,938.0,122.0,0.0
2020-06-13,339.0,4000.0,265.0,785.0,85.0,0.0
2020-06-14,343.0,3973.0,306.0,752.0,119.0,0.0
2020-06-15,327.0,3920.0,365.0,944.0,92.0,0.0
2020-06-16,327.0,3934.0,354.0,996.0,103.0,0.0
2020-06-17,300.0,3826.0,334.0,914.0,91.0,0.0
2020-06-18,299.0,3681.0,312.0,938.0,79.0,0.0
2020-06-19,283.0,3575.0,253.0,818.0,76.0,0.0
2020-06-20,297.0,3423.0,184.0,626.0,76.0,0.0
2020-06-21,265.0,3373.0,215.0,550.0,67.0,0.0
2020-06-22,296.0,3417.0,318.0,821.0,74.0,0.0
2020-06-23,266.0,3288.0,275.0,727.0,89.0,0.0
2020-06-24,264.0,3223.0,262.0,732.0,93.0,0.0
2020-06-25,236.0,3066.0,256.0,643.0,97.0,0.0
2020-06-26,226.0,2859.0,248.0,640.0,70.0,0.0
2020-06-27,233.0,2819.0,209.0,506.0,61.0,0.0
2020-06-28,236.0,2818.0,155.0,413.0,62.0,0.0
2020-06-29,228.0,3024.0,172.0,666.0,63.0,0.0
2020-06-30,238.0,2665.0,189.0,578.0,71.0,0.0
2020-07-01,220.0,2509.0,201.0,607.0,44.0,0.0
2020-07-02,211.0,2410.0,149.0,561.0,55.0,0.0
2020-07-03,202.0,2294.0,146.0,536.0,45.0,0.0
2020-07-04,186.0,2152.0,120.0,385.0,46.0,0.0
2020-07-05,190.0,2100.0,131.0,544.0,44.0,0.0
2020-07-06,188.0,2099.0,150.0,664.0,48.0,0.0
2020-07-07,178.0,2010.0,148.0,565.0,41.0,0.0
2020-07-08,164.0,1888.0,141.0,682.0,44.0,0.0
2020-07-09,167.0,1801.0,136.0,688.0,56.0,0.0
2020-07-10,162.0,1746.0,104.0,524.0,42.0,0.0
2020-07-11,152.0,1640.0,97.0,432.0,33.0,0.0
2020-07-12,139.0,1611.0,72.0,351.0,29.0,0.0
2020-07-13,138.0,1612.0,137.0,694.0,42.0,0.0
2020-07-14,123.0,1506.0,122.0,661.0,38.0,0.0
2020-07-15,136.0,1489.0,116.0,726.0,39.0,0.0
2020-07-16,118.0,1348.0,114.0,644.0,18.0,0.0
2020-07-17,122.0,1346.0,83.0,548.0,31.0,0.0
2020-07-18,118.0,1321.0,48.0,473.0,28.0,0.0
2020-07-19,119.0,1301.0,72.0,419.0,22.0,0.0
2020-07-20,112.0,1278.0,86.0,769.0,29.0,0.0
2020-07-21,106.0,1188.0,79.0,697.0,30.0,0.0
2020-07-22,97.0,1305.0,82.0,764.0,34.0,0.0
2020-07-23,101.0,1095.0,109.0,741.0,33.0,0.0
2020-07-24,92.0,1018.0,93.0,720.0,17.0,0.0
2020-07-25,82.0,977.0,65.0,499.0,20.0,0.0
2020-07-26,81.0,965.0,64.0,518.0,28.0,0.0
2020-07-27,83.0,945.0,82.0,824.0,16.0,0.0
2020-07-28,78.0,944.0,69.0,796.0,20.0,0.0
2020-07-29,72.0,927.0,63.0,994.0,21.0,0.0
2020-07-30,70.0,898.0,75.0,879.0,14.0,0.0
2020-07-31,71.0,870.0,55.0,644.0,26.0,0.0
2020-08-01,74.0,879.0,50.0,508.0,16.0,0.0
2020-08-02,72.0,847.0,57.0,518.0,15.0,0.0
2020-08-03,67.0,842.0,74.0,963.0,19.0,0.0
2020-08-04,65.0,807.0,58.0,965.0,20.0,0.0
2020-08-05,63.0,805.0,60.0,973.0,7.0,0.0
2020-08-06,61.0,756.0,52.0,1005.0,17.0,0.0
2020-08-07,57.0,711.0,60.0,892.0,19.0,0.0
2020-08-08,55.0,650.0,78.0,648.0,18.0,0.0
2020-08-09,56.0,611.0,53.0,569.0,18.0,0.0
2020-08-10,60.0,714.0,50.0,1375.0,23.0,0.0
2020-08-11,63.0,672.0,63.0,1247.0,20.0,0.0
2020-08-12,68.0,642.0,51.0,1126.0,20.0,0.0
2020-08-13,64.0,652.0,60.0,1036.0,18.0,0.0
2020-08-14,63.0,642.0,55.0,1059.0,15.0,0.0
2020-08-15,68.0,630.0,38.0,656.0,21.0,0.0
2020-08-16,69.0,634.0,39.0,534.0,12.0,0.0
2020-08-17,67.0,626.0,46.0,1159.0,19.0,0.0
2020-08-18,64.0,597.0,56.0,955.0,11.0,0.0
2020-08-19,63.0,571.0,58.0,1109.0,10.0,0.0
2020-08-20,64.0,551.0,45.0,1254.0,16.0,0.0
2020-08-21,64.0,528.0,49.0,1031.0,9.0,0.0
2020-08-22,66.0,594.0,25.0,732.0,11.0,0.0
2020-08-23,65.0,522.0,44.0,704.0,16.0,0.0
2020-08-24,62.0,522.0,41.0,1156.0,8.0,0.0
2020-08-25,62.0,500.0,60.0,1085.0,19.0,0.0
2020-08-26,55.0,485.0,52.0,1181.0,15.0,0.0
2020-08-27,62.0,492.0,69.0,1356.0,11.0,0.0
2020-08-28,52.0,469.0,44.0,1395.0,11.0,0.0
2020-08-29,56.0,478.0,52.0,1051.0,8.0,0.0
2020-08-30,52.0,479.0,38.0,987.0,8.0,0.0
2020-08-31,54.0,495.0,52.0,1279.0,16.0,0.0
2020-09-01,59.0,496.0,58.0,1962.0,9.0,0.0
2020-09-02,59.0,451.0,79.0,2696.0,13.0,0.0
2020-09-03,58.0,468.0,69.0,2716.0,6.0,0.0
2020-09-04,54.0,474.0,67.0,2637.0,14.0,0.0
2020-09-05,50.0,471.0,94.0,2200.0,12.0,0.0
2020-09-06,52.0,483.0,85.0,2079.0,13.0,0.0
2020-09-07,62.0,555.0,84.0,3530.0,20.0,0.0
2020-09-08,64.0,535.0,99.0,3071.0,15.0,0.0
2020-09-09,64.0,557.0,136.0,2893.0,10.0,0.0
2020-09-10,62.0,572.0,143.0,3143.0,15.0,0.0
2020-09-11,129.0,622.0,135.0,2893.0,15.0,0.0
2020-09-12,70.0,663.0,143.0,2224.0,21.0,0.0
2020-09-13,74.0,691.0,153.0,1722.0,18.0,0.0
2020-09-14,88.0,812.0,172.0,2941.0,17.0,0.0
2020-09-15,101.0,891.0,194.0,3057.0,22.0,0.0
2020-09-16,107.0,929.0,183.0,3778.0,25.0,0.0
2020-09-17,108.0,984.0,199.0,3979.0,34.0,0.0
2020-09-18,115.0,1020.0,205.0,4290.0,25.0,0.0
2020-09-19,123.0,1081.0,204.0,4215.0,22.0,0.0
2020-09-20,142.0,1174.0,237.0,4652.0,34.0,0.0
2020-09-21,154.0,1299.0,275.0,4727.0,26.0,0.0
2020-09-22,179.0,1378.0,268.0,5400.0,32.0,0.0
2020-09-23,192.0,1439.0,314.0,5933.0,52.0,0.0
2020-09-24,209.0,1546.0,288.0,6361.0,33.0,0.0
2020-09-25,227.0,1686.0,274.0,6105.0,35.0,0.0
2020-09-26,223.0,1689.0,245.0,5704.0,43.0,0.0
2020-09-27,233.0,1793.0,241.0,6084.0,49.0,0.0
2020-09-28,245.0,1955.0,308.0,8641.0,47.0,0.0
2020-09-29,259.0,1954.0,310.0,8832.0,42.0,0.0
2020-09-30,282.0,2036.0,328.0,10663.0,53.0,0.0
2020-10-01,285.0,2069.0,368.0,11444.0,56.0,0.0
2020-10-02,311.0,2180.0,371.0,11719.0,69.0,0.0
2020-10-03,307.0,2290.0,386.0,9820.0,56.0,0.0
2020-10-04,310.0,2435.0,478.0,9966.0,55.0,0.0
2020-10-05,331.0,2705.0,472.0,14218.0,54.0,0.0
2020-10-06,349.0,2903.0,524.0,14458.0,69.0,0.0
2020-10-07,376.0,3066.0,491.0,15418.0,88.0,0.0
2020-10-08,368.0,3179.0,513.0,15452.0,80.0,0.0
2020-10-09,367.0,3238.0,544.0,13159.0,82.0,0.0
2020-10-10,396.0,3369.0,515.0,10301.0,87.0,0.0
2020-10-11,401.0,3604.0,628.0,9781.0,106.0,0.0
2020-10-12,426.0,3827.0,664.0,16420.0,94.0,0.0
2020-10-13,441.0,4105.0,764.0,15660.0,94.0,0.0
2020-10-14,468.0,4313.0,706.0,16646.0,104.0,0.0
2020-10-15,482.0,4569.0,792.0,15428.0,124.0,0.0
2020-10-16,482.0,4854.0,632.0,14761.0,125.0,0.0
2020-10-17,495.0,5029.0,785.0,12487.0,168.0,0.0
2020-10-18,504.0,5202.0,870.0,11982.0,124.0,0.0
2020-10-19,529.0,5644.0,861.0,22369.0,155.0,0.0
2020-10-20,560.0,6072.0,925.0,21638.0,177.0,0.0
2020-10-21,572.0,6271.0,997.0,21762.0,196.0,0.0
2020-10-22,564.0,6345.0,987.0,19866.0,186.0,0.0
2020-10-23,602.0,6842.0,997.0,18359.0,183.0,0.0
2020-10-24,632.0,7176.0,990.0,13713.0,174.0,0.0
2020-10-25,663.0,7612.0,1186.0,13353.0,207.0,0.0
2020-10-26,682.0,7856.0,1279.0,23033.0,218.0,0.0
2020-10-27,743.0,8595.0,1190.0,20762.0,226.0,0.0
2020-10-28,788.0,9070.0,1239.0,20547.0,228.0,0.0
2020-10-29,803.0,9127.0,1345.0,20257.0,253.0,0.0
2020-10-30,801.0,9295.0,1109.0,19899.0,284.0,0.0
2020-10-31,816.0,9782.0,1240.0,14565.0,277.0,0.0
2020-11-01,804.0,9623.0,1280.0,13611.0,283.0,0.0
2020-11-02,883.0,10397.0,1331.0,28394.0,279.0,0.0
2020-11-03,954.0,10971.0,1246.0,22690.0,304.0,0.0
2020-11-04,997.0,11037.0,1382.0,21053.0,283.0,0.0
2020-11-05,986.0,10994.0,1346.0,21206.0,300.0,0.0
2020-11-06,984.0,11181.0,1182.0,21179.0,339.0,0.0
2020-11-07,1003.0,11514.0,1319.0,16888.0,348.0,0.0
2020-11-08,1017.0,11680.0,1488.0,18272.0,347.0,0.0
2020-11-09,1048.0,12259.0,1551.0,28560.0,404.0,0.0
2020-11-10,1010.0,12033.0,1592.0,24836.0,329.0,0.0
2020-11-11,1081.0,12730.0,1711.0,25065.0,317.0,0.0
2020-11-12,1088.0,12967.0,1666.0,22320.0,357.0,0.0
2020-11-13,1158.0,13328.0,1433.0,22008.0,352.0,0.0
2020-11-14,1162.0,13399.0,1388.0,16290.0,367.0,0.0
2020-11-15,1194.0,13886.0,1467.0,14422.0,375.0,0.0
2020-11-16,1198.0,14313.0,1560.0,24136.0,362.0,0.0
2020-11-17,1228.0,14411.0,1491.0,20677.0,378.0,0.0
2020-11-18,1242.0,14490.0,1571.0,18545.0,444.0,0.0
2020-11-19,1241.0,14479.0,1484.0,15797.0,407.0,0.0
2020-11-20,1241.0,14236.0,1316.0,14960.0,407.0,0.0
2020-11-21,1248.0,14118.0,1255.0,10806.0,413.0,0.0
2020-11-22,1259.0,14354.0,1333.0,10216.0,420.0,0.0
2020-11-23,1299.0,14712.0,1385.0,16472.0,429.0,0.0
2020-11-24,1306.0,14506.0,1277.0,14266.0,423.0,0.0
2020-11-25,1300.0,14240.0,1415.0,14155.0,436.0,0.0
2020-11-26,1264.0,13908.0,1198.0,12459.0,380.0,0.0
2020-11-27,1242.0,13754.0,1055.0,12459.0,387.0,0.0
2020-11-28,1204.0,13208.0,1065.0,9347.0,389.0,0.0
2020-11-29,1214.0,13521.0,1215.0,9068.0,423.0,0.0
2020-11-30,1185.0,13756.0,1216.0,15228.0,385.0,0.0
2020-12-01,1182.0,13507.0,1271.0,13731.0,359.0,0.0
2020-12-02,1149.0,13212.0,1262.0,13662.0,348.0,0.0
2020-12-03,1094.0,12896.0,1337.0,12762.0,410.0,0.0
2020-12-04,1113.0,12987.0,1248.0,13065.0,420.0,0.0
2020-12-05,1086.0,12968.0,1186.0,10302.0,345.0,0.0
2020-12-06,1087.0,13189.0,1311.0,11036.0,363.0,0.0
2020-12-07,1109.0,13616.0,1466.0,17662.0,379.0,0.0
2020-12-08,1118.0,13629.0,1528.0,16937.0,398.0,0.0
2020-12-09,1094.0,13467.0,1550.0,17744.0,381.0,0.0
2020-12-10,1110.0,13796.0,1524.0,18850.0,407.0,0.0
2020-12-11,1117.0,13901.0,1450.0,20177.0,424.0,0.0
2020-12-12,1087.0,13927.0,1587.0,16268.0,411.0,0.0
2020-12-13,1123.0,14460.0,1581.0,18409.0,410.0,0.0
2020-12-14,1127.0,15053.0,1746.0,30019.0,422.0,0.0
2020-12-15,1159.0,15031.0,1730.0,29652.0,408.0,0.0
2020-12-16,1163.0,15465.0,1796.0,30650.0,386.0,0.0
2020-12-17,1188.0,15741.0,1873.0,30159.0,463.0,0.0
2020-12-18,1190.0,15866.0,1672.0,32426.0,478.0,0.0
2020-12-19,1239.0,16183.0,1812.0,22195.0,457.0,0.0
2020-12-20,1267.0,16633.0,1976.0,29556.0,455.0,0.0
2020-12-21,1327.0,17709.0,2115.0,43446.0,506.0,0.0
2020-12-22,1339.0,18063.0,2203.0,41741.0,539.0,0.0
2020-12-23,1374.0,17834.0,1980.0,38383.0,519.0,0.0
2020-12-24,1427.0,18227.0,1795.0,29287.0,503.0,0.0
2020-12-25,1437.0,17701.0,1952.0,12926.0,558.0,0.0
2020-12-26,1498.0,18350.0,2298.0,37462.0,593.0,0.0
2020-12-27,1556.0,19277.0,2572.0,43250.0,612.0,0.0
2020-12-28,1641.0,20426.0,2795.0,40845.0,615.0,0.0
2020-12-29,1728.0,21787.0,2886.0,74058.0,614.0,0.0
2020-12-30,1854.0,22713.0,2861.0,64243.0,655.0,0.0
2020-12-31,1899.0,22728.0,2536.0,47824.0,701.0,0.0
2021-01-01,1940.0,22534.0,3010.0,28879.0,689.0,0.0
2021-01-02,2017.0,23557.0,3145.0,55428.0,726.0,0.0
2021-01-03,2181.0,24957.0,3351.0,50664.0,684.0,0.0
2021-01-04,2310.0,26626.0,3587.0,70920.0,790.0,0.0
2021-01-05,2378.0,26467.0,3697.0,59600.0,856.0,0.0
2021-01-06,2550.0,27727.0,3967.0,52752.0,882.0,0.0
2021-01-07,2654.0,28246.0,3849.0,48132.0,918.0,0.0
2021-01-08,2814.0,29346.0,3549.0,43494.0,922.0,0.0
2021-01-09,2860.0,29462.0,3718.0,36419.0,976.0,0.0
2021-01-10,2963.0,30758.0,3571.0,33749.0,1030.0,0.0
2021-01-11,3055.0,32070.0,3894.0,53519.0,1076.0,140441.0
2021-01-12,3175.0,32202.0,4134.0,45968.0,1173.0,187645.0
2021-01-13,3307.0,32689.0,3840.0,42303.0,1161.0,248177.0
2021-01-14,3351.0,32925.0,3678.0,39658.0,1167.0,279647.0
2021-01-15,3464.0,33362.0,3295.0,37879.0,1162.0,324711.0
2021-01-16,3525.0,32923.0,3569.0,28413.0,1241.0,277209.0
2021-01-17,3533.0,33352.0,3424.0,26976.0,1229.0,155848.0
2021-01-18,3570.0,34336.0,3711.0,41935.0,1242.0,170900.0
2021-01-19,3603.0,34015.0,3768.0,37055.0,1328.0,301362.0
2021-01-20,3603.0,33886.0,3679.0,32679.0,1237.0,320874.0
2021-01-21,3607.0,33235.0,3237.0,29633.0,1204.0,359897.0
2021-01-22,3727.0,33412.0,3016.0,27741.0,1189.0,425596.0
2021-01-23,3731.0,32614.0,2780.0,20425.0,1148.0,444104.0
2021-01-24,3736.0,32907.0,2824.0,15883.0,1086.0,199202.0
2021-01-25,3694.0,32938.0,2648.0,27972.0,1150.0,236177.0
2021-01-26,3634.0,32337.0,2799.0,25210.0,1046.0,260307.0
2021-01-27,3602.0,30846.0,2742.0,23899.0,1108.0,252992.0
2021-01-28,3585.0,30333.0,2719.0,22523.0,1110.0,344464.0
2021-01-29,3506.0,29359.0,2379.0,20363.0,1008.0,437886.0
2021-01-30,3486.0,28571.0,2193.0,15524.0,924.0,549943.0
2021-01-31,3366.0,28112.0,2183.0,14138.0,899.0,292116.0
2021-02-01,3414.0,28539.0,2347.0,20765.0,893.0,282109.0
2021-02-02,3324.0,27397.0,2222.0,18193.0,854.0,301559.0
2021-02-03,3328.0,26374.0,2096.0,17948.0,872.0,381076.0
2021-02-04,3275.0,25334.0,1907.0,16717.0,735.0,391037.0
2021-02-05,3217.0,24402.0,1757.0,14461.0,771.0,403577.0
2021-02-06,3099.0,23042.0,1679.0,10951.0,686.0,458919.0
2021-02-07,3047.0,22991.0,1675.0,10457.0,665.0,229826.0
2021-02-08,2980.0,23020.0,1739.0,14370.0,702.0,253688.0
2021-02-09,2911.0,22067.0,1531.0,12696.0,628.0,313827.0
2021-02-10,2872.0,20926.0,1535.0,12272.0,629.0,342947.0
2021-02-11,2780.0,19983.0,1440.0,11637.0,590.0,391380.0
2021-02-12,2688.0,19009.0,1318.0,10986.0,546.0,440658.0
2021-02-13,2592.0,17694.0,1240.0,8025.0,512.0,431683.0
2021-02-14,2611.0,17787.0,1364.0,7781.0,520.0,188083.0
2021-02-15,2577.0,17730.0,1322.0,12953.0,549.0,221614.0
2021-02-16,2484.0,17093.0,1311.0,11268.0,501.0,315797.0
2021-02-17,2393.0,16458.0,1233.0,10419.0,438.0,427073.0
2021-02-18,2316.0,15633.0,1149.0,10303.0,454.0,400823.0
2021-02-19,2251.0,15018.0,1068.0,9246.0,390.0,327697.0
2021-02-20,2142.0,14316.0,904.0,7161.0,388.0,308541.0
2021-02-21,2122.0,14142.0,1008.0,7033.0,355.0,116333.0
2021-02-22,2072.0,14137.0,980.0,10279.0,325.0,160428.0
2021-02-23,1950.0,13489.0,976.0,8536.0,336.0,294478.0
2021-02-24,1931.0,13007.0,874.0,7621.0,317.0,411146.0
2021-02-25,1866.0,12449.0,832.0,6934.0,308.0,448280.0
2021-02-26,1808.0,11781.0,718.0,5883.0,262.0,469003.0
2021-02-27,1747.0,11090.0,624.0,4254.0,265.0,386948.0
2021-02-28,1630.0,10663.0,662.0,4112.0,257.0,170947.0
2021-03-01,1658.0,10765.0,704.0,6215.0,254.0,173212.0
2021-03-02,1556.0,10121.0,683.0,5950.0,210.0,208968.0
2021-03-03,1507.0,9594.0,607.0,5305.0,188.0,275003.0
2021-03-04,1454.0,9092.0,596.0,5011.0,204.0,365433.0
2021-03-05,1417.0,8594.0,487.0,4728.0,203.0,422916.0
2021-03-06,1326.0,8021.0,528.0,3832.0,178.0,405306.0
2021-03-07,1273.0,7812.0,461.0,3677.0,175.0,149241.0
2021-03-08,1236.0,7847.0,501.0,5818.0,165.0,207536.0
2021-03-09,1187.0,7451.0,483.0,5488.0,160.0,228278.0
2021-03-10,1137.0,6975.0,494.0,5222.0,136.0,277680.0
2021-03-11,1101.0,6687.0,449.0,4848.0,152.0,281073.0
2021-03-12,1023.0,6391.0,386.0,4767.0,117.0,380230.0
2021-03-13,1000.0,6072.0,385.0,3592.0,123.0,496272.0
2021-03-14,963.0,6039.0,357.0,3707.0,115.0,237395.0
2021-03-15,930.0,5976.0,431.0,5643.0,122.0,362758.0
2021-03-16,882.0,5664.0,364.0,4933.0,94.0,433751.0
2021-03-17,846.0,5397.0,343.0,5048.0,104.0,483675.0
2021-03-18,797.0,5083.0,351.0,4689.0,85.0,556074.0
2021-03-19,749.0,4841.0,283.0,4333.0,82.0,636219.0
2021-03-20,710.0,4589.0,287.0,3514.0,89.0,756873.0
2021-03-21,692.0,4492.0,279.0,4679.0,109.0,325777.0
2021-03-22,676.0,4501.0,294.0,5400.0,89.0,346997.0
2021-03-23,647.0,4245.0,295.0,4566.0,83.0,403198.0
2021-03-24,613.0,4005.0,277.0,5321.0,58.0,483894.0
2021-03-25,566.0,3763.0,288.0,4674.0,68.0,456256.0
2021-03-26,559.0,3712.0,245.0,3803.0,61.0,594970.0
2021-03-27,537.0,3676.0,217.0,3136.0,55.0,568728.0
2021-03-28,532.0,3438.0,221.0,4477.0,43.0,379454.0
2021-03-29,532.0,3466.0,206.0,3422.0,58.0,323734.0
2021-03-30,518.0,3283.0,217.0,3135.0,50.0,409891.0
2021-03-31,501.0,3084.0,225.0,3340.0,64.0,529793.0
2021-04-01,470.0,2928.0,180.0,3067.0,54.0,534408.0
2021-04-02,436.0,2784.0,178.0,2248.0,38.0,284035.0
2021-04-03,433.0,2677.0,179.0,2121.0,34.0,232415.0
2021-04-04,422.0,2672.0,156.0,2042.0,51.0,66108.0
2021-04-05,416.0,2680.0,188.0,2314.0,35.0,73886.0
2021-04-06,406.0,2588.0,183.0,2756.0,37.0,216762.0
2021-04-07,393.0,2486.0,189.0,2752.0,38.0,431203.0
2021-04-08,377.0,2382.0,167.0,2651.0,52.0,458751.0
2021-04-09,362.0,2321.0,167.0,2482.0,32.0,466480.0
2021-04-10,342.0,2190.0,151.0,2009.0,36.0,511497.0
2021-04-11,343.0,2096.0,175.0,2020.0,34.0,197053.0
2021-04-12,337.0,2108.0,173.0,2399.0,36.0,191624.0
2021-04-13,333.0,2057.0,153.0,2060.0,37.0,297093.0
2021-04-14,315.0,1972.0,156.0,2068.0,26.0,371500.0
2021-04-15,294.0,1885.0,127.0,1959.0,37.0,456589.0
2021-04-16,298.0,1844.0,118.0,1963.0,28.0,548305.0
2021-04-17,292.0,1735.0,135.0,1398.0,36.0,570975.0
2021-04-18,283.0,1691.0,112.0,2281.0,27.0,265069.0
2021-04-19,291.0,1732.0,138.0,2268.0,17.0,300720.0
2021-04-20,273.0,1649.0,98.0,2112.0,30.0,357800.0
2021-04-21,249.0,1609.0,126.0,2298.0,26.0,432476.0
2021-04-22,237.0,1523.0,92.0,2032.0,28.0,449663.0
2021-04-23,221.0,1478.0,124.0,1701.0,23.0,501800.0
2021-04-24,220.0,1401.0,99.0,1300.0,19.0,602866.0
2021-04-25,211.0,1377.0,107.0,1897.0,22.0,288745.0
2021-04-26,208.0,1393.0,108.0,2267.0,19.0,317251.0
2021-04-27,196.0,1310.0,128.0,1809.0,23.0,398683.0
2021-04-28,188.0,1278.0,89.0,2153.0,19.0,497504.0
2021-04-29,178.0,1235.0,80.0,1901.0,15.0,506019.0
2021-04-30,170.0,1161.0,82.0,1528.0,16.0,477124.0
2021-05-01,167.0,1071.0,68.0,1211.0,14.0,452789.0
2021-05-02,172.0,1082.0,92.0,1305.0,16.0,208177.0
2021-05-03,168.0,1096.0,98.0,1806.0,17.0,158898.0
2021-05-04,162.0,1093.0,76.0,2200.0,14.0,310900.0
2021-05-05,161.0,1032.0,96.0,2203.0,20.0,456344.0
2021-05-06,144.0,976.0,88.0,1967.0,14.0,520826.0
2021-05-07,145.0,973.0,77.0,1657.0,16.0,522249.0
2021-05-08,135.0,948.0,80.0,1301.0,17.0,541513.0
2021-05-09,131.0,933.0,76.0,1985.0,11.0,233651.0
2021-05-10,135.0,944.0,76.0,2325.0,7.0,268833.0
2021-05-11,126.0,921.0,79.0,1872.0,19.0,407430.0
2021-05-12,123.0,907.0,93.0,1869.0,13.0,549458.0
2021-05-13,119.0,845.0,74.0,1737.0,10.0,552470.0
2021-05-14,115.0,818.0,72.0,1540.0,9.0,531484.0
2021-05-15,115.0,810.0,70.0,1306.0,13.0,559726.0
2021-05-16,116.0,801.0,59.0,1587.0,10.0,263207.0
2021-05-17,117.0,798.0,74.0,2341.0,11.0,296388.0
2021-05-18,114.0,749.0,90.0,2241.0,9.0,423904.0
2021-05-19,113.0,757.0,93.0,2261.0,3.0,544999.0
2021-05-20,115.0,749.0,98.0,2000.0,6.0,601960.0
2021-05-21,117.0,766.0,85.0,1872.0,16.0,563468.0
2021-05-22,113.0,730.0,75.0,1606.0,3.0,686264.0
2021-05-23,111.0,756.0,77.0,1918.0,14.0,321770.0
2021-05-24,113.0,797.0,98.0,2750.0,13.0,375156.0
2021-05-25,117.0,765.0,88.0,2797.0,8.0,484551.0
2021-05-26,115.0,745.0,95.0,3179.0,12.0,574865.0
2021-05-27,110.0,742.0,83.0,3075.0,8.0,597552.0
2021-05-28,116.0,743.0,92.0,2929.0,12.0,555477.0
2021-05-29,112.0,748.0,69.0,2462.0,9.0,537283.0
2021-05-30,115.0,755.0,80.0,2598.0,8.0,278637.0
2021-05-31,110.0,773.0,98.0,3170.0,10.0,225622.0
2021-06-01,123.0,776.0,115.0,4515.0,9.0,354986.0
2021-06-02,116.0,801.0,101.0,5039.0,10.0,421631.0
2021-06-03,124.0,779.0,93.0,5131.0,14.0,470861.0
2021-06-04,119.0,805.0,96.0,4886.0,13.0,471939.0
2021-06-05,124.0,782.0,96.0,3964.0,5.0,590645.0
2021-06-06,131.0,807.0,121.0,4730.0,12.0,317112.0
2021-06-07,133.0,860.0,131.0,6791.0,5.0,333746.0
2021-06-08,140.0,879.0,147.0,6630.0,13.0,361765.0
2021-06-09,141.0,876.0,158.0,6919.0,14.0,403646.0
2021-06-10,140.0,906.0,162.0,6718.0,16.0,422093.0
2021-06-11,146.0,884.0,144.0,6510.0,11.0,428780.0
2021-06-12,152.0,915.0,137.0,5422.0,11.0,504957.0
2021-06-13,171.0,947.0,187.0,6075.0,9.0,277315.0
2021-06-14,170.0,993.0,185.0,8941.0,12.0,288868.0
2021-06-15,187.0,1030.0,188.0,9153.0,15.0,330350.0
2021-06-16,192.0,1057.0,177.0,9411.0,15.0,350994.0
2021-06-17,197.0,1122.0,202.0,9523.0,7.0,393315.0
2021-06-18,210.0,1170.0,185.0,8772.0,14.0,358276.0
2021-06-19,203.0,1143.0,178.0,7127.0,17.0,451039.0
2021-06-20,196.0,1168.0,171.0,8203.0,20.0,220817.0
2021-06-21,212.0,1290.0,181.0,12707.0,12.0,0.0
2021-06-22,229.0,1301.0,182.0,13563.0,13.0,486377.0
2021-06-23,227.0,1255.0,214.0,14806.0,6.0,316201.0
2021-06-24,240.0,1274.0,194.0,15084.0,23.0,339069.0
2021-06-25,238.0,1284.0,206.0,14901.0,21.0,310890.0
2021-06-26,236.0,1276.0,223.0,13486.0,10.0,385009.0
2021-06-27,244.0,1331.0,226.0,15407.0,20.0,216359.0
2021-06-28,272.0,1465.0,244.0,23511.0,13.0,213814.0
2021-06-29,259.0,1445.0,283.0,23250.0,21.0,230860.0
2021-06-30,264.0,1500.0,331.0,23941.0,23.0,259490.0
2021-07-01,279.0,1560.0,295.0,24267.0,25.0,287852.0
2021-07-02,297.0,1611.0,307.0,22287.0,26.0,250234.0
2021-07-03,296.0,1636.0,323.0,20638.0,27.0,287253.0
2021-07-04,305.0,1744.0,390.0,21806.0,24.0,148420.0
2021-07-05,330.0,1888.0,416.0,30215.0,21.0,171836.0
2021-07-06,353.0,1998.0,458.0,31627.0,22.0,180672.0
2021-07-07,377.0,2144.0,461.0,34274.0,28.0,201040.0
2021-07-08,376.0,2209.0,488.0,29929.0,30.0,218264.0
2021-07-09,393.0,2352.0,451.0,29050.0,43.0,221558.0
2021-07-10,398.0,2429.0,442.0,25411.0,34.0,256895.0
2021-07-11,408.0,2564.0,502.0,27418.0,28.0,114692.0
2021-07-12,433.0,2798.0,610.0,40477.0,34.0,145001.0
2021-07-13,470.0,2970.0,621.0,43247.0,40.0,174661.0
2021-07-14,489.0,3110.0,636.0,50320.0,38.0,201340.0
2021-07-15,493.0,3241.0,658.0,57583.0,45.0,219645.0
2021-07-16,512.0,3367.0,593.0,51138.0,44.0,214183.0
2021-07-17,514.0,3442.0,622.0,35281.0,49.0,255690.0
2021-07-18,512.0,3546.0,698.0,33164.0,60.0,133126.0
2021-07-19,543.0,3813.0,752.0,43401.0,76.0,144013.0
2021-07-20,544.0,3894.0,805.0,35947.0,54.0,159820.0
2021-07-21,567.0,4063.0,783.0,31676.0,48.0,185107.0
2021-07-22,612.0,4230.0,827.0,27711.0,74.0,195702.0
2021-07-23,625.0,4401.0,725.0,24586.0,68.0,192649.0
2021-07-24,659.0,4476.0,734.0,20276.0,60.0,216843.0
2021-07-25,675.0,4725.0,836.0,19657.0,62.0,114817.0
2021-07-26,712.0,5055.0,830.0,26541.0,70.0,141144.0
2021-07-27,738.0,5163.0,816.0,26027.0,61.0,147510.0
2021-07-28,748.0,5182.0,728.0,26925.0,70.0,163540.0
2021-07-29,765.0,5056.0,758.0,25361.0,73.0,181223.0
2021-07-30,785.0,5111.0,650.0,22109.0,90.0,173398.0
2021-07-31,789.0,5057.0,593.0,18450.0,73.0,215717.0
2021-08-01,769.0,5090.0,645.0,18714.0,74.0,110961.0
2021-08-02,791.0,5309.0,686.0,26580.0,76.0,116879.0
2021-08-03,780.0,5116.0,680.0,27062.0,70.0,133478.0
2021-08-04,772.0,4944.0,747.0,28895.0,79.0,160361.0
2021-08-05,770.0,4894.0,693.0,28126.0,89.0,174409.0
2021-08-06,765.0,4879.0,657.0,24851.0,85.0,164204.0
2021-08-07,760.0,4817.0,630.0,19957.0,90.0,218028.0
2021-08-08,765.0,4939.0,651.0,20157.0,67.0,112939.0
2021-08-09,762.0,5098.0,665.0,28292.0,74.0,133219.0
2021-08-10,782.0,5096.0,760.0,27610.0,73.0,152035.0
2021-08-11,777.0,5073.0,747.0,29135.0,78.0,179118.0
2021-08-12,783.0,5029.0,758.0,27690.0,91.0,200507.0
2021-08-13,793.0,5076.0,694.0,24992.0,81.0,176166.0
2021-08-14,797.0,4973.0,689.0,21336.0,86.0,213141.0
2021-08-15,800.0,5115.0,719.0,21280.0,75.0,126710.0
2021-08-16,816.0,5429.0,776.0,30861.0,78.0,146990.0
2021-08-17,825.0,5437.0,832.0,31095.0,89.0,154386.0
2021-08-18,812.0,5514.0,795.0,31426.0,89.0,187290.0
2021-08-19,835.0,5554.0,824.0,29081.0,99.0,201518.0
2021-08-20,857.0,5576.0,733.0,25555.0,108.0,197011.0
2021-08-21,858.0,5575.0,757.0,22605.0,97.0,235225.0
2021-08-22,863.0,5749.0,726.0,22409.0,110.0,128670.0
2021-08-23,845.0,6000.0,831.0,30333.0,97.0,150979.0
2021-08-24,857.0,5911.0,818.0,28212.0,104.0,155166.0
2021-08-25,871.0,5922.0,843.0,27901.0,86.0,199870.0
2021-08-26,872.0,5893.0,777.0,26482.0,108.0,173432.0
2021-08-27,874.0,5889.0,749.0,24253.0,114.0,153641.0
2021-08-28,835.0,5756.0,688.0,20138.0,105.0,154574.0
2021-08-29,850.0,5855.0,701.0,19152.0,114.0,85257.0
2021-08-30,859.0,6002.0,808.0,24973.0,93.0,67667.0
2021-08-31,879.0,6293.0,798.0,33565.0,102.0,139621.0
2021-09-01,890.0,6236.0,835.0,31600.0,102.0,139915.0
2021-09-02,897.0,6186.0,788.0,30636.0,105.0,137772.0
2021-09-03,889.0,6195.0,688.0,28730.0,124.0,127736.0
2021-09-04,880.0,6043.0,752.0,23409.0,119.0,150314.0
2021-09-05,878.0,6167.0,691.0,23457.0,122.0,75157.0
2021-09-06,909.0,6375.0,831.0,33135.0,129.0,88035.0
2021-09-07,885.0,6244.0,801.0,27938.0,129.0,95870.0
2021-09-08,896.0,6302.0,900.0,25659.0,116.0,95957.0
2021-09-09,887.0,6254.0,790.0,24440.0,137.0,108598.0
2021-09-10,898.0,6400.0,680.0,21031.0,111.0,100642.0
2021-09-11,865.0,6206.0,649.0,16956.0,109.0,109993.0
2021-09-12,884.0,6253.0,658.0,17879.0,102.0,54626.0
2021-09-13,886.0,6424.0,688.0,25199.0,78.0,70318.0
2021-09-14,888.0,6344.0,701.0,22641.0,126.0,74229.0
2021-09-15,910.0,6306.0,691.0,22414.0,122.0,77216.0
2021-09-16,849.0,6081.0,672.0,22320.0,118.0,77915.0
2021-09-17,844.0,5910.0,540.0,22375.0,130.0,72608.0
2021-09-18,829.0,5688.0,560.0,20926.0,102.0,87762.0
2021-09-19,824.0,5695.0,572.0,24789.0,102.0,40802.0
2021-09-20,811.0,5727.0,606.0,32121.0,116.0,57107.0
2021-09-21,774.0,5543.0,602.0,30547.0,99.0,56172.0
2021-09-22,783.0,5406.0,572.0,28788.0,114.0,58138.0
2021-09-23,757.0,5214.0,577.0,28340.0,109.0,63316.0
2021-09-24,730.0,5036.0,557.0,25754.0,100.0,61433.0
2021-09-25,723.0,5100.0,520.0,23389.0,89.0,60656.0
2021-09-26,689.0,4949.0,535.0,26814.0,76.0,30290.0
2021-09-27,685.0,5121.0,617.0,34595.0,84.0,49294.0
2021-09-28,681.0,5126.0,596.0,29628.0,88.0,58236.0
2021-09-29,671.0,5017.0,625.0,28689.0,93.0,57352.0
2021-09-30,672.0,4916.0,552.0,26808.0,95.0,922467.0
2021-10-01,671.0,4799.0,520.0,24134.0,102.0,215131.0
2021-10-02,630.0,4652.0,549.0,21873.0,73.0,243344.0
2021-10-03,639.0,4778.0,577.0,27138.0,78.0,116455.0
2021-10-04,632.0,4909.0,627.0,36475.0,84.0,177888.0
2021-10-05,661.0,5006.0,658.0,32269.0,96.0,213589.0
2021-10-06,663.0,5009.0,632.0,32547.0,79.0,209041.0
2021-10-07,665.0,4962.0,634.0,32158.0,95.0,225581.0
2021-10-08,647.0,4975.0,619.0,29848.0,95.0,223187.0
2021-10-09,639.0,4921.0,613.0,27180.0,94.0,298267.0
2021-10-10,622.0,5077.0,606.0,31499.0,82.0,116632.0
2021-10-11,621.0,5206.0,685.0,43115.0,97.0,165300.0
2021-10-12,657.0,5213.0,760.0,40892.0,96.0,213093.0
2021-10-13,657.0,5246.0,752.0,40547.0,99.0,247841.0
2021-10-14,655.0,5289.0,730.0,39262.0,114.0,275961.0
2021-10-15,673.0,5363.0,752.0,36631.0,108.0,259349.0
2021-10-16,681.0,5385.0,743.0,31639.0,105.0,335905.0
2021-10-17,695.0,5623.0,828.0,37501.0,109.0,123692.0
2021-10-18,703.0,5938.0,896.0,49257.0,97.0,206298.0
2021-10-19,733.0,6099.0,894.0,44630.0,109.0,258682.0
2021-10-20,746.0,6299.0,903.0,43963.0,116.0,290038.0
2021-10-21,750.0,6366.0,799.0,38581.0,115.0,321991.0
2021-10-22,746.0,6405.0,760.0,34506.0,115.0,312338.0
2021-10-23,728.0,6386.0,756.0,29747.0,131.0,384887.0
2021-10-24,745.0,6515.0,829.0,30091.0,120.0,171833.0
2021-10-25,776.0,6801.0,865.0,39958.0,123.0,238695.0
2021-10-26,803.0,6883.0,911.0,35276.0,132.0,272675.0
2021-10-27,799.0,6951.0,955.0,36524.0,140.0,295284.0
2021-10-28,794.0,7019.0,888.0,35076.0,157.0,306978.0
2021-10-29,809.0,7113.0,840.0,33995.0,132.0,293878.0
2021-10-30,812.0,7155.0,741.0,28243.0,124.0,384081.0
2021-10-31,815.0,7311.0,860.0,29564.0,151.0,165679.0
2021-11-01,859.0,7535.0,899.0,37663.0,146.0,247105.0
2021-11-02,859.0,7510.0,891.0,31328.0,132.0,307581.0
2021-11-03,854.0,7291.0,807.0,29396.0,135.0,327559.0
2021-11-04,867.0,7201.0,717.0,27379.0,131.0,331685.0
2021-11-05,860.0,7072.0,686.0,24405.0,131.0,326080.0
2021-11-06,856.0,6874.0,688.0,22581.0,135.0,427929.0
2021-11-07,846.0,6910.0,739.0,25447.0,123.0,200591.0
2021-11-08,869.0,7075.0,850.0,36138.0,128.0,270273.0
2021-11-09,865.0,7053.0,808.0,34679.0,131.0,333292.0
2021-11-10,846.0,6961.0,821.0,35390.0,129.0,625460.0
2021-11-11,842.0,6861.0,797.0,33700.0,128.0,359339.0
2021-11-12,838.0,6777.0,729.0,31337.0,107.0,350475.0
2021-11-13,830.0,6639.0,655.0,27358.0,117.0,464854.0
2021-11-14,841.0,6707.0,678.0,29599.0,108.0,206979.0
2021-11-15,821.0,6864.0,695.0,42477.0,136.0,275445.0
2021-11-16,796.0,6623.0,713.0,38656.0,134.0,326963.0
2021-11-17,792.0,6412.0,727.0,38257.0,95.0,360981.0
2021-11-18,779.0,6336.0,697.0,37099.0,106.0,359666.0
2021-11-19,769.0,6310.0,637.0,33184.0,107.0,348606.0
2021-11-20,764.0,6191.0,611.0,29868.0,105.0,457627.0
2021-11-21,776.0,6322.0,648.0,31761.0,98.0,214444.0
2021-11-22,785.0,6424.0,602.0,42869.0,100.0,286231.0
2021-11-23,780.0,6257.0,659.0,41015.0,119.0,343041.0
2021-11-24,783.0,6062.0,752.0,39881.0,105.0,357129.0
2021-11-25,790.0,6068.0,650.0,37143.0,112.0,375041.0
2021-11-26,796.0,5992.0,620.0,33666.0,102.0,362002.0
2021-11-27,787.0,5852.0,609.0,28459.0,97.0,471635.0
2021-11-28,793.0,5890.0,607.0,33857.0,104.0,260972.0
2021-11-29,793.0,6094.0,669.0,47939.0,117.0,301041.0
2021-11-30,806.0,6123.0,699.0,47632.0,109.0,380952.0
2021-12-01,773.0,5829.0,698.0,47263.0,107.0,391597.0
2021-12-02,774.0,5915.0,719.0,43045.0,94.0,402754.0
2021-12-03,783.0,5851.0,624.0,39222.0,123.0,380109.0
2021-12-04,775.0,5784.0,635.0,33380.0,129.0,471820.0
2021-12-05,770.0,5903.0,728.0,35037.0,95.0,258554.0
2021-12-06,793.0,5992.0,736.0,51123.0,111.0,307221.0
2021-12-07,779.0,6027.0,799.0,48146.0,99.0,361648.0
2021-12-08,778.0,6053.0,754.0,50059.0,111.0,384062.0
2021-12-09,792.0,6130.0,799.0,48817.0,107.0,446869.0
2021-12-10,793.0,6088.0,707.0,45018.0,98.0,410139.0
2021-12-11,785.0,6095.0,696.0,41940.0,86.0,540968.0
2021-12-12,788.0,6223.0,772.0,46367.0,121.0,377963.0
2021-12-13,795.0,6395.0,794.0,76507.0,95.0,463208.0
2021-12-14,795.0,6434.0,815.0,90717.0,124.0,611976.0
2021-12-15,786.0,6358.0,805.0,99655.0,99.0,684852.0
2021-12-16,783.0,6405.0,777.0,93804.0,98.0,807047.0
2021-12-17,789.0,6321.0,743.0,84967.0,114.0,808031.0
2021-12-18,767.0,6287.0,735.0,78930.0,92.0,906656.0
2021-12-19,767.0,6434.0,926.0,78497.0,102.0,792629.0
2021-12-20,768.0,6688.0,1061.0,117577.0,111.0,834540.0
2021-12-21,757.0,6902.0,1098.0,129599.0,92.0,893992.0
2021-12-22,745.0,7080.0,1246.0,138142.0,123.0,778244.0
2021-12-23,747.0,7114.0,1252.0,137021.0,124.0,562336.0
2021-12-24,742.0,7366.0,1020.0,117562.0,104.0,177682.0
2021-12-25,745.0,7166.0,1281.0,59912.0,97.0,12348.0
2021-12-26,758.0,7536.0,1374.0,98918.0,101.0,24078.0
2021-12-27,776.0,8474.0,1751.0,155567.0,115.0,244078.0
2021-12-28,758.0,9546.0,2082.0,170586.0,136.0,306574.0
2021-12-29,771.0,10462.0,2370.0,224031.0,107.0,414816.0
2021-12-30,782.0,11452.0,2114.0,192825.0,156.0,390719.0
2021-12-31,789.0,12395.0,1781.0,152887.0,133.0,172582.0
2022-01-01,765.0,12615.0,1819.0,99303.0,152.0,22762.0
2022-01-02,769.0,13151.0,1881.0,148609.0,143.0,130808.0
2022-01-03,777.0,14210.0,2219.0,193617.0,153.0,156762.0
2022-01-04,797.0,15044.0,2101.0,234873.0,158.0,242661.0
2022-01-05,769.0,15659.0,2139.0,183798.0,161.0,251822.0
2022-01-06,762.0,16058.0,2043.0,150786.0,185.0,235617.0
2022-01-07,728.0,16163.0,1772.0,105080.0,206.0,228965.0
2022-01-08,708.0,16034.0,1862.0,81221.0,188.0,277258.0
2022-01-09,704.0,16399.0,1975.0,83081.0,200.0,154810.0
2022-01-10,707.0,17120.0,2180.0,116343.0,202.0,153424.0
2022-01-11,686.0,16939.0,2127.0,100979.0,202.0,148225.0
2022-01-12,672.0,16881.0,1955.0,90000.0,199.0,138342.0
2022-01-13,666.0,16716.0,1916.0,84132.0,191.0,131872.0
2022-01-14,637.0,16537.0,1692.0,75174.0,203.0,129165.0
2022-01-15,608.0,16281.0,1604.0,67821.0,211.0,154715.0
2022-01-16,619.0,16372.0,1768.0,85599.0,211.0,85363.0
2022-01-17,623.0,16621.0,1808.0,114776.0,197.0,90419.0
2022-01-18,614.0,16218.0,1794.0,103308.0,202.0,98830.0
2022-01-19,586.0,15742.0,1778.0,97335.0,180.0,91919.0
2022-01-20,573.0,15302.0,1698.0,86951.0,167.0,91441.0
2022-01-21,552.0,14865.0,1453.0,79172.0,213.0,102457.0
2022-01-22,545.0,14320.0,1277.0,70483.0,195.0,117672.0
2022-01-23,524.0,14334.0,1535.0,88558.0,181.0,66806.0
2022-01-24,521.0,14563.0,1593.0,109233.0,204.0,84418.0
2022-01-25,501.0,14088.0,1681.0,96955.0,156.0,80009.0
2022-01-26,493.0,13948.0,1689.0,93211.0,175.0,84931.0
2022-01-27,481.0,13651.0,1503.0,82726.0,179.0,82765.0
2022-01-28,467.0,13462.0,1342.0,71682.0,163.0,90167.0
2022-01-29,458.0,12672.0,1325.0,63024.0,160.0,97226.0
2022-01-30,457.0,12992.0,1285.0,74980.0,169.0,59491.0
2022-01-31,449.0,13331.0,1451.0,88502.0,178.0,62704.0
2022-02-01,449.0,12896.0,1537.0,78511.0,170.0,64940.0
2022-02-02,432.0,12577.0,1451.0,73908.0,164.0,65923.0
2022-02-03,429.0,12423.0,1292.0,64032.0,163.0,65781.0
2022-02-04,425.0,12032.0,1186.0,52556.0,144.0,70083.0
2022-02-05,409.0,11604.0,1077.0,43233.0,152.0,69301.0
2022-02-06,391.0,11529.0,1211.0,50148.0,132.0,35031.0
2022-02-07,395.0,11710.0,1234.0,62672.0,124.0,54022.0
2022-02-08,385.0,11471.0,1266.0,55437.0,135.0,56404.0
2022-02-09,384.0,11071.0,1220.0,51013.0,118.0,57195.0
2022-02-10,384.0,10734.0,1167.0,41331.0,106.0,58602.0
2022-02-11,372.0,10367.0,996.0,34944.0,121.0,65177.0
2022-02-12,360.0,10010.0,989.0,29142.0,127.0,70975.0
2022-02-13,348.0,10049.0,1029.0,32326.0,110.0,31272.0
2022-02-14,355.0,10273.0,1132.0,42490.0,131.0,45364.0
2022-02-15,323.0,10019.0,1144.0,40145.0,103.0,49764.0
2022-02-16,326.0,9804.0,1120.0,39445.0,110.0,55019.0
2022-02-17,303.0,9600.0,971.0,34168.0,104.0,51731.0
2022-02-18,303.0,9258.0,900.0,24923.0,102.0,35241.0
2022-02-19,296.0,9187.0,834.0,26429.0,98.0,51772.0
2022-02-20,304.0,9058.0,971.0,28411.0,106.0,23914.0
2022-02-21,292.0,9229.0,1030.0,33034.0,94.0,40213.0
2022-02-22,284.0,8948.0,976.0,28019.0,92.0,44946.0
2022-02-23,278.0,8868.0,976.0,26008.0,91.0,45518.0
2022-02-24,262.0,8645.0,984.0,21882.0,95.0,40991.0
2022-02-25,246.0,8498.0,841.0,19533.0,90.0,42496.0
2022-02-26,226.0,8197.0,888.0,17604.0,81.0,49195.0
2022-02-27,239.0,8305.0,949.0,22165.0,92.0,24920.0
2022-02-28,254.0,8538.0,1145.0,31865.0,82.0,35124.0
2022-03-01,245.0,8486.0,1111.0,31864.0,82.0,34558.0
2022-03-02,249.0,8402.0,1184.0,33361.0,108.0,37120.0
2022-03-03,234.0,8210.0,1226.0,31533.0,83.0,47814.0
2022-03-04,232.0,8403.0,1044.0,30605.0,86.0,39383.0
2022-03-05,231.0,8400.0,1050.0,28509.0,81.0,45692.0
2022-03-06,234.0,8502.0,1260.0,35914.0,64.0,22084.0
2022-03-07,239.0,8923.0,1278.0,50982.0,91.0,30120.0
2022-03-08,242.0,9176.0,1389.0,52343.0,100.0,31341.0
2022-03-09,235.0,9163.0,1521.0,55491.0,88.0,264614.0
2022-03-10,221.0,9241.0,1414.0,54298.0,91.0,35116.0
2022-03-11,221.0,9369.0,1412.0,52270.0,97.0,37807.0
2022-03-12,216.0,9618.0,1368.0,49161.0,101.0,48946.0
2022-03-13,215.0,9908.0,1591.0,60271.0,81.0,24322.0
2022-03-14,239.0,10576.0,1651.0,79517.0,115.0,31412.0
2022-03-15,235.0,10877.0,1800.0,74101.0,100.0,34827.0
2022-03-16,236.0,11010.0,1823.0,73951.0,107.0,35151.0
2022-03-17,249.0,11346.0,1738.0,67687.0,105.0,32324.0
2022-03-18,240.0,11595.0,1629.0,61904.0,122.0,34596.0
2022-03-19,231.0,11638.0,1813.0,55211.0,121.0,44611.0
2022-03-20,237.0,12070.0,1793.0,66907.0,128.0,21411.0
2022-03-21,252.0,12753.0,1984.0,89907.0,122.0,232934.0
2022-03-22,269.0,13060.0,2098.0,81845.0,123.0,67113.0
2022-03-23,260.0,13248.0,2137.0,77600.0,122.0,85990.0
2022-03-24,286.0,13602.0,2006.0,68604.0,119.0,87652.0
2022-03-25,290.0,13842.0,1925.0,60256.0,138.0,98567.0
2022-03-26,304.0,13796.0,1869.0,51776.0,129.0,102667.0
2022-03-27,303.0,14465.0,2037.0,58000.0,127.0,38785.0
2022-03-28,319.0,15170.0,2280.0,78909.0,136.0,84720.0
2022-03-29,325.0,15411.0,2219.0,67441.0,155.0,97449.0
2022-03-30,318.0,15632.0,2355.0,62750.0,149.0,110314.0
2022-03-31,311.0,15648.0,2124.0,45879.0,153.0,115629.0
2022-04-01,311.0,15966.0,1846.0,40342.0,162.0,112300.0
2022-04-02,308.0,15739.0,1826.0,31609.0,170.0,136028.0
2022-04-03,306.0,15989.0,2103.0,35606.0,154.0,57928.0
2022-04-04,306.0,16466.0,2164.0,45140.0,143.0,101691.0
2022-04-05,319.0,16552.0,2308.0,40393.0,160.0,113557.0
2022-04-06,317.0,16587.0,2176.0,36891.0,164.0,125356.0
2022-04-07,312.0,16600.0,1999.0,31745.0,188.0,127136.0
2022-04-08,315.0,16366.0,1751.0,27391.0,196.0,133021.0
2022-04-09,323.0,15876.0,1702.0,23013.0,148.0,184349.0
2022-04-10,329.0,16039.0,1792.0,25641.0,160.0,72433.0
2022-04-11,337.0,16442.0,1909.0,30597.0,159.0,109735.0
2022-04-12,339.0,16131.0,2003.0,27382.0,161.0,132340.0
2022-04-13,306.0,15399.0,1898.0,25507.0,184.0,142892.0
2022-04-14,299.0,14955.0,1662.0,21434.0,161.0,137539.0
2022-04-15,271.0,14394.0,1416.0,17306.0,145.0,45372.0
2022-04-16,285.0,14335.0,1288.0,16091.0,140.0,82061.0
2022-04-17,280.0,14254.0,1347.0,16262.0,135.0,17458.0
2022-04-18,274.0,14183.0,1506.0,20566.0,146.0,22855.0
2022-04-19,296.0,14607.0,1435.0,20595.0,129.0,108817.0
2022-04-20,309.0,14164.0,1322.0,16973.0,137.0,127222.0
2022-04-21,294.0,13392.0,1264.0,14520.0,134.0,125642.0
2022-04-22,283.0,12883.0,1184.0,12526.0,127.0,116476.0
2022-04-23,286.0,12156.0,1087.0,10573.0,124.0,203840.0
2022-04-24,287.0,12083.0,1077.0,11867.0,106.0,65829.0
2022-04-25,276.0,11992.0,1138.0,13404.0,106.0,92660.0
2022-04-26,276.0,11320.0,1100.0,11293.0,95.0,109740.0
2022-04-27,260.0,10965.0,1082.0,10120.0,117.0,118542.0
2022-04-28,252.0,10432.0,936.0,9056.0,110.0,112244.0
2022-04-29,259.0,9938.0,872.0,7992.0,81.0,106642.0
2022-04-30,265.0,9499.0,718.0,6863.0,91.0,134507.0
2022-05-01,256.0,9355.0,807.0,7718.0,101.0,39641.0
2022-05-02,248.0,9326.0,828.0,10343.0,92.0,17662.0
2022-05-03,237.0,9243.0,893.0,11155.0,84.0,74293.0
2022-05-04,241.0,8950.0,873.0,9783.0,79.0,98480.0
2022-05-05,224.0,8596.0,777.0,8592.0,72.0,88642.0
2022-05-06,211.0,8170.0,721.0,7518.0,90.0,88866.0
2022-05-07,199.0,7768.0,607.0,6354.0,83.0,122347.0
2022-05-08,199.0,7715.0,669.0,7664.0,74.0,39978.0
2022-05-09,187.0,7647.0,731.0,8876.0,73.0,67725.0
2022-05-10,175.0,7363.0,726.0,8154.0,87.0,81472.0
2022-05-11,170.0,7034.0,671.0,7265.0,58.0,82002.0
2022-05-12,162.0,6602.0,680.0,6376.0,55.0,81550.0
2022-05-13,162.0,6366.0,542.0,5794.0,66.0,69045.0
2022-05-14,168.0,6147.0,553.0,5139.0,54.0,88668.0
2022-05-15,170.0,6158.0,566.0,6730.0,61.0,33798.0
2022-05-16,159.0,6024.0,589.0,7883.0,52.0,53252.0
2022-05-17,173.0,5733.0,576.0,6833.0,55.0,62932.0
2022-05-18,161.0,5425.0,626.0,6392.0,38.0,63269.0
2022-05-19,165.0,5356.0,573.0,5785.0,27.0,67859.0
2022-05-20,171.0,5187.0,450.0,5049.0,55.0,58966.0
2022-05-21,164.0,5065.0,387.0,4243.0,36.0,81292.0
2022-05-22,156.0,5047.0,463.0,5151.0,44.0,24105.0
2022-05-23,150.0,5010.0,505.0,6248.0,52.0,46699.0
2022-05-24,142.0,4639.0,461.0,5593.0,39.0,54864.0
2022-05-25,137.0,4489.0,475.0,5189.0,26.0,54630.0
2022-05-26,134.0,4365.0,421.0,4819.0,40.0,75475.0
2022-05-27,134.0,4197.0,442.0,4494.0,39.0,49225.0
2022-05-28,127.0,4013.0,382.0,4153.0,30.0,57836.0
2022-05-29,124.0,4018.0,428.0,4687.0,24.0,22595.0
2022-05-30,121.0,4091.0,465.0,5928.0,42.0,43053.0
2022-05-31,119.0,4036.0,502.0,5734.0,42.0,50284.0
2022-06-01,123.0,3800.0,480.0,5711.0,23.0,45123.0
2022-06-02,126.0,3841.0,412.0,5081.0,37.0,8221.0
2022-06-03,125.0,3849.0,404.0,5581.0,22.0,4710.0
2022-06-04,111.0,3835.0,443.0,6278.0,33.0,22842.0
2022-06-05,113.0,3965.0,531.0,8350.0,23.0,8697.0
2022-06-06,120.0,4126.0,606.0,9798.0,38.0,28798.0
2022-06-07,116.0,4108.0,577.0,9484.0,27.0,35159.0
2022-06-08,124.0,4096.0,664.0,9952.0,32.0,41481.0
2022-06-09,127.0,4082.0,627.0,9589.0,18.0,35638.0
2022-06-10,117.0,4262.0,589.0,9153.0,31.0,34206.0
2022-06-11,125.0,4257.0,583.0,8468.0,27.0,48271.0
2022-06-12,126.0,4408.0,659.0,10718.0,34.0,19648.0
2022-06-13,128.0,4602.0,722.0,12954.0,28.0,24383.0
2022-06-14,130.0,4722.0,763.0,12660.0,27.0,26956.0
2022-06-15,132.0,4843.0,842.0,12387.0,39.0,29965.0
2022-06-16,130.0,5008.0,822.0,11915.0,41.0,31407.0
2022-06-17,120.0,5037.0,829.0,11640.0,36.0,27902.0
2022-06-18,138.0,5183.0,797.0,11634.0,35.0,38973.0
2022-06-19,139.0,5436.0,942.0,14524.0,36.0,14354.0
2022-06-20,150.0,5726.0,1055.0,16918.0,41.0,94870.0
2022-06-21,149.0,6002.0,1155.0,17531.0,39.0,29877.0
2022-06-22,149.0,6177.0,1133.0,17764.0,57.0,32086.0
2022-06-23,154.0,6401.0,1210.0,16698.0,44.0,30405.0
2022-06-24,168.0,6752.0,1072.0,15626.0,37.0,30791.0
2022-06-25,177.0,6973.0,1011.0,14478.0,56.0,48137.0
2022-06-26,188.0,7455.0,1276.0,18039.0,57.0,18444.0
2022-06-27,192.0,7822.0,1438.0,21896.0,45.0,28246.0
2022-06-28,205.0,8120.0,1454.0,21869.0,49.0,31736.0
2022-06-29,200.0,8587.0,1572.0,21720.0,66.0,32970.0
2022-06-30,211.0,8928.0,1596.0,21513.0,53.0,87718.0
2022-07-01,219.0,9389.0,1326.0,21067.0,62.0,29649.0
2022-07-02,213.0,9632.0,1374.0,19586.0,67.0,45536.0
2022-07-03,218.0,9956.0,1795.0,25172.0,53.0,18644.0
2022-07-04,223.0,10658.0,1911.0,30388.0,72.0,27135.0
2022-07-05,229.0,11049.0,1926.0,28118.0,83.0,29537.0
2022-07-06,217.0,11465.0,1945.0,26741.0,89.0,30447.0
2022-07-07,232.0,11878.0,1967.0,24049.0,84.0,30781.0
2022-07-08,228.0,12283.0,1696.0,22173.0,85.0,30993.0
2022-07-09,229.0,12440.0,1601.0,19354.0,91.0,45411.0
2022-07-10,250.0,12879.0,1889.0,23046.0,87.0,18017.0
2022-07-11,264.0,13336.0,2005.0,27198.0,100.0,23046.0
2022-07-12,264.0,13621.0,1945.0,24377.0,120.0,24753.0
2022-07-13,274.0,13741.0,1946.0,21639.0,110.0,27322.0
2022-07-14,282.0,13807.0,1839.0,19340.0,101.0,26881.0
2022-07-15,287.0,13975.0,1487.0,16626.0,91.0,27613.0
2022-07-16,305.0,13701.0,1373.0,13677.0,100.0,45271.0
2022-07-17,292.0,13840.0,1694.0,15702.0,134.0,18022.0
2022-07-18,307.0,14044.0,1754.0,16919.0,99.0,17252.0
2022-07-19,318.0,13837.0,1834.0,14866.0,193.0,16191.0
2022-07-20,287.0,13545.0,1715.0,14533.0,172.0,23396.0
2022-07-21,283.0,13375.0,1550.0,12791.0,103.0,23198.0
2022-07-22,292.0,13182.0,1231.0,11177.0,88.0,26580.0
2022-07-23,279.0,12475.0,1139.0,8909.0,101.0,38302.0
2022-07-24,300.0,12591.0,1307.0,10216.0,106.0,15385.0
2022-07-25,303.0,12529.0,1345.0,11929.0,93.0,24503.0
2022-07-26,290.0,12113.0,1318.0,10482.0,95.0,22850.0
2022-07-27,273.0,11914.0,1197.0,9435.0,99.0,23436.0
2022-07-28,268.0,11437.0,1165.0,8339.0,105.0,23579.0
2022-07-29,253.0,11149.0,996.0,7585.0,101.0,21496.0
2022-07-30,241.0,10529.0,936.0,6612.0,65.0,29101.0
2022-07-31,232.0,10431.0,1138.0,7672.0,80.0,13110.0
2022-08-01,245.0,10417.0,1120.0,8814.0,75.0,17112.0
2022-08-02,240.0,10177.0,1062.0,8165.0,86.0,16138.0
2022-08-03,232.0,9817.0,1059.0,7419.0,98.0,17794.0
2022-08-04,231.0,9498.0,1017.0,6524.0,71.0,32901.0
2022-08-05,229.0,9152.0,910.0,5859.0,69.0,17087.0
2022-08-06,221.0,8806.0,775.0,4852.0,56.0,22454.0
2022-08-07,217.0,8805.0,899.0,5897.0,87.0,10752.0
2022-08-08,222.0,8888.0,975.0,7226.0,81.0,14755.0
2022-08-09,233.0,8624.0,973.0,6462.0,75.0,13117.0
2022-08-10,216.0,8487.0,1009.0,6003.0,63.0,14388.0
2022-08-11,206.0,8327.0,901.0,5446.0,86.0,13997.0
2022-08-12,196.0,8072.0,740.0,4781.0,96.0,13422.0
2022-08-13,192.0,7993.0,762.0,3978.0,77.0,19043.0
2022-08-14,191.0,8158.0,759.0,4781.0,68.0,8497.0
2022-08-15,198.0,8088.0,861.0,5606.0,70.0,22741.0
2022-08-16,195.0,7832.0,818.0,4845.0,61.0,12877.0
2022-08-17,207.0,7486.0,788.0,4421.0,50.0,13637.0
2022-08-18,184.0,7421.0,692.0,3989.0,52.0,12753.0
2022-08-19,182.0,7045.0,648.0,3492.0,53.0,12691.0
2022-08-20,166.0,6760.0,585.0,3059.0,66.0,18074.0
2022-08-21,164.0,6687.0,605.0,3547.0,50.0,6790.0
2022-08-22,162.0,6803.0,670.0,4575.0,57.0,12068.0
2022-08-23,135.0,6436.0,707.0,4076.0,64.0,12860.0
2022-08-24,150.0,6302.0,643.0,3913.0,41.0,15358.0
2022-08-25,141.0,6249.0,646.0,3266.0,41.0,16377.0
2022-08-26,135.0,5845.0,512.0,2997.0,34.0,12575.0
2022-08-27,135.0,5765.0,475.0,2606.0,53.0,15125.0
2022-08-28,138.0,5717.0,539.0,2882.0,54.0,5550.0
2022-08-29,144.0,5768.0,602.0,3936.0,44.0,2497.0
2022-08-30,141.0,5743.0,612.0,4473.0,35.0,13312.0
2022-08-31,144.0,5658.0,580.0,3975.0,57.0,13781.0
2022-09-01,152.0,5554.0,534.0,3760.0,35.0,9513.0
2022-09-02,143.0,5334.0,466.0,3239.0,42.0,8500.0
2022-09-03,135.0,5183.0,439.0,2971.0,40.0,12384.0
2022-09-04,120.0,5209.0,471.0,3759.0,36.0,4713.0
2022-09-05,127.0,5221.0,526.0,4385.0,31.0,7128.0
2022-09-06,135.0,5060.0,537.0,3940.0,28.0,13000.0
2022-09-07,117.0,4864.0,541.0,3749.0,49.0,18271.0
2022-09-08,127.0,4881.0,508.0,3250.0,38.0,22413.0
2022-09-09,122.0,4797.0,422.0,3103.0,30.0,27763.0
2022-09-10,129.0,4650.0,408.0,2861.0,35.0,29967.0
2022-09-11,132.0,4692.0,499.0,3890.0,19.0,15470.0
2022-09-12,124.0,4666.0,519.0,4758.0,33.0,147431.0
2022-09-13,148.0,4630.0,580.0,4601.0,47.0,166698.0
2022-09-14,140.0,4540.0,586.0,4453.0,38.0,171279.0
2022-09-15,132.0,4571.0,553.0,4200.0,40.0,215894.0
2022-09-16,122.0,4543.0,476.0,3729.0,30.0,210376.0
2022-09-17,117.0,4467.0,484.0,3188.0,31.0,106395.0
2022-09-18,127.0,4556.0,555.0,3943.0,30.0,286702.0
2022-09-19,123.0,4696.0,781.0,5702.0,41.0,50421.0
2022-09-20,136.0,4886.0,826.0,7200.0,44.0,226398.0
2022-09-21,145.0,5142.0,858.0,6940.0,30.0,245761.0
2022-09-22,152.0,5366.0,846.0,6294.0,45.0,304101.0
2022-09-23,153.0,5604.0,704.0,6006.0,43.0,237667.0
2022-09-24,150.0,5773.0,727.0,5309.0,39.0,387991.0
2022-09-25,160.0,6045.0,971.0,6737.0,32.0,129941.0
2022-09-26,157.0,6439.0,998.0,8042.0,52.0,260004.0
2022-09-27,161.0,6758.0,1045.0,7647.0,57.0,252197.0
2022-09-28,160.0,7024.0,1134.0,7806.0,55.0,272491.0
2022-09-29,160.0,7281.0,1158.0,7352.0,53.0,280922.0
2022-09-30,155.0,7672.0,870.0,7099.0,47.0,261060.0
2022-10-01,161.0,8069.0,1091.0,6564.0,61.0,472326.0
2022-10-02,172.0,8374.0,1262.0,8623.0,55.0,137482.0
2022-10-03,189.0,8854.0,1344.0,10881.0,69.0,274747.0
2022-10-04,192.0,9287.0,1418.0,10246.0,80.0,252809.0
2022-10-05,195.0,9631.0,1259.0,9544.0,85.0,270274.0
2022-10-06,192.0,9922.0,1163.0,8819.0,82.0,272008.0
2022-10-07,199.0,10070.0,946.0,8333.0,86.0,246426.0
2022-10-08,207.0,10049.0,885.0,6581.0,82.0,488080.0
2022-10-09,201.0,10181.0,1252.0,8014.0,84.0,136112.0
2022-10-10,209.0,10397.0,1275.0,9835.0,80.0,526389.0
2022-10-11,224.0,10522.0,1207.0,8781.0,104.0,273131.0
2022-10-12,221.0,10608.0,1150.0,8124.0,113.0,282758.0
2022-10-13,232.0,10524.0,1247.0,7563.0,101.0,280192.0
2022-10-14,224.0,10420.0,978.0,7343.0,105.0,272518.0
2022-10-15,221.0,10502.0,900.0,6005.0,92.0,560653.0
2022-10-16,217.0,10584.0,1206.0,7257.0,98.0,159978.0
2022-10-17,207.0,10688.0,1121.0,9301.0,103.0,275230.0
2022-10-18,200.0,10594.0,1101.0,7667.0,90.0,277003.0
2022-10-19,206.0,10387.0,1064.0,7042.0,87.0,292907.0
2022-10-20,193.0,10129.0,1053.0,6075.0,109.0,293567.0
2022-10-21,194.0,9935.0,831.0,5759.0,94.0,261411.0
2022-10-22,197.0,9777.0,785.0,4527.0,99.0,478152.0
2022-10-23,195.0,9755.0,884.0,5011.0,86.0,191331.0
2022-10-24,203.0,9692.0,870.0,6147.0,94.0,207553.0
2022-10-25,229.0,9373.0,863.0,5181.0,97.0,236408.0
2022-10-26,222.0,9131.0,857.0,4924.0,82.0,225226.0
2022-10-27,220.0,8860.0,773.0,4372.0,96.0,234089.0
2022-10-28,217.0,8663.0,558.0,3916.0,75.0,217450.0
2022-10-29,214.0,8324.0,518.0,3227.0,81.0,370821.0
2022-10-30,205.0,8235.0,640.0,3827.0,88.0,112157.0
2022-10-31,181.0,8019.0,630.0,4633.0,64.0,172059.0
2022-11-01,182.0,7591.0,689.0,4091.0,68.0,188182.0
2022-11-02,175.0,7296.0,571.0,3599.0,67.0,184283.0
2022-11-03,166.0,6969.0,568.0,3261.0,70.0,191944.0
2022-11-04,161.0,6641.0,410.0,2760.0,79.0,185167.0
2022-11-05,151.0,6358.0,396.0,2374.0,63.0,339909.0
2022-11-06,152.0,6234.0,500.0,2917.0,48.0,94535.0
2022-11-07,154.0,6075.0,598.0,3879.0,64.0,144026.0
2022-11-08,150.0,5905.0,550.0,3380.0,58.0,152185.0
2022-11-09,150.0,5647.0,535.0,3185.0,52.0,144345.0
2022-11-10,149.0,5547.0,550.0,2806.0,45.0,142513.0
2022-11-11,137.0,5372.0,435.0,2562.0,56.0,136162.0
2022-11-12,139.0,5258.0,370.0,2172.0,37.0,228673.0
2022-11-13,139.0,5269.0,445.0,2647.0,49.0,58876.0
2022-11-14,130.0,5284.0,522.0,3494.0,56.0,110530.0
2022-11-15,132.0,5165.0,494.0,3160.0,58.0,106962.0
2022-11-16,122.0,5010.0,542.0,2933.0,43.0,98496.0
2022-11-17,124.0,4842.0,516.0,2703.0,47.0,100611.0
2022-11-18,129.0,4771.0,437.0,2501.0,52.0,95524.0
2022-11-19,123.0,4696.0,395.0,2207.0,46.0,167417.0
2022-11-20,120.0,4706.0,434.0,2613.0,54.0,37980.0
2022-11-21,103.0,4709.0,503.0,3549.0,44.0,86184.0
2022-11-22,134.0,4678.0,547.0,3451.0,43.0,82311.0
2022-11-23,117.0,4600.0,536.0,3240.0,48.0,74779.0
2022-11-24,122.0,4701.0,522.0,3007.0,43.0,72927.0
2022-11-25,129.0,4638.0,443.0,2638.0,39.0,72033.0
2022-11-26,125.0,4568.0,438.0,2304.0,35.0,112869.0
2022-11-27,128.0,4639.0,557.0,3152.0,45.0,24897.0
2022-11-28,111.0,4775.0,639.0,4237.0,49.0,60685.0
2022-11-29,117.0,4847.0,661.0,3972.0,39.0,60267.0
2022-11-30,128.0,4964.0,590.0,3608.0,37.0,56697.0
2022-12-01,134.0,4990.0,583.0,3214.0,48.0,47391.0
2022-12-02,135.0,5027.0,468.0,3275.0,42.0,45723.0
2022-12-03,124.0,5022.0,498.0,2481.0,47.0,62018.0
2022-12-04,127.0,5155.0,589.0,3409.0,30.0,13866.0
2022-12-05,129.0,5285.0,724.0,4850.0,54.0,44638.0
2022-12-06,127.0,5382.0,779.0,4761.0,59.0,40822.0
2022-12-07,119.0,5501.0,748.0,4640.0,52.0,37905.0
2022-12-08,118.0,5632.0,697.0,4092.0,57.0,37783.0
2022-12-09,113.0,5771.0,607.0,3824.0,53.0,35308.0
2022-12-10,112.0,5920.0,582.0,3286.0,60.0,47565.0
2022-12-11,118.0,6057.0,872.0,4223.0,58.0,11404.0
2022-12-12,129.0,6171.0,965.0,6356.0,56.0,33731.0
2022-12-13,142.0,6369.0,1026.0,6483.0,61.0,30039.0
2022-12-14,150.0,6720.0,963.0,5962.0,81.0,30849.0
2022-12-15,155.0,6924.0,1064.0,5549.0,43.0,27493.0
2022-12-16,156.0,7157.0,834.0,5525.0,72.0,27167.0
2022-12-17,163.0,7396.0,799.0,4273.0,76.0,32880.0
2022-12-18,166.0,7688.0,1176.0,5212.0,88.0,8115.0
2022-12-19,175.0,8006.0,1296.0,8240.0,96.0,33782.0
2022-12-20,171.0,8340.0,1376.0,7836.0,98.0,23671.0
2022-12-21,174.0,8643.0,1293.0,7042.0,87.0,21292.0
2022-12-22,180.0,8919.0,1236.0,6241.0,83.0,17240.0
2022-12-23,178.0,9047.0,899.0,5225.0,103.0,11113.0
2022-12-24,177.0,9044.0,780.0,3777.0,117.0,2768.0
2022-12-25,162.0,8979.0,844.0,3382.0,106.0,64.0
2022-12-26,178.0,9178.0,988.0,4499.0,104.0,116.0
2022-12-27,187.0,9250.0,1134.0,5977.0,114.0,735.0
2022-12-28,209.0,9459.0,1245.0,7609.0,110.0,12638.0
2022-12-29,213.0,9535.0,1225.0,6953.0,100.0,14597.0
2022-12-30,223.0,9530.0,940.0,5524.0,130.0,12334.0
