epi_week,date,new_confirmed,new_deceased,population,cumulative_confirmed,cumulative_deceased
202010,2020-03-02 00:00:00,1.0,1.0,6235410,6.0,1.0
202010,2020-03-03 00:00:00,7.0,0.0,6235410,13.0,1.0
202010,2020-03-04 00:00:00,7.0,0.0,6235410,20.0,1.0
202010,2020-03-05 00:00:00,1.0,0.0,6235410,21.0,1.0
202010,2020-03-06 00:00:00,5.0,0.0,6235410,26.0,1.0
202010,2020-03-07 00:00:00,3.0,0.0,6235410,29.0,1.0
202011,2020-03-08 00:00:00,2.0,0.0,6235410,31.0,1.0
202011,2020-03-09 00:00:00,4.0,1.0,6235410,35.0,2.0
202011,2020-03-10 00:00:00,16.0,0.0,6235410,51.0,2.0
202011,2020-03-11 00:00:00,15.0,1.0,6235410,66.0,3.0
202011,2020-03-12 00:00:00,18.0,0.0,6235410,84.0,3.0
202011,2020-03-13 00:00:00,38.0,1.0,6235410,122.0,4.0
202011,2020-03-14 00:00:00,16.0,0.0,6235410,138.0,4.0
202012,2020-03-15 00:00:00,35.0,2.0,6235410,173.0,6.0
202012,2020-03-16 00:00:00,24.0,2.0,6235410,197.0,8.0
202012,2020-03-17 00:00:00,40.0,2.0,6235410,237.0,10.0
202012,2020-03-18 00:00:00,73.0,3.0,6235410,310.0,13.0
202012,2020-03-19 00:00:00,56.0,5.0,6235410,366.0,18.0
202012,2020-03-20 00:00:00,75.0,2.0,6235410,441.0,20.0
202012,2020-03-21 00:00:00,76.0,9.0,6235410,517.0,29.0
202013,2020-03-22 00:00:00,91.0,13.0,6235410,608.0,42.0
202013,2020-03-23 00:00:00,191.0,13.0,6235410,799.0,55.0
202013,2020-03-24 00:00:00,155.0,23.0,6235410,954.0,78.0
202013,2020-03-25 00:00:00,172.0,22.0,6235410,1126.0,100.0
202013,2020-03-26 00:00:00,216.0,34.0,6235410,1342.0,134.0
202013,2020-03-27 00:00:00,243.0,38.0,6235410,1585.0,172.0
202013,2020-03-28 00:00:00,183.0,36.0,6235410,1768.0,208.0
202014,2020-03-29 00:00:00,210.0,49.0,6235410,1978.0,257.0
202014,2020-03-30 00:00:00,302.0,52.0,6235410,2280.0,309.0
202014,2020-03-31 00:00:00,324.0,71.0,6235410,2604.0,380.0
202014,2020-04-01 00:00:00,334.0,75.0,6235410,2938.0,455.0
202014,2020-04-02 00:00:00,372.0,71.0,6235410,3310.0,526.0
202014,2020-04-03 00:00:00,350.0,85.0,6235410,3660.0,611.0
202014,2020-04-04 00:00:00,268.0,70.0,6235410,3928.0,681.0
202015,2020-04-05 00:00:00,281.0,91.0,6235410,4209.0,772.0
202015,2020-04-06 00:00:00,384.0,77.0,6235410,4593.0,849.0
202015,2020-04-07 00:00:00,386.0,110.0,6235410,4979.0,959.0
202015,2020-04-08 00:00:00,409.0,116.0,6235410,5388.0,1075.0
202015,2020-04-09 00:00:00,323.0,95.0,6235410,5711.0,1170.0
202015,2020-04-10 00:00:00,319.0,71.0,6235410,6030.0,1241.0
202015,2020-04-11 00:00:00,271.0,103.0,6235410,6301.0,1344.0
202016,2020-04-12 00:00:00,259.0,101.0,6235410,6560.0,1445.0
202016,2020-04-13 00:00:00,292.0,86.0,6235410,6852.0,1531.0
202016,2020-04-14 00:00:00,289.0,71.0,6235410,7141.0,1602.0
202016,2020-04-15 00:00:00,296.0,87.0,6235410,7437.0,1689.0
202016,2020-04-16 00:00:00,336.0,86.0,6235410,7773.0,1775.0
202016,2020-04-17 00:00:00,366.0,86.0,6235410,8139.0,1861.0
202016,2020-04-18 00:00:00,328.0,74.0,6235410,8467.0,1935.0
202017,2020-04-19 00:00:00,318.0,75.0,6235410,8785.0,2010.0
202017,2020-04-20 00:00:00,362.0,70.0,6235410,9147.0,2080.0
202017,2020-04-21 00:00:00,406.0,79.0,6235410,9553.0,2159.0
202017,2020-04-22 00:00:00,522.0,77.0,6235410,10075.0,2236.0
202017,2020-04-23 00:00:00,476.0,58.0,6235410,10551.0,2294.0
202017,2020-04-24 00:00:00,424.0,83.0,6235410,10975.0,2377.0
202017,2020-04-25 00:00:00,375.0,59.0,6235410,11350.0,2436.0
202018,2020-04-26 00:00:00,357.0,64.0,6235410,11707.0,2500.0
202018,2020-04-27 00:00:00,513.0,58.0,6235410,12220.0,2558.0
202018,2020-04-28 00:00:00,463.0,68.0,6235410,12683.0,2626.0
202018,2020-04-29 00:00:00,476.0,50.0,6235410,13159.0,2676.0
202018,2020-04-30 00:00:00,425.0,65.0,6235410,13584.0,2741.0
202018,2020-05-01 00:00:00,492.0,72.0,6235410,14076.0,2813.0
202018,2020-05-02 00:00:00,303.0,38.0,6235410,14379.0,2851.0
202019,2020-05-03 00:00:00,317.0,54.0,6235410,14696.0,2905.0
202019,2020-05-04 00:00:00,392.0,36.0,6235410,15088.0,2941.0
202019,2020-05-05 00:00:00,332.0,48.0,6235410,15420.0,2989.0
202019,2020-05-06 00:00:00,388.0,50.0,6235410,15808.0,3039.0
202019,2020-05-07 00:00:00,396.0,48.0,6235410,16204.0,3087.0
202019,2020-05-08 00:00:00,232.0,36.0,6235410,16436.0,3123.0
202019,2020-05-09 00:00:00,203.0,42.0,6235410,16639.0,3165.0
202020,2020-05-10 00:00:00,208.0,34.0,6235410,16847.0,3199.0
202020,2020-05-11 00:00:00,390.0,25.0,6235410,17237.0,3224.0
202020,2020-05-12 00:00:00,316.0,35.0,6235410,17553.0,3259.0
202020,2020-05-13 00:00:00,333.0,34.0,6235410,17886.0,3293.0
202020,2020-05-14 00:00:00,220.0,33.0,6235410,18106.0,3326.0
202020,2020-05-15 00:00:00,212.0,30.0,6235410,18318.0,3356.0
202020,2020-05-16 00:00:00,172.0,35.0,6235410,18490.0,3391.0
202021,2020-05-17 00:00:00,153.0,33.0,6235410,18643.0,3424.0
202021,2020-05-18 00:00:00,283.0,37.0,6235410,18926.0,3461.0
202021,2020-05-19 00:00:00,256.0,21.0,6235410,19182.0,3482.0
202021,2020-05-20 00:00:00,243.0,41.0,6235410,19425.0,3523.0
202021,2020-05-21 00:00:00,245.0,24.0,6235410,19670.0,3547.0
202021,2020-05-22 00:00:00,190.0,24.0,6235410,19860.0,3571.0
202021,2020-05-23 00:00:00,152.0,25.0,6235410,20012.0,3596.0
202022,2020-05-24 00:00:00,103.0,25.0,6235410,20115.0,3621.0
202022,2020-05-25 00:00:00,148.0,27.0,6235410,20263.0,3648.0
202022,2020-05-26 00:00:00,149.0,21.0,6235410,20412.0,3669.0
202022,2020-05-27 00:00:00,151.0,19.0,6235410,20563.0,3688.0
202022,2020-05-28 00:00:00,163.0,25.0,6235410,20726.0,3713.0
202022,2020-05-29 00:00:00,161.0,28.0,6235410,20887.0,3741.0
202022,2020-05-30 00:00:00,83.0,17.0,6235410,20970.0,3758.0
202023,2020-05-31 00:00:00,61.0,10.0,6235410,21031.0,3768.0
202023,2020-06-01 00:00:00,139.0,16.0,6235410,21170.0,3784.0
202023,2020-06-02 00:00:00,132.0,19.0,6235410,21302.0,3803.0
202023,2020-06-03 00:00:00,124.0,14.0,6235410,21426.0,3817.0
202023,2020-06-04 00:00:00,94.0,15.0,6235410,21520.0,3832.0
202023,2020-06-05 00:00:00,110.0,17.0,6235410,21630.0,3849.0
202023,2020-06-06 00:00:00,93.0,9.0,6235410,21723.0,3858.0
202024,2020-06-07 00:00:00,46.0,11.0,6235410,21769.0,3869.0
202024,2020-06-08 00:00:00,96.0,12.0,6235410,21865.0,3881.0
202024,2020-06-09 00:00:00,133.0,8.0,6235410,21998.0,3889.0
202024,2020-06-10 00:00:00,118.0,14.0,6235410,22116.0,3903.0
202024,2020-06-11 00:00:00,71.0,4.0,6235410,22187.0,3907.0
202024,2020-06-12 00:00:00,66.0,8.0,6235410,22253.0,3915.0
202024,2020-06-13 00:00:00,90.0,6.0,6235410,22343.0,3921.0
202025,2020-06-14 00:00:00,74.0,8.0,6235410,22417.0,3929.0
202025,2020-06-15 00:00:00,113.0,8.0,6235410,22530.0,3937.0
202025,2020-06-16 00:00:00,106.0,4.0,6235410,22636.0,3941.0
202025,2020-06-17 00:00:00,77.0,9.0,6235410,22713.0,3950.0
202025,2020-06-18 00:00:00,82.0,5.0,6235410,22795.0,3955.0
202025,2020-06-19 00:00:00,75.0,8.0,6235410,22870.0,3963.0
202025,2020-06-20 00:00:00,31.0,8.0,6235410,22901.0,3971.0
202026,2020-06-21 00:00:00,56.0,6.0,6235410,22957.0,3977.0
202026,2020-06-22 00:00:00,74.0,11.0,6235410,23031.0,3988.0
202026,2020-06-23 00:00:00,44.0,4.0,6235410,23075.0,3992.0
202026,2020-06-24 00:00:00,61.0,7.0,6235410,23136.0,3999.0
202026,2020-06-25 00:00:00,38.0,3.0,6235410,23174.0,4002.0
202026,2020-06-26 00:00:00,59.0,4.0,6235410,23233.0,4006.0
202026,2020-06-27 00:00:00,20.0,7.0,6235410,23253.0,4013.0
202027,2020-06-28 00:00:00,25.0,6.0,6235410,23278.0,4019.0
202027,2020-06-29 00:00:00,48.0,6.0,6235410,23326.0,4025.0
202027,2020-06-30 00:00:00,34.0,5.0,6235410,23360.0,4030.0
202027,2020-07-01 00:00:00,39.0,3.0,6235410,23399.0,4033.0
202027,2020-07-02 00:00:00,64.0,8.0,6235410,23463.0,4041.0
202027,2020-07-03 00:00:00,59.0,2.0,6235410,23522.0,4043.0
202027,2020-07-04 00:00:00,42.0,7.0,6235410,23564.0,4050.0
202028,2020-07-05 00:00:00,37.0,5.0,6235410,23601.0,4055.0
202028,2020-07-06 00:00:00,57.0,3.0,6235410,23658.0,4058.0
202028,2020-07-07 00:00:00,39.0,5.0,6235410,23697.0,4063.0
202028,2020-07-08 00:00:00,76.0,2.0,6235410,23773.0,4065.0
202028,2020-07-09 00:00:00,55.0,6.0,6235410,23828.0,4071.0
202028,2020-07-10 00:00:00,50.0,5.0,6235410,23878.0,4076.0
202028,2020-07-11 00:00:00,45.0,3.0,6235410,23923.0,4079.0
202029,2020-07-12 00:00:00,35.0,1.0,6235410,23958.0,4080.0
202029,2020-07-13 00:00:00,64.0,7.0,6235410,24022.0,4087.0
202029,2020-07-14 00:00:00,82.0,2.0,6235410,24104.0,4089.0
202029,2020-07-15 00:00:00,56.0,1.0,6235410,24160.0,4090.0
202029,2020-07-16 00:00:00,60.0,1.0,6235410,24220.0,4091.0
202029,2020-07-17 00:00:00,52.0,2.0,6235410,24272.0,4093.0
202029,2020-07-18 00:00:00,28.0,2.0,6235410,24300.0,4095.0
202030,2020-07-19 00:00:00,22.0,2.0,6235410,24322.0,4097.0
202030,2020-07-20 00:00:00,83.0,3.0,6235410,24405.0,4100.0
202030,2020-07-21 00:00:00,66.0,0.0,6235410,24471.0,4100.0
202030,2020-07-22 00:00:00,54.0,3.0,6235410,24525.0,4103.0
202030,2020-07-23 00:00:00,50.0,1.0,6235410,24575.0,4104.0
202030,2020-07-24 00:00:00,81.0,1.0,6235410,24656.0,4105.0
202030,2020-07-25 00:00:00,28.0,1.0,6235410,24684.0,4106.0
202031,2020-07-26 00:00:00,27.0,1.0,6235410,24711.0,4107.0
202031,2020-07-27 00:00:00,67.0,2.0,6235410,24778.0,4109.0
202031,2020-07-28 00:00:00,56.0,1.0,6235410,24834.0,4110.0
202031,2020-07-29 00:00:00,70.0,0.0,6235410,24904.0,4110.0
202031,2020-07-30 00:00:00,52.0,1.0,6235410,24956.0,4111.0
202031,2020-07-31 00:00:00,33.0,1.0,6235410,24989.0,4112.0
202031,2020-08-01 00:00:00,26.0,1.0,6235410,25015.0,4113.0
202032,2020-08-02 00:00:00,37.0,0.0,6235410,25052.0,4113.0
202032,2020-08-03 00:00:00,71.0,0.0,6235410,25123.0,4113.0
202032,2020-08-04 00:00:00,59.0,1.0,6235410,25182.0,4114.0
202032,2020-08-05 00:00:00,56.0,0.0,6235410,25238.0,4114.0
202032,2020-08-06 00:00:00,45.0,0.0,6235410,25283.0,4114.0
202032,2020-08-07 00:00:00,72.0,1.0,6235410,25355.0,4115.0
202032,2020-08-08 00:00:00,44.0,0.0,6235410,25399.0,4115.0
202033,2020-08-09 00:00:00,23.0,1.0,6235410,25422.0,4116.0
202033,2020-08-10 00:00:00,69.0,0.0,6235410,25491.0,4116.0
202033,2020-08-11 00:00:00,48.0,2.0,6235410,25539.0,4118.0
202033,2020-08-12 00:00:00,67.0,1.0,6235410,25606.0,4119.0
202033,2020-08-13 00:00:00,63.0,0.0,6235410,25669.0,4119.0
202033,2020-08-14 00:00:00,69.0,1.0,6235410,25738.0,4120.0
202033,2020-08-15 00:00:00,31.0,0.0,6235410,25769.0,4120.0
202034,2020-08-16 00:00:00,27.0,0.0,6235410,25796.0,4120.0
202034,2020-08-17 00:00:00,64.0,1.0,6235410,25860.0,4121.0
202034,2020-08-18 00:00:00,62.0,2.0,6235410,25922.0,4123.0
202034,2020-08-19 00:00:00,65.0,0.0,6235410,25987.0,4123.0
202034,2020-08-20 00:00:00,81.0,2.0,6235410,26068.0,4125.0
202034,2020-08-21 00:00:00,67.0,0.0,6235410,26135.0,4125.0
202034,2020-08-22 00:00:00,50.0,0.0,6235410,26185.0,4125.0
202035,2020-08-23 00:00:00,52.0,1.0,6235410,26237.0,4126.0
202035,2020-08-24 00:00:00,101.0,1.0,6235410,26338.0,4127.0
202035,2020-08-25 00:00:00,100.0,0.0,6235410,26438.0,4127.0
202035,2020-08-26 00:00:00,95.0,1.0,6235410,26533.0,4128.0
202035,2020-08-27 00:00:00,125.0,2.0,6235410,26658.0,4130.0
202035,2020-08-28 00:00:00,102.0,0.0,6235410,26760.0,4130.0
202035,2020-08-29 00:00:00,80.0,0.0,6235410,26840.0,4130.0
202036,2020-08-30 00:00:00,88.0,0.0,6235410,26928.0,4130.0
202036,2020-08-31 00:00:00,103.0,0.0,6235410,27031.0,4130.0
202036,2020-09-01 00:00:00,130.0,0.0,6235410,27161.0,4130.0
202036,2020-09-02 00:00:00,177.0,1.0,6235410,27338.0,4131.0
202036,2020-09-03 00:00:00,158.0,1.0,6235410,27496.0,4132.0
202036,2020-09-04 00:00:00,122.0,2.0,6235410,27618.0,4134.0
202036,2020-09-05 00:00:00,98.0,0.0,6235410,27716.0,4134.0
202037,2020-09-06 00:00:00,80.0,1.0,6235410,27796.0,4135.0
202037,2020-09-07 00:00:00,156.0,0.0,6235410,27952.0,4135.0
202037,2020-09-08 00:00:00,170.0,0.0,6235410,28122.0,4135.0
202037,2020-09-09 00:00:00,129.0,0.0,6235410,28251.0,4135.0
202037,2020-09-10 00:00:00,167.0,0.0,6235410,28418.0,4135.0
202037,2020-09-11 00:00:00,131.0,0.0,6235410,28549.0,4135.0
202037,2020-09-12 00:00:00,85.0,0.0,6235410,28634.0,4135.0
202038,2020-09-13 00:00:00,58.0,1.0,6235410,28692.0,4136.0
202038,2020-09-14 00:00:00,146.0,1.0,6235410,28838.0,4137.0
202038,2020-09-15 00:00:00,151.0,0.0,6235410,28989.0,4137.0
202038,2020-09-16 00:00:00,142.0,1.0,6235410,29131.0,4138.0
202038,2020-09-17 00:00:00,148.0,1.0,6235410,29279.0,4139.0
202038,2020-09-18 00:00:00,212.0,0.0,6235410,29491.0,4139.0
202038,2020-09-19 00:00:00,147.0,0.0,6235410,29638.0,4139.0
202039,2020-09-20 00:00:00,163.0,2.0,6235410,29801.0,4141.0
202039,2020-09-21 00:00:00,167.0,0.0,6235410,29968.0,4141.0
202039,2020-09-22 00:00:00,219.0,3.0,6235410,30187.0,4144.0
202039,2020-09-23 00:00:00,197.0,1.0,6235410,30384.0,4145.0
202039,2020-09-24 00:00:00,227.0,1.0,6235410,30611.0,4146.0
202039,2020-09-25 00:00:00,217.0,3.0,6235410,30828.0,4149.0
202039,2020-09-26 00:00:00,168.0,1.0,6235410,30996.0,4150.0
202040,2020-09-27 00:00:00,210.0,1.0,6235410,31206.0,4151.0
202040,2020-09-28 00:00:00,311.0,4.0,6235410,31517.0,4155.0
202040,2020-09-29 00:00:00,335.0,4.0,6235410,31852.0,4159.0
202040,2020-09-30 00:00:00,366.0,2.0,6235410,32218.0,4161.0
202040,2020-10-01 00:00:00,363.0,3.0,6235410,32581.0,4164.0
202040,2020-10-02 00:00:00,423.0,1.0,6235410,33004.0,4165.0
202040,2020-10-03 00:00:00,366.0,1.0,6235410,33370.0,4166.0
202041,2020-10-04 00:00:00,360.0,1.0,6235410,33730.0,4167.0
202041,2020-10-05 00:00:00,538.0,1.0,6235410,34268.0,4168.0
202041,2020-10-06 00:00:00,570.0,4.0,6235410,34838.0,4172.0
202041,2020-10-07 00:00:00,553.0,8.0,6235410,35391.0,4180.0
202041,2020-10-08 00:00:00,581.0,3.0,6235410,35972.0,4183.0
202041,2020-10-09 00:00:00,570.0,2.0,6235410,36542.0,4185.0
202041,2020-10-10 00:00:00,336.0,6.0,6235410,36878.0,4191.0
202042,2020-10-11 00:00:00,379.0,4.0,6235410,37257.0,4195.0
202042,2020-10-12 00:00:00,711.0,2.0,6235410,37968.0,4197.0
202042,2020-10-13 00:00:00,735.0,2.0,6235410,38703.0,4199.0
202042,2020-10-14 00:00:00,684.0,2.0,6235410,39387.0,4201.0
202042,2020-10-15 00:00:00,852.0,5.0,6235410,40239.0,4206.0
202042,2020-10-16 00:00:00,662.0,6.0,6235410,40901.0,4212.0
202042,2020-10-17 00:00:00,512.0,8.0,6235410,41413.0,4220.0
202043,2020-10-18 00:00:00,586.0,6.0,6235410,41999.0,4226.0
202043,2020-10-19 00:00:00,1054.0,6.0,6235410,43053.0,4232.0
202043,2020-10-20 00:00:00,1106.0,11.0,6235410,44159.0,4243.0
202043,2020-10-21 00:00:00,1055.0,12.0,6235410,45214.0,4255.0
202043,2020-10-22 00:00:00,1002.0,9.0,6235410,46216.0,4264.0
202043,2020-10-23 00:00:00,1007.0,16.0,6235410,47223.0,4280.0
202043,2020-10-24 00:00:00,600.0,6.0,6235410,47823.0,4286.0
202044,2020-10-25 00:00:00,576.0,13.0,6235410,48399.0,4299.0
202044,2020-10-26 00:00:00,1156.0,10.0,6235410,49555.0,4309.0
202044,2020-10-27 00:00:00,940.0,12.0,6235410,50495.0,4321.0
202044,2020-10-28 00:00:00,1028.0,15.0,6235410,51523.0,4336.0
202044,2020-10-29 00:00:00,986.0,18.0,6235410,52509.0,4354.0
202044,2020-10-30 00:00:00,1000.0,19.0,6235410,53509.0,4373.0
202044,2020-10-31 00:00:00,733.0,19.0,6235410,54242.0,4392.0
202045,2020-11-01 00:00:00,637.0,19.0,6235410,54879.0,4411.0
202045,2020-11-02 00:00:00,1395.0,14.0,6235410,56274.0,4425.0
202045,2020-11-03 00:00:00,1162.0,16.0,6235410,57436.0,4441.0
202045,2020-11-04 00:00:00,1056.0,13.0,6235410,58492.0,4454.0
202045,2020-11-05 00:00:00,1131.0,21.0,6235410,59623.0,4475.0
202045,2020-11-06 00:00:00,1125.0,22.0,6235410,60748.0,4497.0
202045,2020-11-07 00:00:00,1016.0,16.0,6235410,61764.0,4513.0
202046,2020-11-08 00:00:00,1094.0,20.0,6235410,62858.0,4533.0
202046,2020-11-09 00:00:00,1827.0,26.0,6235410,64685.0,4559.0
202046,2020-11-10 00:00:00,1473.0,23.0,6235410,66158.0,4582.0
202046,2020-11-11 00:00:00,1629.0,23.0,6235410,67787.0,4605.0
202046,2020-11-12 00:00:00,1389.0,18.0,6235410,69176.0,4623.0
202046,2020-11-13 00:00:00,1377.0,19.0,6235410,70553.0,4642.0
202046,2020-11-14 00:00:00,1012.0,24.0,6235410,71565.0,4666.0
202047,2020-11-15 00:00:00,928.0,11.0,6235410,72493.0,4677.0
202047,2020-11-16 00:00:00,1615.0,17.0,6235410,74108.0,4694.0
202047,2020-11-17 00:00:00,1335.0,21.0,6235410,75443.0,4715.0
202047,2020-11-18 00:00:00,1270.0,21.0,6235410,76713.0,4736.0
202047,2020-11-19 00:00:00,1198.0,23.0,6235410,77911.0,4759.0
202047,2020-11-20 00:00:00,1079.0,22.0,6235410,78990.0,4781.0
202047,2020-11-21 00:00:00,805.0,26.0,6235410,79795.0,4807.0
202048,2020-11-22 00:00:00,813.0,25.0,6235410,80608.0,4832.0
202048,2020-11-23 00:00:00,1257.0,24.0,6235410,81865.0,4856.0
202048,2020-11-24 00:00:00,1051.0,23.0,6235410,82916.0,4879.0
202048,2020-11-25 00:00:00,1218.0,31.0,6235410,84134.0,4910.0
202048,2020-11-26 00:00:00,1041.0,19.0,6235410,85175.0,4929.0
202048,2020-11-27 00:00:00,1144.0,24.0,6235410,86319.0,4953.0
202048,2020-11-28 00:00:00,815.0,30.0,6235410,87134.0,4983.0
202049,2020-11-29 00:00:00,776.0,18.0,6235410,87910.0,5001.0
202049,2020-11-30 00:00:00,1535.0,27.0,6235410,89445.0,5028.0
202049,2020-12-01 00:00:00,1303.0,32.0,6235410,90748.0,5060.0
202049,2020-12-02 00:00:00,1459.0,22.0,6235410,92207.0,5082.0
202049,2020-12-03 00:00:00,1353.0,26.0,6235410,93560.0,5108.0
202049,2020-12-04 00:00:00,1399.0,28.0,6235410,94959.0,5136.0
202049,2020-12-05 00:00:00,1211.0,30.0,6235410,96170.0,5166.0
202050,2020-12-06 00:00:00,1318.0,28.0,6235410,97488.0,5194.0
202050,2020-12-07 00:00:00,2223.0,28.0,6235410,99711.0,5222.0
202050,2020-12-08 00:00:00,2115.0,29.0,6235410,101826.0,5251.0
202050,2020-12-09 00:00:00,2283.0,36.0,6235410,104109.0,5287.0
202050,2020-12-10 00:00:00,2343.0,39.0,6235410,106452.0,5326.0
202050,2020-12-11 00:00:00,2722.0,52.0,6235410,109174.0,5378.0
202050,2020-12-12 00:00:00,2264.0,32.0,6235410,111438.0,5410.0
202051,2020-12-13 00:00:00,2791.0,36.0,6235410,114229.0,5446.0
202051,2020-12-14 00:00:00,4492.0,39.0,6235410,118721.0,5485.0
202051,2020-12-15 00:00:00,4407.0,42.0,6235410,123128.0,5527.0
202051,2020-12-16 00:00:00,4780.0,41.0,6235410,127908.0,5568.0
202051,2020-12-17 00:00:00,4688.0,45.0,6235410,132596.0,5613.0
202051,2020-12-18 00:00:00,5206.0,57.0,6235410,137802.0,5670.0
202051,2020-12-19 00:00:00,3453.0,64.0,6235410,141255.0,5734.0
202052,2020-12-20 00:00:00,4683.0,61.0,6235410,145938.0,5795.0
202052,2020-12-21 00:00:00,6813.0,71.0,6235410,152751.0,5866.0
202052,2020-12-22 00:00:00,6464.0,56.0,6235410,159215.0,5922.0
202052,2020-12-23 00:00:00,5975.0,72.0,6235410,165190.0,5994.0
202052,2020-12-24 00:00:00,4403.0,75.0,6235410,169593.0,6069.0
202052,2020-12-25 00:00:00,1769.0,81.0,6235410,171362.0,6150.0
202052,2020-12-26 00:00:00,5846.0,83.0,6235410,177208.0,6233.0
202053,2020-12-27 00:00:00,6664.0,70.0,6235410,183872.0,6303.0
202053,2020-12-28 00:00:00,6066.0,90.0,6235410,189938.0,6393.0
202053,2020-12-29 00:00:00,11306.0,84.0,6235410,201244.0,6477.0
202053,2020-12-30 00:00:00,8896.0,96.0,6235410,210140.0,6573.0
202053,2020-12-31 00:00:00,6603.0,102.0,6235410,216743.0,6675.0
202053,2021-01-01 00:00:00,4114.0,107.0,6235410,220857.0,6782.0
202053,2021-01-02 00:00:00,7402.0,94.0,6235410,228259.0,6876.0
202101,2021-01-03 00:00:00,6618.0,112.0,6235410,234877.0,6988.0
202101,2021-01-04 00:00:00,9547.0,125.0,6235410,244424.0,7113.0
202101,2021-01-05 00:00:00,7372.0,141.0,6235410,251796.0,7254.0
202101,2021-01-06 00:00:00,6396.0,118.0,6235410,258192.0,7372.0
202101,2021-01-07 00:00:00,5924.0,151.0,6235410,264116.0,7523.0
202101,2021-01-08 00:00:00,5332.0,131.0,6235410,269448.0,7654.0
202101,2021-01-09 00:00:00,4147.0,170.0,6235410,273595.0,7824.0
202102,2021-01-10 00:00:00,3816.0,186.0,6235410,277411.0,8010.0
202102,2021-01-11 00:00:00,6267.0,156.0,6235410,283678.0,8166.0
202102,2021-01-12 00:00:00,5329.0,186.0,6235410,289007.0,8352.0
202102,2021-01-13 00:00:00,5023.0,179.0,6235410,294030.0,8531.0
202102,2021-01-14 00:00:00,4711.0,166.0,6235410,298741.0,8697.0
202102,2021-01-15 00:00:00,4566.0,185.0,6235410,303307.0,8882.0
202102,2021-01-16 00:00:00,3065.0,189.0,6235410,306372.0,9071.0
202103,2021-01-17 00:00:00,3092.0,203.0,6235410,309464.0,9274.0
202103,2021-01-18 00:00:00,4754.0,177.0,6235410,314218.0,9451.0
202103,2021-01-19 00:00:00,4104.0,181.0,6235410,318322.0,9632.0
202103,2021-01-20 00:00:00,3754.0,196.0,6235410,322076.0,9828.0
202103,2021-01-21 00:00:00,3397.0,195.0,6235410,325473.0,10023.0
202103,2021-01-22 00:00:00,3184.0,181.0,6235410,328657.0,10204.0
202103,2021-01-23 00:00:00,2332.0,152.0,6235410,330989.0,10356.0
202104,2021-01-24 00:00:00,1827.0,172.0,6235410,332816.0,10528.0
202104,2021-01-25 00:00:00,3253.0,156.0,6235410,336069.0,10684.0
202104,2021-01-26 00:00:00,2936.0,126.0,6235410,339005.0,10810.0
202104,2021-01-27 00:00:00,2594.0,150.0,6235410,341599.0,10960.0
202104,2021-01-28 00:00:00,2496.0,158.0,6235410,344095.0,11118.0
202104,2021-01-29 00:00:00,2193.0,135.0,6235410,346288.0,11253.0
202104,2021-01-30 00:00:00,1649.0,125.0,6235410,347937.0,11378.0
202105,2021-01-31 00:00:00,1544.0,115.0,6235410,349481.0,11493.0
202105,2021-02-01 00:00:00,2211.0,103.0,6235410,351692.0,11596.0
202105,2021-02-02 00:00:00,2019.0,103.0,6235410,353711.0,11699.0
202105,2021-02-03 00:00:00,1860.0,109.0,6235410,355571.0,11808.0
202105,2021-02-04 00:00:00,1662.0,101.0,6235410,357233.0,11909.0
202105,2021-02-05 00:00:00,1508.0,98.0,6235410,358741.0,12007.0
202105,2021-02-06 00:00:00,1091.0,97.0,6235410,359832.0,12104.0
202106,2021-02-07 00:00:00,972.0,79.0,6235410,360804.0,12183.0
202106,2021-02-08 00:00:00,1269.0,91.0,6235410,362073.0,12274.0
202106,2021-02-09 00:00:00,1193.0,76.0,6235410,363266.0,12350.0
202106,2021-02-10 00:00:00,1284.0,67.0,6235410,364550.0,12417.0
202106,2021-02-11 00:00:00,1097.0,73.0,6235410,365647.0,12490.0
202106,2021-02-12 00:00:00,1021.0,59.0,6235410,366668.0,12549.0
202106,2021-02-13 00:00:00,778.0,46.0,6235410,367446.0,12595.0
202107,2021-02-14 00:00:00,697.0,55.0,6235410,368143.0,12650.0
202107,2021-02-15 00:00:00,1178.0,65.0,6235410,369321.0,12715.0
202107,2021-02-16 00:00:00,1027.0,63.0,6235410,370348.0,12778.0
202107,2021-02-17 00:00:00,904.0,49.0,6235410,371252.0,12827.0
202107,2021-02-18 00:00:00,943.0,38.0,6235410,372195.0,12865.0
202107,2021-02-19 00:00:00,759.0,44.0,6235410,372954.0,12909.0
202107,2021-02-20 00:00:00,677.0,37.0,6235410,373631.0,12946.0
202108,2021-02-21 00:00:00,604.0,25.0,6235410,374235.0,12971.0
202108,2021-02-22 00:00:00,885.0,27.0,6235410,375120.0,12998.0
202108,2021-02-23 00:00:00,887.0,32.0,6235410,376007.0,13030.0
202108,2021-02-24 00:00:00,637.0,25.0,6235410,376644.0,13055.0
202108,2021-02-25 00:00:00,604.0,29.0,6235410,377248.0,13084.0
202108,2021-02-26 00:00:00,530.0,23.0,6235410,377778.0,13107.0
202108,2021-02-27 00:00:00,347.0,30.0,6235410,378125.0,13137.0
202109,2021-02-28 00:00:00,360.0,20.0,6235410,378485.0,13157.0
202109,2021-03-01 00:00:00,536.0,17.0,6235410,379021.0,13174.0
202109,2021-03-02 00:00:00,560.0,23.0,6235410,379581.0,13197.0
202109,2021-03-03 00:00:00,475.0,11.0,6235410,380056.0,13208.0
202109,2021-03-04 00:00:00,450.0,15.0,6235410,380506.0,13223.0
202109,2021-03-05 00:00:00,402.0,14.0,6235410,380908.0,13237.0
202109,2021-03-06 00:00:00,287.0,16.0,6235410,381195.0,13253.0
202110,2021-03-07 00:00:00,298.0,20.0,6235410,381493.0,13273.0
202110,2021-03-08 00:00:00,505.0,12.0,6235410,381998.0,13285.0
202110,2021-03-09 00:00:00,416.0,9.0,6235410,382414.0,13294.0
202110,2021-03-10 00:00:00,422.0,10.0,6235410,382836.0,13304.0
202110,2021-03-11 00:00:00,419.0,12.0,6235410,383255.0,13316.0
202110,2021-03-12 00:00:00,399.0,3.0,6235410,383654.0,13319.0
202110,2021-03-13 00:00:00,311.0,10.0,6235410,383965.0,13329.0
202111,2021-03-14 00:00:00,322.0,8.0,6235410,384287.0,13337.0
202111,2021-03-15 00:00:00,482.0,7.0,6235410,384769.0,13344.0
202111,2021-03-16 00:00:00,378.0,12.0,6235410,385147.0,13356.0
202111,2021-03-17 00:00:00,467.0,6.0,6235410,385614.0,13362.0
202111,2021-03-18 00:00:00,378.0,4.0,6235410,385992.0,13366.0
202111,2021-03-19 00:00:00,373.0,5.0,6235410,386365.0,13371.0
202111,2021-03-20 00:00:00,259.0,4.0,6235410,386624.0,13375.0
202112,2021-03-21 00:00:00,450.0,9.0,6235410,387074.0,13384.0
202112,2021-03-22 00:00:00,470.0,5.0,6235410,387544.0,13389.0
202112,2021-03-23 00:00:00,329.0,4.0,6235410,387873.0,13393.0
202112,2021-03-24 00:00:00,487.0,3.0,6235410,388360.0,13396.0
202112,2021-03-25 00:00:00,399.0,6.0,6235410,388759.0,13402.0
202112,2021-03-26 00:00:00,311.0,1.0,6235410,389070.0,13403.0
202112,2021-03-27 00:00:00,259.0,2.0,6235410,389329.0,13405.0
202113,2021-03-28 00:00:00,354.0,6.0,6235410,389683.0,13411.0
202113,2021-03-29 00:00:00,257.0,2.0,6235410,389940.0,13413.0
202113,2021-03-30 00:00:00,224.0,6.0,6235410,390164.0,13419.0
202113,2021-03-31 00:00:00,275.0,3.0,6235410,390439.0,13422.0
202113,2021-04-01 00:00:00,293.0,1.0,6235410,390732.0,13423.0
202113,2021-04-02 00:00:00,210.0,1.0,6235410,390942.0,13424.0
202113,2021-04-03 00:00:00,176.0,3.0,6235410,391118.0,13427.0
202114,2021-04-04 00:00:00,161.0,3.0,6235410,391279.0,13430.0
202114,2021-04-05 00:00:00,172.0,0.0,6235410,391451.0,13430.0
202114,2021-04-06 00:00:00,246.0,0.0,6235410,391697.0,13430.0
202114,2021-04-07 00:00:00,220.0,2.0,6235410,391917.0,13432.0
202114,2021-04-08 00:00:00,232.0,2.0,6235410,392149.0,13434.0
202114,2021-04-09 00:00:00,230.0,1.0,6235410,392379.0,13435.0
202114,2021-04-10 00:00:00,181.0,3.0,6235410,392560.0,13438.0
202115,2021-04-11 00:00:00,205.0,0.0,6235410,392765.0,13438.0
202115,2021-04-12 00:00:00,244.0,1.0,6235410,393009.0,13439.0
202115,2021-04-13 00:00:00,153.0,2.0,6235410,393162.0,13441.0
202115,2021-04-14 00:00:00,206.0,1.0,6235410,393368.0,13442.0
202115,2021-04-15 00:00:00,170.0,2.0,6235410,393538.0,13444.0
202115,2021-04-16 00:00:00,170.0,3.0,6235410,393708.0,13447.0
202115,2021-04-17 00:00:00,123.0,3.0,6235410,393831.0,13450.0
202116,2021-04-18 00:00:00,211.0,1.0,6235410,394042.0,13451.0
202116,2021-04-19 00:00:00,199.0,0.0,6235410,394241.0,13451.0
202116,2021-04-20 00:00:00,194.0,2.0,6235410,394435.0,13453.0
202116,2021-04-21 00:00:00,207.0,1.0,6235410,394642.0,13454.0
202116,2021-04-22 00:00:00,213.0,0.0,6235410,394855.0,13454.0
202116,2021-04-23 00:00:00,172.0,2.0,6235410,395027.0,13456.0
202116,2021-04-24 00:00:00,128.0,1.0,6235410,395155.0,13457.0
202117,2021-04-25 00:00:00,201.0,4.0,6235410,395356.0,13461.0
202117,2021-04-26 00:00:00,219.0,1.0,6235410,395575.0,13462.0
202117,2021-04-27 00:00:00,156.0,5.0,6235410,395731.0,13467.0
202117,2021-04-28 00:00:00,159.0,2.0,6235410,395890.0,13469.0
202117,2021-04-29 00:00:00,186.0,1.0,6235410,396076.0,13470.0
202117,2021-04-30 00:00:00,128.0,1.0,6235410,396204.0,13471.0
202117,2021-05-01 00:00:00,116.0,0.0,6235410,396320.0,13471.0
202118,2021-05-02 00:00:00,141.0,0.0,6235410,396461.0,13471.0
202118,2021-05-03 00:00:00,163.0,0.0,6235410,396624.0,13471.0
202118,2021-05-04 00:00:00,216.0,2.0,6235410,396840.0,13473.0
202118,2021-05-05 00:00:00,184.0,1.0,6235410,397024.0,13474.0
202118,2021-05-06 00:00:00,162.0,4.0,6235410,397186.0,13478.0
202118,2021-05-07 00:00:00,130.0,0.0,6235410,397316.0,13478.0
202118,2021-05-08 00:00:00,109.0,1.0,6235410,397425.0,13479.0
202119,2021-05-09 00:00:00,212.0,1.0,6235410,397637.0,13480.0
202119,2021-05-10 00:00:00,218.0,0.0,6235410,397855.0,13480.0
202119,2021-05-11 00:00:00,163.0,2.0,6235410,398018.0,13482.0
202119,2021-05-12 00:00:00,184.0,0.0,6235410,398202.0,13482.0
202119,2021-05-13 00:00:00,173.0,1.0,6235410,398375.0,13483.0
202119,2021-05-14 00:00:00,124.0,0.0,6235410,398499.0,13483.0
202119,2021-05-15 00:00:00,92.0,1.0,6235410,398591.0,13484.0
202120,2021-05-16 00:00:00,138.0,1.0,6235410,398729.0,13485.0
202120,2021-05-17 00:00:00,217.0,1.0,6235410,398946.0,13486.0
202120,2021-05-18 00:00:00,185.0,1.0,6235410,399131.0,13487.0
202120,2021-05-19 00:00:00,215.0,0.0,6235410,399346.0,13487.0
202120,2021-05-20 00:00:00,172.0,0.0,6235410,399518.0,13487.0
202120,2021-05-21 00:00:00,151.0,1.0,6235410,399669.0,13488.0
202120,2021-05-22 00:00:00,140.0,0.0,6235410,399809.0,13488.0
202121,2021-05-23 00:00:00,161.0,0.0,6235410,399970.0,13488.0
202121,2021-05-24 00:00:00,192.0,0.0,6235410,400162.0,13488.0
202121,2021-05-25 00:00:00,209.0,0.0,6235410,400371.0,13488.0
202121,2021-05-26 00:00:00,231.0,2.0,6235410,400602.0,13490.0
202121,2021-05-27 00:00:00,204.0,0.0,6235410,400806.0,13490.0
202121,2021-05-28 00:00:00,205.0,1.0,6235410,401011.0,13491.0
202121,2021-05-29 00:00:00,148.0,1.0,6235410,401159.0,13492.0
202122,2021-05-30 00:00:00,152.0,1.0,6235410,401311.0,13493.0
202122,2021-05-31 00:00:00,178.0,2.0,6235410,401489.0,13495.0
202122,2021-06-01 00:00:00,254.0,0.0,6235410,401743.0,13495.0
202122,2021-06-02 00:00:00,287.0,2.0,6235410,402030.0,13497.0
202122,2021-06-03 00:00:00,286.0,0.0,6235410,402316.0,13497.0
202122,2021-06-04 00:00:00,280.0,0.0,6235410,402596.0,13497.0
202122,2021-06-05 00:00:00,226.0,1.0,6235410,402822.0,13498.0
202123,2021-06-06 00:00:00,284.0,0.0,6235410,403106.0,13498.0
202123,2021-06-07 00:00:00,345.0,1.0,6235410,403451.0,13499.0
202123,2021-06-08 00:00:00,398.0,1.0,6235410,403849.0,13500.0
202123,2021-06-09 00:00:00,333.0,1.0,6235410,404182.0,13501.0
202123,2021-06-10 00:00:00,308.0,1.0,6235410,404490.0,13502.0
202123,2021-06-11 00:00:00,336.0,0.0,6235410,404826.0,13502.0
202123,2021-06-12 00:00:00,295.0,1.0,6235410,405121.0,13503.0
202124,2021-06-13 00:00:00,331.0,1.0,6235410,405452.0,13504.0
202124,2021-06-14 00:00:00,435.0,0.0,6235410,405887.0,13504.0
202124,2021-06-15 00:00:00,445.0,1.0,6235410,406332.0,13505.0
202124,2021-06-16 00:00:00,448.0,2.0,6235410,406780.0,13507.0
202124,2021-06-17 00:00:00,474.0,0.0,6235410,407254.0,13507.0
202124,2021-06-18 00:00:00,448.0,0.0,6235410,407702.0,13507.0
202124,2021-06-19 00:00:00,340.0,0.0,6235410,408042.0,13507.0
202125,2021-06-20 00:00:00,432.0,2.0,6235410,408474.0,13509.0
202125,2021-06-21 00:00:00,654.0,0.0,6235410,409128.0,13509.0
202125,2021-06-22 00:00:00,718.0,1.0,6235410,409846.0,13510.0
202125,2021-06-23 00:00:00,827.0,0.0,6235410,410673.0,13510.0
202125,2021-06-24 00:00:00,828.0,0.0,6235410,411501.0,13510.0
202125,2021-06-25 00:00:00,806.0,1.0,6235410,412307.0,13511.0
202125,2021-06-26 00:00:00,804.0,1.0,6235410,413111.0,13512.0
202126,2021-06-27 00:00:00,979.0,0.0,6235410,414090.0,13512.0
202126,2021-06-28 00:00:00,1428.0,0.0,6235410,415518.0,13512.0
202126,2021-06-29 00:00:00,1422.0,0.0,6235410,416940.0,13512.0
202126,2021-06-30 00:00:00,1522.0,1.0,6235410,418462.0,13513.0
202126,2021-07-01 00:00:00,1657.0,0.0,6235410,420119.0,13513.0
202126,2021-07-02 00:00:00,1572.0,1.0,6235410,421691.0,13514.0
202126,2021-07-03 00:00:00,1563.0,0.0,6235410,423254.0,13514.0
202127,2021-07-04 00:00:00,1713.0,0.0,6235410,424967.0,13514.0
202127,2021-07-05 00:00:00,2317.0,2.0,6235410,427284.0,13516.0
202127,2021-07-06 00:00:00,2389.0,2.0,6235410,429673.0,13518.0
202127,2021-07-07 00:00:00,2587.0,1.0,6235410,432260.0,13519.0
202127,2021-07-08 00:00:00,2337.0,4.0,6235410,434597.0,13523.0
202127,2021-07-09 00:00:00,2277.0,1.0,6235410,436874.0,13524.0
202127,2021-07-10 00:00:00,1923.0,3.0,6235410,438797.0,13527.0
202128,2021-07-11 00:00:00,2302.0,2.0,6235410,441099.0,13529.0
202128,2021-07-12 00:00:00,3348.0,2.0,6235410,444447.0,13531.0
202128,2021-07-13 00:00:00,3762.0,1.0,6235410,448209.0,13532.0
202128,2021-07-14 00:00:00,4750.0,1.0,6235410,452959.0,13533.0
202128,2021-07-15 00:00:00,5499.0,2.0,6235410,458458.0,13535.0
202128,2021-07-16 00:00:00,4763.0,0.0,6235410,463221.0,13535.0
202128,2021-07-17 00:00:00,3380.0,3.0,6235410,466601.0,13538.0
202129,2021-07-18 00:00:00,3203.0,4.0,6235410,469804.0,13542.0
202129,2021-07-19 00:00:00,4051.0,3.0,6235410,473855.0,13545.0
202129,2021-07-20 00:00:00,3479.0,6.0,6235410,477334.0,13551.0
202129,2021-07-21 00:00:00,3055.0,2.0,6235410,480389.0,13553.0
202129,2021-07-22 00:00:00,2756.0,3.0,6235410,483145.0,13556.0
202129,2021-07-23 00:00:00,2313.0,6.0,6235410,485458.0,13562.0
202129,2021-07-24 00:00:00,1965.0,7.0,6235410,487423.0,13569.0
202130,2021-07-25 00:00:00,1860.0,3.0,6235410,489283.0,13572.0
202130,2021-07-26 00:00:00,2444.0,5.0,6235410,491727.0,13577.0
202130,2021-07-27 00:00:00,2466.0,5.0,6235410,494193.0,13582.0
202130,2021-07-28 00:00:00,2631.0,5.0,6235410,496824.0,13587.0
202130,2021-07-29 00:00:00,2421.0,2.0,6235410,499245.0,13589.0
202130,2021-07-30 00:00:00,2209.0,5.0,6235410,501454.0,13594.0
202130,2021-07-31 00:00:00,1913.0,8.0,6235410,503367.0,13602.0
202131,2021-08-01 00:00:00,1777.0,2.0,6235410,505144.0,13604.0
202131,2021-08-02 00:00:00,2548.0,6.0,6235410,507692.0,13610.0
202131,2021-08-03 00:00:00,2652.0,5.0,6235410,510344.0,13615.0
202131,2021-08-04 00:00:00,2800.0,4.0,6235410,513144.0,13619.0
202131,2021-08-05 00:00:00,2738.0,2.0,6235410,515882.0,13621.0
202131,2021-08-06 00:00:00,2373.0,6.0,6235410,518255.0,13627.0
202131,2021-08-07 00:00:00,1940.0,10.0,6235410,520195.0,13637.0
202132,2021-08-08 00:00:00,1932.0,8.0,6235410,522127.0,13645.0
202132,2021-08-09 00:00:00,2705.0,6.0,6235410,524832.0,13651.0
202132,2021-08-10 00:00:00,2532.0,6.0,6235410,527364.0,13657.0
202132,2021-08-11 00:00:00,2780.0,6.0,6235410,530144.0,13663.0
202132,2021-08-12 00:00:00,2754.0,9.0,6235410,532898.0,13672.0
202132,2021-08-13 00:00:00,2456.0,9.0,6235410,535354.0,13681.0
202132,2021-08-14 00:00:00,2027.0,8.0,6235410,537381.0,13689.0
202133,2021-08-15 00:00:00,2026.0,9.0,6235410,539407.0,13698.0
202133,2021-08-16 00:00:00,2870.0,10.0,6235410,542277.0,13708.0
202133,2021-08-17 00:00:00,2747.0,9.0,6235410,545024.0,13717.0
202133,2021-08-18 00:00:00,2893.0,8.0,6235410,547917.0,13725.0
202133,2021-08-19 00:00:00,2798.0,9.0,6235410,550715.0,13734.0
202133,2021-08-20 00:00:00,2435.0,8.0,6235410,553150.0,13742.0
202133,2021-08-21 00:00:00,2146.0,10.0,6235410,555296.0,13752.0
202134,2021-08-22 00:00:00,2165.0,10.0,6235410,557461.0,13762.0
202134,2021-08-23 00:00:00,2875.0,4.0,6235410,560336.0,13766.0
202134,2021-08-24 00:00:00,2638.0,7.0,6235410,562974.0,13773.0
202134,2021-08-25 00:00:00,2648.0,11.0,6235410,565622.0,13784.0
202134,2021-08-26 00:00:00,2567.0,16.0,6235410,568189.0,13800.0
202134,2021-08-27 00:00:00,2387.0,9.0,6235410,570576.0,13809.0
202134,2021-08-28 00:00:00,1973.0,4.0,6235410,572549.0,13813.0
202135,2021-08-29 00:00:00,1869.0,12.0,6235410,574418.0,13825.0
202135,2021-08-30 00:00:00,2412.0,7.0,6235410,576830.0,13832.0
202135,2021-08-31 00:00:00,3331.0,11.0,6235410,580161.0,13843.0
202135,2021-09-01 00:00:00,3167.0,10.0,6235410,583328.0,13853.0
202135,2021-09-02 00:00:00,3061.0,8.0,6235410,586389.0,13861.0
202135,2021-09-03 00:00:00,2885.0,16.0,6235410,589274.0,13877.0
202135,2021-09-04 00:00:00,2422.0,14.0,6235410,591696.0,13891.0
202136,2021-09-05 00:00:00,2364.0,13.0,6235410,594060.0,13904.0
202136,2021-09-06 00:00:00,3392.0,10.0,6235410,597452.0,13914.0
202136,2021-09-07 00:00:00,2975.0,12.0,6235410,600427.0,13926.0
202136,2021-09-08 00:00:00,2508.0,14.0,6235410,602935.0,13940.0
202136,2021-09-09 00:00:00,2372.0,3.0,6235410,605307.0,13943.0
202136,2021-09-10 00:00:00,2091.0,9.0,6235410,607398.0,13952.0
202136,2021-09-11 00:00:00,1744.0,16.0,6235410,609142.0,13968.0
202137,2021-09-12 00:00:00,1905.0,12.0,6235410,611047.0,13980.0
202137,2021-09-13 00:00:00,2641.0,7.0,6235410,613688.0,13987.0
202137,2021-09-14 00:00:00,2307.0,11.0,6235410,615995.0,13998.0
202137,2021-09-15 00:00:00,2386.0,7.0,6235410,618381.0,14005.0
202137,2021-09-16 00:00:00,2258.0,15.0,6235410,620639.0,14020.0
202137,2021-09-17 00:00:00,2236.0,16.0,6235410,622875.0,14036.0
202137,2021-09-18 00:00:00,2081.0,13.0,6235410,624956.0,14049.0
202138,2021-09-19 00:00:00,2521.0,16.0,6235410,627477.0,14065.0
202138,2021-09-20 00:00:00,3436.0,8.0,6235410,630913.0,14073.0
202138,2021-09-21 00:00:00,3320.0,11.0,6235410,634233.0,14084.0
202138,2021-09-22 00:00:00,2989.0,13.0,6235410,637222.0,14097.0
202138,2021-09-23 00:00:00,2828.0,7.0,6235410,640050.0,14104.0
202138,2021-09-24 00:00:00,2734.0,7.0,6235410,642784.0,14111.0
202138,2021-09-25 00:00:00,2472.0,2.0,6235410,645256.0,14113.0
202139,2021-09-26 00:00:00,3039.0,5.0,6235410,648295.0,14118.0
202139,2021-09-27 00:00:00,3894.0,5.0,6235410,652189.0,14123.0
202139,2021-09-28 00:00:00,3525.0,4.0,6235410,655714.0,14127.0
202139,2021-09-29 00:00:00,3216.0,5.0,6235410,658930.0,14132.0
202139,2021-09-30 00:00:00,2795.0,5.0,6235410,661725.0,14137.0
202139,2021-10-01 00:00:00,2598.0,8.0,6235410,664323.0,14145.0
202139,2021-10-02 00:00:00,2374.0,5.0,6235410,666697.0,14150.0
202140,2021-10-03 00:00:00,3178.0,6.0,6235410,669875.0,14156.0
202140,2021-10-04 00:00:00,4349.0,6.0,6235410,674224.0,14162.0
202140,2021-10-05 00:00:00,3634.0,9.0,6235410,677858.0,14171.0
202140,2021-10-06 00:00:00,3878.0,8.0,6235410,681736.0,14179.0
202140,2021-10-07 00:00:00,3836.0,5.0,6235410,685572.0,14184.0
202140,2021-10-08 00:00:00,3430.0,9.0,6235410,689002.0,14193.0
202140,2021-10-09 00:00:00,3228.0,6.0,6235410,692230.0,14199.0
202141,2021-10-10 00:00:00,3949.0,3.0,6235410,696179.0,14202.0
202141,2021-10-11 00:00:00,5302.0,8.0,6235410,701481.0,14210.0
202141,2021-10-12 00:00:00,4622.0,8.0,6235410,706103.0,14218.0
202141,2021-10-13 00:00:00,4831.0,6.0,6235410,710934.0,14224.0
202141,2021-10-14 00:00:00,4526.0,5.0,6235410,715460.0,14229.0
202141,2021-10-15 00:00:00,3997.0,10.0,6235410,719457.0,14239.0
202141,2021-10-16 00:00:00,3541.0,12.0,6235410,722998.0,14251.0
202142,2021-10-17 00:00:00,4671.0,8.0,6235410,727669.0,14259.0
202142,2021-10-18 00:00:00,5935.0,9.0,6235410,733604.0,14268.0
202142,2021-10-19 00:00:00,5512.0,15.0,6235410,739116.0,14283.0
202142,2021-10-20 00:00:00,5339.0,10.0,6235410,744455.0,14293.0
202142,2021-10-21 00:00:00,4516.0,12.0,6235410,748971.0,14305.0
202142,2021-10-22 00:00:00,4059.0,11.0,6235410,753030.0,14316.0
202142,2021-10-23 00:00:00,3551.0,15.0,6235410,756581.0,14331.0
202143,2021-10-24 00:00:00,3703.0,17.0,6235410,760284.0,14348.0
202143,2021-10-25 00:00:00,4891.0,18.0,6235410,765175.0,14366.0
202143,2021-10-26 00:00:00,4288.0,12.0,6235410,769463.0,14378.0
202143,2021-10-27 00:00:00,4328.0,17.0,6235410,773791.0,14395.0
202143,2021-10-28 00:00:00,4011.0,15.0,6235410,777802.0,14410.0
202143,2021-10-29 00:00:00,4038.0,21.0,6235410,781840.0,14431.0
202143,2021-10-30 00:00:00,3402.0,15.0,6235410,785242.0,14446.0
202144,2021-10-31 00:00:00,3636.0,14.0,6235410,788878.0,14460.0
202144,2021-11-01 00:00:00,4401.0,15.0,6235410,793279.0,14475.0
202144,2021-11-02 00:00:00,3724.0,12.0,6235410,797003.0,14487.0
202144,2021-11-03 00:00:00,3353.0,20.0,6235410,800356.0,14507.0
202144,2021-11-04 00:00:00,3139.0,8.0,6235410,803495.0,14515.0
202144,2021-11-05 00:00:00,2645.0,11.0,6235410,806140.0,14526.0
202144,2021-11-06 00:00:00,2605.0,11.0,6235410,808745.0,14537.0
202145,2021-11-07 00:00:00,2823.0,11.0,6235410,811568.0,14548.0
202145,2021-11-08 00:00:00,4072.0,12.0,6235410,815640.0,14560.0
202145,2021-11-09 00:00:00,4087.0,14.0,6235410,819727.0,14574.0
202145,2021-11-10 00:00:00,4101.0,14.0,6235410,823828.0,14588.0
202145,2021-11-11 00:00:00,3968.0,11.0,6235410,827796.0,14599.0
202145,2021-11-12 00:00:00,3611.0,13.0,6235410,831407.0,14612.0
202145,2021-11-13 00:00:00,3243.0,10.0,6235410,834650.0,14622.0
202146,2021-11-14 00:00:00,3615.0,11.0,6235410,838265.0,14633.0
202146,2021-11-15 00:00:00,4931.0,15.0,6235410,843196.0,14648.0
202146,2021-11-16 00:00:00,4503.0,9.0,6235410,847699.0,14657.0
202146,2021-11-17 00:00:00,4468.0,10.0,6235410,852167.0,14667.0
202146,2021-11-18 00:00:00,4198.0,12.0,6235410,856365.0,14679.0
202146,2021-11-19 00:00:00,3755.0,17.0,6235410,860120.0,14696.0
202146,2021-11-20 00:00:00,3624.0,14.0,6235410,863744.0,14710.0
202147,2021-11-21 00:00:00,3795.0,16.0,6235410,867539.0,14726.0
202147,2021-11-22 00:00:00,5062.0,11.0,6235410,872601.0,14737.0
202147,2021-11-23 00:00:00,4927.0,20.0,6235410,877528.0,14757.0
202147,2021-11-24 00:00:00,4801.0,8.0,6235410,882329.0,14765.0
202147,2021-11-25 00:00:00,4336.0,10.0,6235410,886665.0,14775.0
202147,2021-11-26 00:00:00,4022.0,8.0,6235410,890687.0,14783.0
202147,2021-11-27 00:00:00,3565.0,11.0,6235410,894252.0,14794.0
202148,2021-11-28 00:00:00,4271.0,10.0,6235410,898523.0,14804.0
202148,2021-11-29 00:00:00,5763.0,10.0,6235410,904286.0,14814.0
202148,2021-11-30 00:00:00,5954.0,3.0,6235410,910240.0,14817.0
202148,2021-12-01 00:00:00,5829.0,12.0,6235410,916069.0,14829.0
202148,2021-12-02 00:00:00,5221.0,11.0,6235410,921290.0,14840.0
202148,2021-12-03 00:00:00,4776.0,14.0,6235410,926066.0,14854.0
202148,2021-12-04 00:00:00,3974.0,19.0,6235410,930040.0,14873.0
202149,2021-12-05 00:00:00,4178.0,8.0,6235410,934218.0,14881.0
202149,2021-12-06 00:00:00,6056.0,11.0,6235410,940274.0,14892.0
202149,2021-12-07 00:00:00,5900.0,8.0,6235410,946174.0,14900.0
202149,2021-12-08 00:00:00,5970.0,12.0,6235410,952144.0,14912.0
202149,2021-12-09 00:00:00,5988.0,7.0,6235410,958132.0,14919.0
202149,2021-12-10 00:00:00,5502.0,10.0,6235410,963634.0,14929.0
202149,2021-12-11 00:00:00,5408.0,8.0,6235410,969042.0,14937.0
202150,2021-12-12 00:00:00,5817.0,7.0,6235410,974859.0,14944.0
202150,2021-12-13 00:00:00,9134.0,10.0,6235410,983993.0,14954.0
202150,2021-12-14 00:00:00,11052.0,9.0,6235410,995045.0,14963.0
202150,2021-12-15 00:00:00,11940.0,10.0,6235410,1.006985e6,14973.0
202150,2021-12-16 00:00:00,11255.0,10.0,6235410,1.01824e6,14983.0
202150,2021-12-17 00:00:00,10095.0,15.0,6235410,1.028335e6,14998.0
202150,2021-12-18 00:00:00,9632.0,7.0,6235410,1.037967e6,15005.0
202151,2021-12-19 00:00:00,9810.0,10.0,6235410,1.047777e6,15015.0
202151,2021-12-20 00:00:00,14374.0,14.0,6235410,1.062151e6,15029.0
202151,2021-12-21 00:00:00,15678.0,10.0,6235410,1.077829e6,15039.0
202151,2021-12-22 00:00:00,16364.0,13.0,6235410,1.094193e6,15052.0
202151,2021-12-23 00:00:00,16140.0,16.0,6235410,1.110333e6,15068.0
202151,2021-12-24 00:00:00,13719.0,16.0,6235410,1.124052e6,15084.0
202151,2021-12-25 00:00:00,6938.0,5.0,6235410,1.13099e6,15089.0
202152,2021-12-26 00:00:00,11092.0,11.0,6235410,1.142082e6,15100.0
202152,2021-12-27 00:00:00,17912.0,12.0,6235410,1.159994e6,15112.0
202152,2021-12-28 00:00:00,18525.0,18.0,6235410,1.178519e6,15130.0
202152,2021-12-29 00:00:00,23990.0,9.0,6235410,1.202509e6,15139.0
202152,2021-12-30 00:00:00,19865.0,17.0,6235410,1.222374e6,15156.0
202152,2021-12-31 00:00:00,15436.0,14.0,6235410,1.23781e6,15170.0
202152,2022-01-01 00:00:00,9613.0,14.0,6235410,1.247423e6,15184.0
202201,2022-01-02 00:00:00,14371.0,22.0,6235410,1.261794e6,15206.0
202201,2022-01-03 00:00:00,18315.0,21.0,6235410,1.280109e6,15227.0
202201,2022-01-04 00:00:00,21971.0,20.0,6235410,1.30208e6,15247.0
202201,2022-01-05 00:00:00,16398.0,28.0,6235410,1.318478e6,15275.0
202201,2022-01-06 00:00:00,14005.0,20.0,6235410,1.332483e6,15295.0
202201,2022-01-07 00:00:00,9615.0,21.0,6235410,1.342098e6,15316.0
202201,2022-01-08 00:00:00,7589.0,21.0,6235410,1.349687e6,15337.0
202202,2022-01-09 00:00:00,7945.0,25.0,6235410,1.357632e6,15362.0
202202,2022-01-10 00:00:00,10896.0,35.0,6235410,1.368528e6,15397.0
202202,2022-01-11 00:00:00,9645.0,28.0,6235410,1.378173e6,15425.0
202202,2022-01-12 00:00:00,8865.0,20.0,6235410,1.387038e6,15445.0
202202,2022-01-13 00:00:00,8688.0,25.0,6235410,1.395726e6,15470.0
202202,2022-01-14 00:00:00,7864.0,34.0,6235410,1.40359e6,15504.0
202202,2022-01-15 00:00:00,7360.0,17.0,6235410,1.41095e6,15521.0
202203,2022-01-16 00:00:00,9621.0,20.0,6235410,1.420571e6,15541.0
202203,2022-01-17 00:00:00,12802.0,28.0,6235410,1.433373e6,15569.0
202203,2022-01-18 00:00:00,11609.0,22.0,6235410,1.444982e6,15591.0
202203,2022-01-19 00:00:00,11381.0,32.0,6235410,1.456363e6,15623.0
202203,2022-01-20 00:00:00,10073.0,22.0,6235410,1.466436e6,15645.0
202203,2022-01-21 00:00:00,9534.0,26.0,6235410,1.47597e6,15671.0
202203,2022-01-22 00:00:00,8666.0,26.0,6235410,1.484636e6,15697.0
202204,2022-01-23 00:00:00,10773.0,27.0,6235410,1.495409e6,15724.0
202204,2022-01-24 00:00:00,13174.0,25.0,6235410,1.508583e6,15749.0
202204,2022-01-25 00:00:00,11568.0,28.0,6235410,1.520151e6,15777.0
202204,2022-01-26 00:00:00,11062.0,24.0,6235410,1.531213e6,15801.0
202204,2022-01-27 00:00:00,10026.0,20.0,6235410,1.541239e6,15821.0
202204,2022-01-28 00:00:00,8813.0,17.0,6235410,1.550052e6,15838.0
202204,2022-01-29 00:00:00,8068.0,29.0,6235410,1.55812e6,15867.0
202205,2022-01-30 00:00:00,9578.0,21.0,6235410,1.567698e6,15888.0
202205,2022-01-31 00:00:00,10853.0,27.0,6235410,1.578551e6,15915.0
202205,2022-02-01 00:00:00,9585.0,21.0,6235410,1.588136e6,15936.0
202205,2022-02-02 00:00:00,9145.0,20.0,6235410,1.597281e6,15956.0
202205,2022-02-03 00:00:00,7929.0,15.0,6235410,1.60521e6,15971.0
202205,2022-02-04 00:00:00,6624.0,26.0,6235410,1.611834e6,15997.0
202205,2022-02-05 00:00:00,5508.0,20.0,6235410,1.617342e6,16017.0
202206,2022-02-06 00:00:00,6386.0,20.0,6235410,1.623728e6,16037.0
202206,2022-02-07 00:00:00,7705.0,21.0,6235410,1.631433e6,16058.0
202206,2022-02-08 00:00:00,6738.0,13.0,6235410,1.638171e6,16071.0
202206,2022-02-09 00:00:00,6220.0,22.0,6235410,1.644391e6,16093.0
202206,2022-02-10 00:00:00,5117.0,21.0,6235410,1.649508e6,16114.0
202206,2022-02-11 00:00:00,4379.0,13.0,6235410,1.653887e6,16127.0
202206,2022-02-12 00:00:00,3527.0,20.0,6235410,1.657414e6,16147.0
202207,2022-02-13 00:00:00,3873.0,17.0,6235410,1.661287e6,16164.0
202207,2022-02-14 00:00:00,4999.0,15.0,6235410,1.666286e6,16179.0
202207,2022-02-15 00:00:00,4925.0,24.0,6235410,1.671211e6,16203.0
202207,2022-02-16 00:00:00,4961.0,13.0,6235410,1.676172e6,16216.0
202207,2022-02-17 00:00:00,4294.0,12.0,6235410,1.680466e6,16228.0
202207,2022-02-18 00:00:00,3269.0,13.0,6235410,1.683735e6,16241.0
202207,2022-02-19 00:00:00,3787.0,14.0,6235410,1.687522e6,16255.0
202208,2022-02-20 00:00:00,4139.0,16.0,6235410,1.691661e6,16271.0
202208,2022-02-21 00:00:00,4427.0,13.0,6235410,1.696088e6,16284.0
202208,2022-02-22 00:00:00,3646.0,15.0,6235410,1.699734e6,16299.0
202208,2022-02-23 00:00:00,3399.0,13.0,6235410,1.703133e6,16312.0
202208,2022-02-24 00:00:00,2802.0,14.0,6235410,1.705935e6,16326.0
202208,2022-02-25 00:00:00,2373.0,12.0,6235410,1.708308e6,16338.0
202208,2022-02-26 00:00:00,2180.0,12.0,6235410,1.710488e6,16350.0
202209,2022-02-27 00:00:00,2873.0,11.0,6235410,1.713361e6,16361.0
202209,2022-02-28 00:00:00,3980.0,20.0,6235410,1.717341e6,16381.0
202209,2022-03-01 00:00:00,4245.0,14.0,6235410,1.721586e6,16395.0
202209,2022-03-02 00:00:00,4445.0,23.0,6235410,1.726031e6,16418.0
202209,2022-03-03 00:00:00,4274.0,19.0,6235410,1.730305e6,16437.0
202209,2022-03-04 00:00:00,4201.0,15.0,6235410,1.734506e6,16452.0
202209,2022-03-05 00:00:00,3950.0,15.0,6235410,1.738456e6,16467.0
202210,2022-03-06 00:00:00,5211.0,9.0,6235410,1.743667e6,16476.0
202210,2022-03-07 00:00:00,7162.0,10.0,6235410,1.750829e6,16486.0
202210,2022-03-08 00:00:00,7152.0,15.0,6235410,1.757981e6,16501.0
202210,2022-03-09 00:00:00,7666.0,17.0,6235410,1.765647e6,16518.0
202210,2022-03-10 00:00:00,7414.0,17.0,6235410,1.773061e6,16535.0
202210,2022-03-11 00:00:00,7118.0,14.0,6235410,1.780179e6,16549.0
202210,2022-03-12 00:00:00,6966.0,18.0,6235410,1.787145e6,16567.0
202211,2022-03-13 00:00:00,8586.0,16.0,6235410,1.795731e6,16583.0
202211,2022-03-14 00:00:00,10604.0,16.0,6235410,1.806335e6,16599.0
202211,2022-03-15 00:00:00,9863.0,24.0,6235410,1.816198e6,16623.0
202211,2022-03-16 00:00:00,9929.0,14.0,6235410,1.826127e6,16637.0
202211,2022-03-17 00:00:00,8910.0,21.0,6235410,1.835037e6,16658.0
202211,2022-03-18 00:00:00,7875.0,19.0,6235410,1.842912e6,16677.0
202211,2022-03-19 00:00:00,6934.0,17.0,6235410,1.849846e6,16694.0
202212,2022-03-20 00:00:00,8405.0,14.0,6235410,1.858251e6,16708.0
202212,2022-03-21 00:00:00,10967.0,18.0,6235410,1.869218e6,16726.0
202212,2022-03-22 00:00:00,9917.0,21.0,6235410,1.879135e6,16747.0
202212,2022-03-23 00:00:00,9558.0,23.0,6235410,1.888693e6,16770.0
202212,2022-03-24 00:00:00,8451.0,22.0,6235410,1.897144e6,16792.0
202212,2022-03-25 00:00:00,7259.0,25.0,6235410,1.904403e6,16817.0
202212,2022-03-26 00:00:00,6226.0,32.0,6235410,1.910629e6,16849.0
202213,2022-03-27 00:00:00,7084.0,26.0,6235410,1.917713e6,16875.0
202213,2022-03-28 00:00:00,9311.0,22.0,6235410,1.927024e6,16897.0
202213,2022-03-29 00:00:00,7965.0,26.0,6235410,1.934989e6,16923.0
202213,2022-03-30 00:00:00,7209.0,35.0,6235410,1.942198e6,16958.0
202213,2022-03-31 00:00:00,5627.0,27.0,6235410,1.947825e6,16985.0
202213,2022-04-01 00:00:00,4792.0,24.0,6235410,1.952617e6,17009.0
202213,2022-04-02 00:00:00,3730.0,39.0,6235410,1.956347e6,17048.0
202214,2022-04-03 00:00:00,4126.0,25.0,6235410,1.960473e6,17073.0
202214,2022-04-04 00:00:00,5197.0,22.0,6235410,1.96567e6,17095.0
202214,2022-04-05 00:00:00,4725.0,22.0,6235410,1.970395e6,17117.0
202214,2022-04-06 00:00:00,4299.0,21.0,6235410,1.974694e6,17138.0
202214,2022-04-07 00:00:00,3725.0,40.0,6235410,1.978419e6,17178.0
202214,2022-04-08 00:00:00,3198.0,25.0,6235410,1.981617e6,17203.0
202214,2022-04-09 00:00:00,2714.0,39.0,6235410,1.984331e6,17242.0
202215,2022-04-10 00:00:00,2968.0,21.0,6235410,1.987299e6,17263.0
202215,2022-04-11 00:00:00,3627.0,20.0,6235410,1.990926e6,17283.0
202215,2022-04-12 00:00:00,3298.0,29.0,6235410,1.994224e6,17312.0
202215,2022-04-13 00:00:00,3046.0,27.0,6235410,1.99727e6,17339.0
202215,2022-04-14 00:00:00,2527.0,24.0,6235410,1.999797e6,17363.0
202215,2022-04-15 00:00:00,2060.0,19.0,6235410,2.001857e6,17382.0
202215,2022-04-16 00:00:00,1777.0,27.0,6235410,2.003634e6,17409.0
202216,2022-04-17 00:00:00,1876.0,19.0,6235410,2.00551e6,17428.0
202216,2022-04-18 00:00:00,2412.0,21.0,6235410,2.007922e6,17449.0
202216,2022-04-19 00:00:00,2542.0,19.0,6235410,2.010464e6,17468.0
202216,2022-04-20 00:00:00,2046.0,29.0,6235410,2.01251e6,17497.0
202216,2022-04-21 00:00:00,1786.0,21.0,6235410,2.014296e6,17518.0
202216,2022-04-22 00:00:00,1418.0,31.0,6235410,2.015714e6,17549.0
202216,2022-04-23 00:00:00,1177.0,19.0,6235410,2.016891e6,17568.0
202217,2022-04-24 00:00:00,1391.0,21.0,6235410,2.018282e6,17589.0
202217,2022-04-25 00:00:00,1560.0,22.0,6235410,2.019842e6,17611.0
202217,2022-04-26 00:00:00,1290.0,11.0,6235410,2.021132e6,17622.0
202217,2022-04-27 00:00:00,1179.0,16.0,6235410,2.022311e6,17638.0
202217,2022-04-28 00:00:00,1113.0,24.0,6235410,2.023424e6,17662.0
202217,2022-04-29 00:00:00,1022.0,26.0,6235410,2.024446e6,17688.0
202217,2022-04-30 00:00:00,748.0,16.0,6235410,2.025194e6,17704.0
202218,2022-05-01 00:00:00,907.0,21.0,6235410,2.026101e6,17725.0
202218,2022-05-02 00:00:00,1228.0,18.0,6235410,2.027329e6,17743.0
202218,2022-05-03 00:00:00,1361.0,14.0,6235410,2.02869e6,17757.0
202218,2022-05-04 00:00:00,1163.0,16.0,6235410,2.029853e6,17773.0
202218,2022-05-05 00:00:00,935.0,7.0,6235410,2.030788e6,17780.0
202218,2022-05-06 00:00:00,884.0,17.0,6235410,2.031672e6,17797.0
202218,2022-05-07 00:00:00,719.0,20.0,6235410,2.032391e6,17817.0
202219,2022-05-08 00:00:00,893.0,8.0,6235410,2.033284e6,17825.0
202219,2022-05-09 00:00:00,958.0,14.0,6235410,2.034242e6,17839.0
202219,2022-05-10 00:00:00,936.0,10.0,6235410,2.035178e6,17849.0
202219,2022-05-11 00:00:00,878.0,13.0,6235410,2.036056e6,17862.0
202219,2022-05-12 00:00:00,725.0,11.0,6235410,2.036781e6,17873.0
202219,2022-05-13 00:00:00,602.0,9.0,6235410,2.037383e6,17882.0
202219,2022-05-14 00:00:00,537.0,12.0,6235410,2.03792e6,17894.0
202220,2022-05-15 00:00:00,732.0,6.0,6235410,2.038652e6,17900.0
202220,2022-05-16 00:00:00,879.0,6.0,6235410,2.039531e6,17906.0
202220,2022-05-17 00:00:00,776.0,18.0,6235410,2.040307e6,17924.0
202220,2022-05-18 00:00:00,684.0,8.0,6235410,2.040991e6,17932.0
202220,2022-05-19 00:00:00,624.0,11.0,6235410,2.041615e6,17943.0
202220,2022-05-20 00:00:00,537.0,6.0,6235410,2.042152e6,17949.0
202220,2022-05-21 00:00:00,438.0,8.0,6235410,2.04259e6,17957.0
202221,2022-05-22 00:00:00,567.0,8.0,6235410,2.043157e6,17965.0
202221,2022-05-23 00:00:00,719.0,13.0,6235410,2.043876e6,17978.0
202221,2022-05-24 00:00:00,606.0,7.0,6235410,2.044482e6,17985.0
202221,2022-05-25 00:00:00,575.0,1.0,6235410,2.045057e6,17986.0
202221,2022-05-26 00:00:00,520.0,5.0,6235410,2.045577e6,17991.0
202221,2022-05-27 00:00:00,467.0,4.0,6235410,2.046044e6,17995.0
202221,2022-05-28 00:00:00,419.0,7.0,6235410,2.046463e6,18002.0
202222,2022-05-29 00:00:00,494.0,5.0,6235410,2.046957e6,18007.0
202222,2022-05-30 00:00:00,604.0,7.0,6235410,2.047561e6,18014.0
202222,2022-05-31 00:00:00,601.0,9.0,6235410,2.048162e6,18023.0
202222,2022-06-01 00:00:00,624.0,6.0,6235410,2.048786e6,18029.0
202222,2022-06-02 00:00:00,586.0,8.0,6235410,2.049372e6,18037.0
202222,2022-06-03 00:00:00,614.0,5.0,6235410,2.049986e6,18042.0
202222,2022-06-04 00:00:00,697.0,12.0,6235410,2.050683e6,18054.0
202223,2022-06-05 00:00:00,945.0,9.0,6235410,2.051628e6,18063.0
202223,2022-06-06 00:00:00,1054.0,6.0,6235410,2.052682e6,18069.0
202223,2022-06-07 00:00:00,1010.0,4.0,6235410,2.053692e6,18073.0
202223,2022-06-08 00:00:00,1078.0,4.0,6235410,2.05477e6,18077.0
202223,2022-06-09 00:00:00,1078.0,5.0,6235410,2.055848e6,18082.0
202223,2022-06-10 00:00:00,1004.0,6.0,6235410,2.056852e6,18088.0
202223,2022-06-11 00:00:00,939.0,9.0,6235410,2.057791e6,18097.0
202224,2022-06-12 00:00:00,1243.0,4.0,6235410,2.059034e6,18101.0
202224,2022-06-13 00:00:00,1478.0,4.0,6235410,2.060512e6,18105.0
202224,2022-06-14 00:00:00,1417.0,5.0,6235410,2.061929e6,18110.0
202224,2022-06-15 00:00:00,1360.0,4.0,6235410,2.063289e6,18114.0
202224,2022-06-16 00:00:00,1383.0,9.0,6235410,2.064672e6,18123.0
202224,2022-06-17 00:00:00,1298.0,5.0,6235410,2.06597e6,18128.0
202224,2022-06-18 00:00:00,1361.0,11.0,6235410,2.067331e6,18139.0
202225,2022-06-19 00:00:00,1710.0,9.0,6235410,2.069041e6,18148.0
202225,2022-06-20 00:00:00,1923.0,5.0,6235410,2.070964e6,18153.0
202225,2022-06-21 00:00:00,2083.0,9.0,6235410,2.073047e6,18162.0
202225,2022-06-22 00:00:00,2137.0,9.0,6235410,2.075184e6,18171.0
202225,2022-06-23 00:00:00,2033.0,4.0,6235410,2.077217e6,18175.0
202225,2022-06-24 00:00:00,1838.0,7.0,6235410,2.079055e6,18182.0
202225,2022-06-25 00:00:00,1791.0,10.0,6235410,2.080846e6,18192.0
202226,2022-06-26 00:00:00,2170.0,8.0,6235410,2.083016e6,18200.0
202226,2022-06-27 00:00:00,2520.0,8.0,6235410,2.085536e6,18208.0
202226,2022-06-28 00:00:00,2501.0,13.0,6235410,2.088037e6,18221.0
202226,2022-06-29 00:00:00,2470.0,8.0,6235410,2.090507e6,18229.0
202226,2022-06-30 00:00:00,2509.0,8.0,6235410,2.093016e6,18237.0
202226,2022-07-01 00:00:00,2357.0,12.0,6235410,2.095373e6,18249.0
202226,2022-07-02 00:00:00,2268.0,13.0,6235410,2.097641e6,18262.0
202227,2022-07-03 00:00:00,3157.0,15.0,6235410,2.100798e6,18277.0
202227,2022-07-04 00:00:00,3681.0,14.0,6235410,2.104479e6,18291.0
202227,2022-07-05 00:00:00,3409.0,12.0,6235410,2.107888e6,18303.0
202227,2022-07-06 00:00:00,3189.0,21.0,6235410,2.111077e6,18324.0
202227,2022-07-07 00:00:00,2817.0,13.0,6235410,2.113894e6,18337.0
202227,2022-07-08 00:00:00,2697.0,15.0,6235410,2.116591e6,18352.0
202227,2022-07-09 00:00:00,2364.0,15.0,6235410,2.118955e6,18367.0
202228,2022-07-10 00:00:00,2814.0,12.0,6235410,2.121769e6,18379.0
202228,2022-07-11 00:00:00,3281.0,19.0,6235410,2.12505e6,18398.0
202228,2022-07-12 00:00:00,2952.0,18.0,6235410,2.128002e6,18416.0
202228,2022-07-13 00:00:00,2714.0,15.0,6235410,2.130716e6,18431.0
202228,2022-07-14 00:00:00,2280.0,10.0,6235410,2.132996e6,18441.0
202228,2022-07-15 00:00:00,2036.0,18.0,6235410,2.135032e6,18459.0
202228,2022-07-16 00:00:00,1630.0,11.0,6235410,2.136662e6,18470.0
202229,2022-07-17 00:00:00,1886.0,23.0,6235410,2.138548e6,18493.0
202229,2022-07-18 00:00:00,1964.0,18.0,6235410,2.140512e6,18511.0
202229,2022-07-19 00:00:00,1739.0,31.0,6235410,2.142251e6,18542.0
202229,2022-07-20 00:00:00,1629.0,27.0,6235410,2.14388e6,18569.0
202229,2022-07-21 00:00:00,1496.0,15.0,6235410,2.145376e6,18584.0
202229,2022-07-22 00:00:00,1318.0,19.0,6235410,2.146694e6,18603.0
202229,2022-07-23 00:00:00,1003.0,13.0,6235410,2.147697e6,18616.0
202230,2022-07-24 00:00:00,1186.0,17.0,6235410,2.148883e6,18633.0
202230,2022-07-25 00:00:00,1361.0,17.0,6235410,2.150244e6,18650.0
202230,2022-07-26 00:00:00,1136.0,13.0,6235410,2.15138e6,18663.0
202230,2022-07-27 00:00:00,1052.0,23.0,6235410,2.152432e6,18686.0
202230,2022-07-28 00:00:00,917.0,22.0,6235410,2.153349e6,18708.0
202230,2022-07-29 00:00:00,856.0,21.0,6235410,2.154205e6,18729.0
202230,2022-07-30 00:00:00,740.0,14.0,6235410,2.154945e6,18743.0
202231,2022-07-31 00:00:00,855.0,9.0,6235410,2.1558e6,18752.0
202231,2022-08-01 00:00:00,1038.0,16.0,6235410,2.156838e6,18768.0
202231,2022-08-02 00:00:00,885.0,10.0,6235410,2.157723e6,18778.0
202231,2022-08-03 00:00:00,863.0,14.0,6235410,2.158586e6,18792.0
202231,2022-08-04 00:00:00,693.0,15.0,6235410,2.159279e6,18807.0
202231,2022-08-05 00:00:00,614.0,10.0,6235410,2.159893e6,18817.0
202231,2022-08-06 00:00:00,531.0,10.0,6235410,2.160424e6,18827.0
202232,2022-08-07 00:00:00,647.0,13.0,6235410,2.161071e6,18840.0
202232,2022-08-08 00:00:00,827.0,13.0,6235410,2.161898e6,18853.0
202232,2022-08-09 00:00:00,688.0,14.0,6235410,2.162586e6,18867.0
202232,2022-08-10 00:00:00,689.0,10.0,6235410,2.163275e6,18877.0
202232,2022-08-11 00:00:00,581.0,13.0,6235410,2.163856e6,18890.0
202232,2022-08-12 00:00:00,523.0,12.0,6235410,2.164379e6,18902.0
202232,2022-08-13 00:00:00,452.0,14.0,6235410,2.164831e6,18916.0
202233,2022-08-14 00:00:00,521.0,6.0,6235410,2.165352e6,18922.0
202233,2022-08-15 00:00:00,614.0,15.0,6235410,2.165966e6,18937.0
202233,2022-08-16 00:00:00,564.0,9.0,6235410,2.16653e6,18946.0
202233,2022-08-17 00:00:00,556.0,9.0,6235410,2.167086e6,18955.0
202233,2022-08-18 00:00:00,447.0,11.0,6235410,2.167533e6,18966.0
202233,2022-08-19 00:00:00,386.0,10.0,6235410,2.167919e6,18976.0
202233,2022-08-20 00:00:00,362.0,12.0,6235410,2.168281e6,18988.0
202234,2022-08-21 00:00:00,424.0,10.0,6235410,2.168705e6,18998.0
202234,2022-08-22 00:00:00,492.0,8.0,6235410,2.169197e6,19006.0
202234,2022-08-23 00:00:00,469.0,9.0,6235410,2.169666e6,19015.0
202234,2022-08-24 00:00:00,417.0,6.0,6235410,2.170083e6,19021.0
202234,2022-08-25 00:00:00,356.0,7.0,6235410,2.170439e6,19028.0
202234,2022-08-26 00:00:00,335.0,8.0,6235410,2.170774e6,19036.0
202234,2022-08-27 00:00:00,270.0,8.0,6235410,2.171044e6,19044.0
202235,2022-08-28 00:00:00,327.0,10.0,6235410,2.171371e6,19054.0
202235,2022-08-29 00:00:00,456.0,6.0,6235410,2.171827e6,19060.0
202235,2022-08-30 00:00:00,496.0,8.0,6235410,2.172323e6,19068.0
202235,2022-08-31 00:00:00,440.0,7.0,6235410,2.172763e6,19075.0
202235,2022-09-01 00:00:00,500.0,9.0,6235410,2.173263e6,19084.0
202235,2022-09-02 00:00:00,361.0,7.0,6235410,2.173624e6,19091.0
202235,2022-09-03 00:00:00,355.0,7.0,6235410,2.173979e6,19098.0
202236,2022-09-04 00:00:00,415.0,6.0,6235410,2.174394e6,19104.0
202236,2022-09-05 00:00:00,489.0,6.0,6235410,2.174883e6,19110.0
202236,2022-09-06 00:00:00,455.0,3.0,6235410,2.175338e6,19113.0
202236,2022-09-07 00:00:00,368.0,6.0,6235410,2.175706e6,19119.0
202236,2022-09-08 00:00:00,335.0,3.0,6235410,2.176041e6,19122.0
202236,2022-09-09 00:00:00,308.0,2.0,6235410,2.176349e6,19124.0
202236,2022-09-10 00:00:00,296.0,0.0,6235410,2.176645e6,19124.0
202237,2022-09-11 00:00:00,429.0,3.0,6235410,2.177074e6,19127.0
202237,2022-09-12 00:00:00,505.0,2.0,6235410,2.177579e6,19129.0
